'001Hr00002650psIAA',
'001Hr00002650pTIAQ',
'001Hr00002650pOIAQ',
'001Hr00002650nmIAA',
'001Hr00002650moIAA',
'001Hr00002650kiIAA',
'001Hr00002650TUIAY',
'001Hr00002650SWIAY',
'001Hr00002650QGIAY',
'001Hr00002650L1IAI',
'001Hr0000264yYsIAI',
'001Hr0000264xSZIAY',
'001Hr0000264xC7IAI',
'001Hr0000264xC7IAI',
'001Hr0000264vznIAA',
'001Hr0000264vz4IAA',
'001Hr0000264vz4IAA',
'001Hr0000264vz4IAA',
'001Hr0000264vxdIAA',
'001Hr0000264svxIAA',
'001Hr0000264sdeIAA',
'001Hr0000264sDtIAI',
'001Hr0000264s9YIAQ',
'001Hr0000264s9TIAQ',
'001Hr0000264s9OIAQ',
'001Hr0000264s9JIAQ',
'001Hr0000264reeIAA',
'001Hr0000264reUIAQ',
'001Hr0000264reKIAQ',
'001Hr0000264reFIAQ',
'001Hr0000264reAIAQ',
'001Hr0000264rKJIAY',
'001Hr0000264rKEIAY',
'001Hr0000264rFOIAY',
'001Hr0000264qv7IAA',
'001Hr0000264qsJIAQ',
'001Hr0000264qk4IAA',
'001Hr0000264qhUIAQ',
'001Hr0000264qbCIAQ',
'001Hr0000264pNgIAI',
'001Hr0000264mowIAA',
'001Hr0000264mdYIAQ',
'001Hr0000264mdJIAQ',
'001Hr0000264mODIAY',
'001Hr0000264mNjIAI',
'001Hr0000264mIKIAY',
'001Hr0000264lvCIAQ',
'001Hr0000264lu9IAA',
'001Hr0000264lnIIAQ',
'001Hr0000264lnDIAQ',
'001Hr0000264knVIAQ',
'001Hr0000264kUPIAY',
'001Hr0000264i3WIAQ',
'001Hr0000264geDIAQ',
'001Hr0000264gdZIAQ',
'001Hr0000264gd0IAA',
'001Hr0000264g44IAA',
'001Hr0000264dylIAA',
'001Hr0000264duyIAA',
'001Hr0000264dtWIAQ',
'001Hr0000264dpPIAQ',
'001Hr0000264dP2IAI',
'001Hr0000264dMNIAY',
'001Hr0000264dDAIAY',
'001Hr0000264dDAIAY',
'001Hr0000264dDAIAY',
'001Hr0000264d6IIAQ',
'001Hr0000264d5PIAQ',
'001Hr0000264d1sIAA',
'001Hr0000264cz2IAA',
'001Hr0000264cy4IAA',
'001Hr0000264cx6IAA',
'001Hr0000264b9eIAA',
'001Hr0000264b8qIAA',
'001Hr0000264b8MIAQ',
'001Hr0000264b7JIAQ',
'001Hr0000264arzIAA',
'001Hr0000264arCIAQ',
'001Hr0000264agEIAQ',
'001Hr0000264aGJIAY',
'001Hr0000264aFBIAY',
'001Hr0000264aEDIAY',
'001Hr0000264aClIAI',
'001Hr0000264aAuIAI',
'001Hr0000264a7vIAA',
'001Hr0000264a6sIAA',
'001Hr0000264a6TIAQ',
'001Hr0000264a0KIAQ',
'001Hr0000264Yx9IAE',
'001Hr0000264YpFIAU',
'001Hr0000264YoRIAU',
'001Hr0000264Ym3IAE',
'001Hr0000264YlwIAE',
'001Hr0000264YlrIAE',
'001Hr0000264YlmIAE',
'001Hr0000264YlhIAE',
'001Hr0000264YlcIAE',
'001Hr0000264YlXIAU',
'001Hr0000264Yk5IAE',
'001Hr0000264YixIAE',
'001Hr0000264YixIAE',
'001Hr0000264YhQIAU',
'001Hr0000264Yf5IAE',
'001Hr0000264Yf5IAE',
'001Hr0000264Yf5IAE',
'001Hr0000264YcGIAU',
'001Hr0000264YcBIAU',
'001Hr0000264Yc1IAE',
'001Hr0000264YbwIAE',
'001Hr0000264Yb9IAE',
'001Hr0000264YZlIAM',
'001Hr0000264YUHIA2',
'001Hr0000264YP5IAM',
'001Hr0000264YP0IAM',
'001Hr0000264YOqIAM',
'001Hr0000264YOlIAM',
'001Hr0000264YObIAM',
'001Hr0000264YNTIA2',
'001Hr0000264YIYIA2',
'001Hr0000264YIOIA2',
'001Hr0000264YIEIA2',
'001Hr0000264YI9IAM',
'001Hr0000264YHzIAM',
'001Hr0000264YHuIAM',
'001Hr0000264YHpIAM',
'001Hr0000264YDsIAM',
'001Hr0000264YDOIA2',
'001Hr0000264YCzIAM',
'001Hr0000264YCkIAM',
'001Hr0000264YCfIAM',
'001Hr0000264YCaIAM',
'001Hr0000264YCQIA2',
'001Hr0000264YCLIA2',
'001Hr0000264XrvIAE',
'001Hr0000264XdsIAE',
'001Hr0000264XddIAE',
'001Hr0000264XdTIAU',
'001Hr0000264XXuIAM',
'001Hr0000264WASIA2',
'001Hr0000264VwoIAE',
'001Hr0000264VwZIAU',
'001Hr0000264VYyIAM',
'001Hr0000264VY9IAM',
'001Hr0000264VVgIAM',
'001Hr0000264VMPIA2',
'001Hr0000264VMAIA2',
'001Hr0000264VLqIAM',
'001Hr0000264VLlIAM',
'001Hr0000264VKYIA2',
'001Hr0000264VK0IAM',
'001Hr0000264VCAIA2',
'001Hr0000264VC5IAM',
'001Hr0000264VBRIA2',
'001Hr0000264VBHIA2',
'001Hr0000264VBCIA2',
'001Hr0000264VAsIAM',
'001Hr0000264V5EIAU',
'001Hr0000264V54IAE',
'001Hr0000264V4zIAE',
'001Hr0000264V4uIAE',
'001Hr0000264V1qIAE',
'001Hr0000264UpQIAU',
'001Hr0000264UpLIAU',
'001Hr0000264UpGIAU',
'001Hr0000264Up6IAE',
'001Hr0000264UohIAE',
'001Hr0000264UoSIAU',
'001Hr0000264UnyIAE',
'001Hr0000264UcgIAE',
'001Hr0000264UbSIAU',
'001Hr0000264UMDIA2',
'001Hr0000264UJcIAM',
'001Hr0000264UGYIA2',
'001Hr0000264TxdIAE',
'001Hr0000264TxFIAU',
'001Hr0000264TxEIAU',
'001Hr0000264Tx9IAE',
'001Hr0000264TwQIAU',
'001Hr0000264Tw1IAE',
'001Hr0000264TlCIAU',
'001Hr0000264TeeIAE',
'001Hr0000264TdqIAE',
'001Hr0000264RIcIAM',
'001Hr0000264RHeIAM',
'001Hr0000264RHUIA2',
'001Hr0000264RCtIAM',
'001Hr0000264R2xIAE',
'001Hr0000264QadIAE',
'001Hr0000264PzFIAU',
'001Hr0000264Pv8IAE',
'001Hr0000264PhSIAU',
'001Hr0000264PdYIAU',
'001Hr0000264PcuIAE',
'001Hr0000264PS1IAM',
'001Hr0000264P75IAE',
'001Hr0000264P5TIAU',
'001Hr0000264P4kIAE',
'001Hr0000264P41IAE',
'001Hr0000264P2FIAU',
'001Hr0000264OoIIAU',
'001Hr0000264Od0IAE',
'001Hr0000264OI6IAM',
'001Hr0000264O1TIAU',
'001Hr0000264Nq1IAE',
'001Hr0000264NooIAE',
'001Hr0000264NUhIAM',
'001Hr0000264NQ1IAM',
'001Hr0000264NLVIA2',
'001Hr0000264MqSIAU',
'001Hr0000264LUjIAM',
'001Hr0000264LT2IAM',
'001Hr0000264LLNIA2',
'001Hr0000264JpOIAU',
'001Hr0000264JdHIAU',
'001Hr0000264JDNIA2',
'001Hr0000264JCyIAM',
'001Hr0000264JATIA2',
'001Hr0000264J7GIAU',
'001Hr0000264IsdIAE',
'001Hr0000264HxzIAE',
'001Hr0000264HdkIAE',
'001Hr0000264H81IAE',
'001Hr0000264Gw9IAE',
'001Hr0000264Gr9IAE',
'001Hr0000264GpSIAU',
'001Hr0000264GUJIA2',
'001Hr0000264GUJIA2',
'001Hr0000264GUJIA2',
'001Hr0000264GCSIA2',
'001Hr0000264G0GIAU',
'001Hr0000264FzSIAU',
'001Hr0000264FriIAE',
'001Hr0000264FUeIAM',
'001Hr0000264FPoIAM',
'001Hr0000264EuwIAE',
'001Hr0000264E99IAE',
'001Hr0000264DSfIAM',
'001Hr0000264DOiIAM',
'001Hr0000264CqyIAE',
'001Hr0000264CnVIAU',
'001Hr0000264CmcIAE',
'001Hr0000264CkSIAU',
'001Hr0000264CjOIAU',
'001Hr0000264CgZIAU',
'001Hr0000264CgFIAU',
'001Hr0000264CfqIAE',
'001Hr0000264CUiIAM',
'001Hr0000264CMjIAM',
'001Hr0000264CLRIA2',
'001Hr0000264CImIAM',
'001Hr0000264CF9IAM',
'001Hr0000264C8MIAU',
'001Hr0000264C6uIAE',
'001Hr0000264C4tIAE',
'001Hr0000264C3CIAU',
'001Hr0000264BycIAE',
'001Hr0000264BybIAE',
'001Hr0000264BtqIAE',
'001Hr0000264BqNIAU',
'001Hr0000264BhfIAE',
'001Hr0000264BhaIAE',
'001Hr0000264BevIAE',
'001Hr0000264BYOIA2',
'001Hr00002649uNIAQ',
'001Hr00002649iWIAQ',
'001Hr00002649H5IAI',
'001Hr00002649EpIAI',
'001Hr00002648vkIAA',
'001Hr00002648uSIAQ',
'001Hr00002648uSIAQ',
'001Hr00002648X2IAI',
'001Hr00002648VzIAI',
'001Hr00002648L1IAI',
'001Hr00002647uDIAQ',
'001Hr00002647uDIAQ',
'001Hr00002647uDIAQ',
'001Hr000026479LIAQ',
'001Hr00002646NOIAY',
'001Hr0000264675IAA',
'001Hr00002645KBIAY',
'001Hr00002645E8IAI',
'001Hr000026457WIAQ',
'001Hr000026450VIAQ',
'001Hr00002644aMIAQ',
'001Hr00002644a7IAA',
'001Hr00002644YBIAY',
'001Hr00002644KkIAI',
'001Hr00002644D2IAI',
'001Hr000026446SIAQ',
'001Hr000026445tIAA',
'001Hr000026444RIAQ',
'001Hr00002643deIAA',
'001Hr00002643biIAA',
'001Hr00002642rWIAQ',
'001Hr00002642mbIAA',
'001Hr00002642lEIAQ',
'001Hr00002642Z3IAI',
'001Hr00002642NMIAY',
'001Hr00002642N7IAI',
'001Hr00002642M9IAI',
'001Hr00002642J0IAI',
'001Hr00002642IOIAY',
'001Hr000026427iIAA',
'001Hr000026427YIAQ',
'001Hr000026427OIAQ',
'001Hr0000264211IAA',
'001Hr000026420wIAA',
'001Hr00002641nnIAA',
'001Hr00002641koIAA',
'001Hr00002641keIAA',
'001Hr00002641VjIAI',
'001Hr00002641VeIAI',
'001Hr00002641VZIAY',
'001Hr00002641VUIAY',
'001Hr00002641VAIAY',
'001Hr00002641TxIAI',
'001Hr00002641OxIAI',
'001Hr00002641NLIAY',
'001Hr00002640xdIAA',
'001Hr00002640asIAA',
'001Hr00002640QSIAY',
'001Hr0000263ziDIAQ',
'001Hr0000263zTRIAY',
'001Hr0000263zQcIAI',
'001Hr0000263zAdIAI',
'001Hr0000263z83IAA',
'001Hr0000263z7eIAA',
'001Hr0000263z6qIAA',
'001Hr0000263z6RIAQ',
'001Hr0000263yxeIAA',
'001Hr0000263ywvIAA',
'001Hr0000263yvsIAA',
'001Hr0000263xarIAA',
'001Hr0000263xWBIAY',
'001Hr0000263x2GIAQ',
'001Hr0000263wQqIAI',
'001Hr0000263wDHIAY',
'001Hr0000263w49IAA',
'001Hr0000263w1FIAQ',
'001Hr0000263u9UIAQ',
'001Hr0000263u9UIAQ',
'001Hr0000263tlSIAQ',
'001Hr0000263tlSIAQ',
'001Hr0000263tlSIAQ',
'001Hr0000263tVZIAY',
'001Hr0000263tVZIAY',
'001Hr0000263tVZIAY',
'001Hr0000263szQIAQ',
'001Hr0000263szQIAQ',
'001Hr0000263szQIAQ',
'001Hr0000263snPIAQ',
'001Hr0000263sldIAA',
'001Hr0000263sijIAA',
'001Hr0000263sfQIAQ',
'001Hr0000263scMIAQ',
'001Hr0000263sToIAI',
'001Hr0000263sPcIAI',
'001Hr0000263sEsIAI',
'001Hr0000263rwxIAA',
'001Hr0000263rs7IAA',
'001Hr0000263rq6IAA',
'001Hr0000263rY6IAI',
'001Hr0000263rXDIAY',
'001Hr0000263rSEIAY',
'001Hr0000263qcPIAQ',
'001Hr0000263qSPIAY',
'001Hr0000263qLoIAI',
'001Hr0000263qIaIAI',
'001Hr0000263qH3IAI',
'001Hr0000263qCDIAY',
'001Hr0000263qByIAI',
'001Hr0000263q9OIAQ',
'001Hr0000263q4YIAQ',
'001Hr0000263pvCIAQ',
'001Hr0000263pTmIAI',
'001Hr0000263pQxIAI',
'001Hr0000263pPkIAI',
'001Hr0000263oh6IAA',
'001Hr0000263nzvIAA',
'001Hr0000263nTAIAY',
'001Hr0000263n53IAA',
'001Hr0000263mpuIAA',
'001Hr0000263mmMIAQ',
'001Hr0000263mmMIAQ',
'001Hr0000263m3QIAQ',
'001Hr0000263lvbIAA',
'001Hr0000263kynIAA',
'001Hr0000263kyEIAQ',
'001Hr0000263kxzIAA',
'001Hr0000263kxpIAA',
'001Hr0000263kwrIAA',
'001Hr0000263kwSIAQ',
'001Hr0000263jWwIAI',
'001Hr0000263jKRIAY',
'001Hr0000263iyjIAA',
'001Hr0000263imEIAQ',
'001Hr0000263iWpIAI',
'001Hr0000263iNrIAI',
'001Hr0000263i1pIAA',
'001Hr0000263hztIAA',
'001Hr0000263hzjIAA',
'001Hr0000263hzFIAQ',
'001Hr0000263hz0IAA',
'001Hr0000263hyWIAQ',
'001Hr0000263hyMIAQ',
'001Hr0000263hlPIAQ',
'001Hr0000263hF8IAI',
'001Hr0000263hEiIAI',
'001Hr0000263hD1IAI',
'001Hr0000263h2IIAQ',
'001Hr0000263ghCIAQ',
'001Hr0000263gNoIAI',
'001Hr0000263gNeIAI',
'001Hr0000263gNZIAY',
'001Hr0000263gNPIAY',
'001Hr0000263gNGIAY',
'001Hr0000263g8jIAA',
'001Hr0000263g4SIAQ',
'001Hr0000263g4DIAQ',
'001Hr0000263g2vIAA',
'001Hr0000263fy4IAA',
'001Hr0000263fxVIAQ',
'001Hr0000263fw3IAA',
'001Hr0000263fuMIAQ',
'001Hr0000263fnuIAA',
'001Hr0000263fj3IAA',
'001Hr0000263fgsIAA',
'001Hr0000263fbYIAQ',
'001Hr0000263f9bIAA',
'001Hr0000263f8XIAQ',
'001Hr0000263f75IAA',
'001Hr0000263f4GIAQ',
'001Hr0000263etcIAA',
'001Hr0000263erbIAA',
'001Hr0000263erCIAQ',
'001Hr0000263erCIAQ',
'001Hr0000263erCIAQ',
'001Hr0000263enoIAA',
'001Hr0000263eneIAA',
'001Hr0000263e4YIAQ',
'001Hr0000263e2cIAA',
'001Hr000025x7b0IAA',
'001Hr000025x3sZIAQ',
'001Hr000025x1ARIAY',
'001Hr000025x0UxIAI',
'001Hr000025wkGWIAY',
'001Hr000025wgvbIAA',
'001Hr000025wgtkIAA',
'001Hr000025wfd3IAA',
'001Hr000025wfcUIAQ',
'001Hr000025wfbbIAA',
'001Hr000025wfZpIAI',
'001Hr000025wfMFIAY',
'001Hr000025wfJ6IAI',
'001Hr000025wfBBIAY',
'001Hr000025wcVkIAI',
'001Hr000025wcPWIAY',
'001Hr000025wcBGIAY',
'001Hr000025wbhWIAQ',
'001Hr000025wbISIAY',
'001Hr000025wbHyIAI',
'001Hr000025wb3IIAQ',
'001Hr000025waf6IAA',
'001Hr000025waVFIAY',
'001Hr000025waSLIAY',
'001Hr000025wZOIIA2',
'001Hr000025wZHuIAM',
'001Hr000025wZ2SIAU',
'001Hr000025wZ0lIAE',
'001Hr000025wZ07IAE',
'001Hr000025wYrWIAU',
'001Hr000025wYq4IAE',
'001Hr000025wYI8IAM',
'001Hr000025wXymIAE',
'001Hr000025wX0OIAU',
'001Hr000025wWzzIAE',
'001Hr000025wWtRIAU',
'001Hr000025wWsEIAU',
'001Hr000025wWnmIAE',
'001Hr000025wWncIAE',
'001Hr000025wWi8IAE',
'001Hr000025wWUNIA2',
'001Hr000025wWOrIAM',
'001Hr000025wW10IAE',
'001Hr000025wVtyIAE',
'001Hr000025wVtKIAU',
'001Hr000025wVsWIAU',
'001Hr000025wVkpIAE',
'001Hr000025wVenIAE',
'001Hr000025wTqrIAE',
'001Hr000025wTmaIAE',
'001Hr000025wS21IAE',
'001Hr000025wRx9IAE',
'001Hr000025wRwpIAE',
'001Hr000025wRYdIAM',
'001Hr000025wR8pIAE',
'001Hr000025wPb8IAE',
'001Hr000025wOQbIAM',
'001Hr000025wOPcIAM',
'001Hr000025wLaEIAU',
'001Hr000025wINMIA2',
'001Hr000025wI8KIAU',
'001Hr000025wHjjIAE',
'001Hr000025wEhvIAE',
'001Hr000025wDuqIAE',
'001Hr000025wDhpIAE',
'001Hr000025wAUzIAM',
'001Hr000025wAUQIA2',
'001Hr000025wAHzIAM',
'001Hr000025wADTIA2',
'001Hr000025wADTIA2',
'001Hr000025wACBIA2',
'001Hr000025wA8nIAE',
'001Hr000025wA1lIAE',
'001Hr000025wA0dIAE',
'001Hr000025w68aIAA',
'001Hr000025w63aIAA',
'001Hr000025w5uJIAQ',
'001Hr000025w5QkIAI',
'001Hr000025w3CoIAI',
'001Hr000025w3CKIAY',
'001Hr000025w39AIAQ',
'001Hr000025w38HIAQ',
'001Hr000025w2UDIAY',
'001Hr000025w1cJIAQ',
'001Hr000025w1V7IAI',
'001Hr000025w1BjIAI',
'001Hr000025w0rlIAA',
'001Hr000025vyZhIAI',
'001Hr000025vxq3IAA',
'001Hr000025vtvUIAQ',
'001Hr000025vttYIAQ',
'001Hr000025vtsGIAQ',
'001Hr000025vtmvIAA',
'001Hr000025vtmvIAA',
'001Hr000025vnjfIAA',
'001Hr000025vnZRIAY',
'001Hr000025vnJHIAY',
'001Hr000025vnA5IAI',
'001Hr000025vn3cIAA',
'001Hr000025vmm3IAA',
'001Hr000025vaz8IAA',
'001Hr000025vaqYIAQ',
'001Hr000024ELlsIAG',
'001Hr000024ELQRIA4',
'001Hr000024ELN8IAO',
'001Hr000024ELHkIAO',
'001Hr000024ELAsIAO',
'001Hr000024EKuyIAG',
'001Hr000024EKeRIAW',
'001Hr000024EKdxIAG',
'001Hr000024EKdxIAG',
'001Hr000024EKV5IAO',
'001Hr000024EKMNIA4',
'001Hr000024EKMNIA4',
'001Hr000024EKMNIA4',
'001Hr000024EKM3IAO',
'001Hr000024EK6FIAW',
'001Hr000024EK5qIAG',
'001Hr000024EK4JIAW',
'001Hr000024EJvfIAG',
'001Hr000024EH3wIAG',
'001Hr000024EGQpIAO',
'001Hr000024EGK5IAO',
'001Hr000024EGJgIAO',
'001Hr000024EGGhIAO',
'001Hr000024EGCBIA4',
'001Hr000024EFceIAG',
'001Hr000024EFXEIA4',
'001Hr000024EFVNIA4',
'001Hr000024EFSsIAO',
'001Hr000024EFLcIAO',
'001Hr000024EFLSIA4',
'001Hr000024EFL3IAO',
'001Hr000024EFIFIA4',
'001Hr000024EEnzIAG',
'001Hr000024EEmhIAG',
'001Hr000024EEmSIAW',
'001Hr000024EEmNIAW',
'001Hr000024EEmIIAW',
'001Hr000024EEcNIAW',
'001Hr000024EEJ0IAO',
'001Hr000024EE4NIAW',
'001Hr000024EE4IIAW',
'001Hr000024EE4DIAW',
'001Hr000024EE48IAG',
'001Hr000024EE43IAG',
'001Hr000024EE3yIAG',
'001Hr000024EE3tIAG',
'001Hr000024EE3oIAG',
'001Hr000024EDl1IAG',
'001Hr000024EDLTIA4',
'001Hr000024EDKpIAO',
'001Hr000024EDKQIA4',
'001Hr000024ED34IAG',
'001Hr000024ECkXIAW',
'001Hr000024ECi2IAG',
'001Hr000024ECcUIAW',
'001Hr000024ECRWIA4',
'001Hr000024ECRRIA4',
'001Hr000024ECR2IAO',
'001Hr000024ECI5IAO',
'001Hr000024ECI0IAO',
'001Hr000024EC0fIAG',
'001Hr000024EBlTIAW',
'001Hr000024EBN3IAO',
'001Hr000024EAYYIA4',
'001Hr000024EAQFIA4',
'001Hr000024EAPHIA4',
'001Hr000024EAMhIAO',
'001Hr000024EAMNIA4',
'001Hr000024E9KRIA0',
'001Hr000024E8QGIA0',
'001Hr000024E8GmIAK',
'001Hr000024E8G3IAK',
'001Hr000024E8FoIAK',
'001Hr000024E28iIAC',
'001Hr000024E21DIAS',
'001Hr000024E20yIAC',
'001Hr000024E1ugIAC',
'001Hr000024E1szIAC',
'001Hr000024E1oJIAS',
'001Hr000024E1a1IAC',
'001Hr000024E1MsIAK',
'001Hr000024E18KIAS',
'001Hr000024E0tTIAS',
'001Hr000024E0tOIAS',
'001Hr000024E0gsIAC',
'001Hr000024E0YUIA0',
'001Hr000024E0PHIA0',
'001Hr000024E05LIAS',
'001Hr000024DzuqIAC',
'001Hr000024DzohIAC',
'001Hr000024Dy4LIAS',
'001Hr000024DxpuIAC',
'001Hr000024DxkGIAS',
'001Hr000024DxXqIAK',
'001Hr000024DwznIAC',
'001Hr000024DwziIAC',
'001Hr000024DwRVIA0',
'001Hr000024DuoHIAS',
'001Hr000024DuV2IAK',
'001Hr000024DtWmIAK',
'001Hr000024Dt7pIAC',
'001Hr000024DrwMIAS',
'001Hr000024DrvYIAS',
'001Hr000024DrtcIAC',
'001Hr000024DqfIIAS',
'001Hr000024DqU0IAK',
'001Hr000024DqNYIA0',
'001Hr000024DpEzIAK',
'001Hr000024DpEGIA0',
'001Hr000024DpBqIAK',
'001Hr000024DozVIAS',
'001Hr000024DozQIAS',
'001Hr000024Doz6IAC',
'001Hr000024DnkIIAS',
'001Hr000024DnkIIAS',
'001Hr000024DnUSIA0',
'001Hr000024DnJFIA0',
'001Hr000024DnG1IAK',
'001Hr000024DnAIIA0',
'001Hr000024DmokIAC',
'001Hr000024DmicIAC',
'001Hr000024DmS0IAK',
'001Hr000024DmRqIAK',
'001Hr000024DmRgIAK',
'001Hr000024DmRbIAK',
'001Hr000024DmRRIA0',
'001Hr000024DmRMIA0',
'001Hr000024DmRHIA0',
'001Hr000024DmRDIA0',
'001Hr000024DmRCIA0',
'001Hr000024DmR7IAK',
'001Hr000024DmQsIAK',
'001Hr000024DmQiIAK',
'001Hr000024DmQdIAK',
'001Hr000024DmQYIA0',
'001Hr000024DmQTIA0',
'001Hr000024DmQOIA0',
'001Hr000024DmQ9IAK',
'001Hr000024DmQ4IAK',
'001Hr000024DmPuIAK',
'001Hr000024DmPpIAK',
'001Hr000024DmPkIAK',
'001Hr000024DmPfIAK',
'001Hr000024DmPQIA0',
'001Hr000024DmPGIA0',
'001Hr000024DmP6IAK',
'001Hr000024DmOrIAK',
'001Hr000024DmOhIAK',
'001Hr000024DmOXIA0',
'001Hr000024DmONIA0',
'001Hr000024DmOIIA0',
'001Hr000024DmODIA0',
'001Hr000024DmO8IAK',
'001Hr000024DmO3IAK',
'001Hr000024DlwHIAS',
'001Hr000024DljNIAS',
'001Hr000024DldSIAS',
'001Hr000024DjumIAC',
'001Hr000024DiJ3IAK',
'001Hr000024DiJ3IAK',
'001Hr000024DiJ3IAK',
'001Hr000024DeSBIA0',
'001Hr000024DeSBIA0',
'001Hr000024DeSBIA0',
'001Hr000024DeC7IAK',
'001Hr000024DduRIAS',
'001Hr000024Dd7PIAS',
'001Hr000024DcsKIAS',
'001Hr000024DcqnIAC',
'001Hr000024DbYGIA0',
'001Hr000024DZm9IAG',
'001Hr000024DZd0IAG',
'001Hr000024DZ1bIAG',
'001Hr000024DXpGIAW',
'001Hr000024DXaxIAG',
'001Hr000024DX7qIAG',
'001Hr000024DVhiIAG',
'001Hr000024DVNqIAO',
'001Hr000024DVNqIAO',
'001Hr000024DRwZIAW',
'001Hr000024DQlqIAG',
'001Hr000024DQidIAG',
'001Hr000024DQCEIA4',
'001Hr000024DPxHIAW',
'001Hr000024DPNIIA4',
'001Hr000024DPBzIAO',
'001Hr000024DOzDIAW',
'001Hr000024DOvzIAG',
'001Hr000024DOHAIA4',
'001Hr000024DO0iIAG',
'001Hr000024DO09IAG',
'001Hr000024DNgsIAG',
'001Hr000024DNOEIA4',
'001Hr000024DNMmIAO',
'001Hr000024DND6IAO',
'001Hr000024DMeYIAW',
'001Hr000024DMa1IAG',
'001Hr000024DMVeIAO',
'001Hr000024DMVPIA4',
'001Hr000024DMRrIAO',
'001Hr000024DM9NIAW',
'001Hr000024DM3UIAW',
'001Hr000024DLtTIAW',
'001Hr000024DGKlIAO',
'001Hr000024DG0gIAG',
'001Hr000024DFiwIAG',
'001Hr000024DFanIAG',
'001Hr000024DFZaIAO',
'001Hr000024DFRqIAO',
'001Hr000024DF8eIAG',
'001Hr000024DEd7IAG',
'001Hr000024DEPKIA4',
'001Hr000024DDg3IAG',
'001Hr000024DCVmIAO',
'001Hr000024DCQmIAO',
'001Hr000024DC9DIAW',
'001Hr000024DC6yIAG',
'001Hr000024DBRtIAO',
'001Hr000024DAAYIA4',
'001Hr000024DA0xIAG',
'001Hr000024D9yDIAS',
'001Hr000024D9x0IAC',
'001Hr000024D9wpIAC',
'001Hr000024D9l4IAC',
'001Hr000024D9kpIAC',
'001Hr000024D9k2IAC',
'001Hr000024D9i5IAC',
'001Hr000024D9bYIAS',
'001Hr000024D9auIAC',
'001Hr000024D9UIIA0',
'001Hr000024D9QQIA0',
'001Hr000024D9H4IAK',
'001Hr000024D8zPIAS',
'001Hr000024D8peIAC',
'001Hr000024D8lwIAC',
'001Hr000024D8lXIAS',
'001Hr000024D8lXIAS',
'001Hr000024D8lXIAS',
'001Hr000024D86EIAS',
'001Hr000024D86EIAS',
'001Hr000024D86EIAS',
'001Hr000024D85LIAS',
'001Hr000024D85LIAS',
'001Hr000024D7osIAC',
'001Hr000024D7onIAC',
'001Hr000024D7mIIAS',
'001Hr000024D7mIIAS',
'001Hr000024D7FnIAK',
'001Hr000024D70wIAC',
'001Hr000024D6hqIAC',
'001Hr000024D6MyIAK',
'001Hr000024D5jVIAS',
'001Hr000024D5XKIA0',
'001Hr000024D5FBIA0',
'001Hr000024D57RIAS',
'001Hr000024D56nIAC',
'001Hr000024D4tAIAS',
'001Hr000024D4rxIAC',
'001Hr000024D4QWIA0',
'001Hr000024D4LvIAK',
'001Hr000024D4EQIA0',
'001Hr000024D3l3IAC',
'001Hr000024D3l3IAC',
'001Hr000024D3gcIAC',
'001Hr000024D3f0IAC',
'001Hr000024D3XkIAK',
'001Hr000024D3WrIAK',
'001Hr000024D3WcIAK',
'001Hr000024D3WSIA0',
'001Hr000024D3WIIA0',
'001Hr000024D3M8IAK',
'001Hr000024D3KlIAK',
'001Hr000024D39YIAS',
'001Hr000024D36eIAC',
'001Hr000024D35bIAC',
'001Hr000024D2xTIAS',
'001Hr000024D2ojIAC',
'001Hr000024D2kJIAS',
'001Hr000024D2htIAC',
'001Hr000024D2bCIAS',
'001Hr000024D2Y5IAK',
'001Hr000024D2XyIAK',
'001Hr000024D2WWIA0',
'001Hr000024D2V4IAK',
'001Hr000024D2RbIAK',
'001Hr000024D2BnIAK',
'001Hr000024D1uSIAS',
'001Hr000024D1otIAC',
'001Hr000024D1nCIAS',
'001Hr000024D1n7IAC',
'001Hr000024D1ZoIAK',
'001Hr000024D1YqIAK',
'001Hr000024D1XeIAK',
'001Hr000024D1XTIA0',
'001Hr000024D1XOIA0',
'001Hr000024D1WfIAK',
'001Hr000024D1W1IAK',
'001Hr000024D1TWIA0',
'001Hr000024D1RVIA0',
'001Hr000024D1QIIA0',
'001Hr000024D1PPIA0',
'001Hr000024D1OgIAK',
'001Hr000024D1OCIA0',
'001Hr000024D1MkIAK',
'001Hr000024D1LmIAK',
'001Hr000024D1KZIA0',
'001Hr000024D1I9IAK',
'001Hr000024D1HuIAK',
'001Hr000024D1HLIA0',
'001Hr000024D1H6IAK',
'001Hr000024D1GNIA0',
'001Hr000024D1FoIAK',
'001Hr000024D1FPIA0',
'001Hr000024D1F0IAK',
'001Hr000024D1ErIAK',
'001Hr000024D1ElIAK',
'001Hr000024D1EWIA0',
'001Hr000024D1ERIA0',
'001Hr000024D1DxIAK',
'001Hr000024D1DsIAK',
'001Hr000024D1DEIA0',
'001Hr000024D18nIAC',
'001Hr000024D126IAC',
'001Hr000024CzxoIAC',
'001Hr000024CzwVIAS',
'001Hr000024CztHIAS',
'001Hr000024Czt2IAC',
'001Hr000024CzsdIAC',
'001Hr000024CzhQIAS',
'001Hr000024CzXuIAK',
'001Hr000024Cz6tIAC',
'001Hr000024Cz5bIAC',
'001Hr000024Cz3zIAC',
'001Hr000024Cz2IIAS',
'001Hr000024Cz1tIAC',
'001Hr000024CyksIAC',
'001Hr000024CyiIIAS',
'001Hr000024CyfdIAC',
'001Hr000024CyefIAC',
'001Hr000024CydmIAC',
'001Hr000024CyZQIA0',
'001Hr000024CyURIA0',
'001Hr000024CyLiIAK',
'001Hr000024CyHHIA0',
'001Hr000024CyG9IAK',
'001Hr000024CyCRIA0',
'001Hr000024CyAVIA0',
'001Hr000024Cy8oIAC',
'001Hr000024CxaYIAS',
'001Hr000024CxaUIAS',
'001Hr000024CxXZIA0',
'001Hr000024CxVdIAK',
'001Hr000024CxVdIAK',
'001Hr000024CxVdIAK',
'001Hr000024CxOwIAK',
'001Hr000024CxGdIAK',
'001Hr000024CwlQIAS',
'001Hr000024CweUIAS',
'001Hr000024CwPsIAK',
'001Hr000024CwOzIAK',
'001Hr000024CwOaIAK',
'001Hr000024CwO1IAK',
'001Hr000024CwN9IAK',
'001Hr000024CwMyIAK',
'001Hr000024CwMtIAK',
'001Hr000024CwMoIAK',
'001Hr000024CwMjIAK',
'001Hr000024CwJfIAK',
'001Hr000024CwJGIA0',
'001Hr000024CwJCIA0',
'001Hr000024CwHZIA0',
'001Hr000024CwHAIA0',
'001Hr000024CwGgIAK',
'001Hr000024CwFEIA0',
'001Hr000024CwF9IAK',
'001Hr000024CwF4IAK',
'001Hr000024CwEuIAK',
'001Hr000024CwEfIAK',
'001Hr000024CwDFIA0',
'001Hr000024CwBqIAK',
'001Hr000024CwBIIA0',
'001Hr000024Cw4fIAC',
'001Hr000024Cw2TIAS',
'001Hr000024CvvsIAC',
'001Hr000024Cvv4IAC',
'001Hr000024CvukIAC',
'001Hr000024CvthIAC',
'001Hr000024CvsuIAC',
'001Hr000024CvrgIAC',
'001Hr000024CvjNIAS',
'001Hr000024CvjIIAS',
'001Hr000024CvhlIAC',
'001Hr000024CvhbIAC',
'001Hr000024CvhWIAS',
'001Hr000024Cvh7IAC',
'001Hr000024CvgnIAC',
'001Hr000024Cvg4IAC',
'001Hr000024CvfuIAC',
'001Hr000024CvfWIAS',
'001Hr000024CvfBIAS',
'001Hr000024CveNIAS',
'001Hr000024CvRiIAK',
'001Hr000024CvQpIAK',
'001Hr000024CvQGIA0',
'001Hr000024CvQBIA0',
'001Hr000024CvP3IAK',
'001Hr000024CvOtIAK',
'001Hr000024CvOkIAK',
'001Hr000024CvOAIA0',
'001Hr000024CvLBIA0',
'001Hr000024CuGPIA0',
'001Hr000024CtfsIAC',
'001Hr000024CtdhIAC',
'001Hr000024CtcKIAS',
'001Hr000024CtbWIAS',
'001Hr000024Ctb2IAC',
'001Hr000024CtaTIAS',
'001Hr000024CtXUIA0',
'001Hr000024CtXUIA0',
'001Hr000024CtCWIA0',
'001Hr000024Ct8PIAS',
'001Hr000024Ct4DIAS',
'001Hr000024Ct1TIAS',
'001Hr000024Ct0zIAC',
'001Hr000024CrYKIA0',
'001Hr000024CrLzIAK',
'001Hr000024CqD8IAK',
'001Hr000024CqCtIAK',
'001Hr000024Cq38IAC',
'001Hr000024Cq1qIAC',
'001Hr000024Cq1qIAC',
'001Hr000024CpkcIAC',
'001Hr000024Cpk3IAC',
'001Hr000024CpYrIAK',
'001Hr000024CpYrIAK',
'001Hr000024Cp3UIAS',
'001Hr000024CowIIAS',
'001Hr000024CnKQIA0',
'001Hr000024CnHRIA0',
'001Hr000024CmzSIAS',
'001Hr000024CmwOIAS',
'001Hr000024CmvLIAS',
'001Hr000024Cml6IAC',
'001Hr000024CmM1IAK',
'001Hr000024CmJRIA0',
'001Hr000024CmA0IAK',
'001Hr000024ClklIAC',
'001Hr000024ClfMIAS',
'001Hr000024CldaIAC',
'001Hr000024ClalIAC',
'001Hr000024ClY6IAK',
'001Hr000024ClHUIA0',
'001Hr000024ClF9IAK',
'001Hr000024ClC5IAK',
'001Hr000024ClBqIAK',
'001Hr000024Cl09IAC',
'001Hr000024CkzQIAS',
'001Hr000024CkfVIAS',
'001Hr000024Ckf6IAC',
'001Hr000024CkbxIAC',
'001Hr000024CkKrIAK',
'001Hr000024CkIbIAK',
'001Hr000024Ck62IAC',
'001Hr000024Ck4yIAC',
'001Hr000024Ck2JIAS',
'001Hr000024CjrHIAS',
'001Hr000024CjgcIAC',
'001Hr000024CjgDIAS',
'001Hr000024CjaeIAC',
'001Hr000024CjVjIAK',
'001Hr000024CjTYIA0',
'001Hr000024CjRmIAK',
'001Hr000024CjQyIAK',
'001Hr000024CjMIIA0',
'001Hr000024CjEYIA0',
'001Hr000024CiziIAC',
'001Hr000024CiajIAC',
'001Hr000024CiWlIAK',
'001Hr000024CiFaIAK',
'001Hr000024Ci7qIAC',
'001Hr000024ChuNIAS',
'001Hr000024ChUyIAK',
'001Hr000024ChTMIA0',
'001Hr000024ChRvIAK',
'001Hr000024ChRVIA0',
'001Hr000024ChRVIA0',
'001Hr000024ChJzIAK',
'001Hr000024Cg9sIAC',
'001Hr000024CfksIAC',
'001Hr000024Cf7bIAC',
'001Hr000024Cf0LIAS',
'001Hr000024CelyIAC',
'001Hr000024Cek7IAC',
'001Hr000024CeifIAC',
'001Hr000024CeiQIAS',
'001Hr000024Cef7IAC',
'001Hr000024CeeYIAS',
'001Hr000024CecwIAC',
'001Hr000024Cec8IAC',
'001Hr000024Ceb1IAC',
'001Hr000024CeZdIAK',
'001Hr000024CeUYIA0',
'001Hr000024CeUTIA0',
'001Hr000024CeTzIAK',
'001Hr000024CeNNIA0',
'001Hr000024CeMjIAK',
'001Hr000024CeHPIA0',
'001Hr000024Ce7VIAS',
'001Hr000024Ce5iIAC',
'001Hr000024Ce5eIAC',
'001Hr000024CdzfIAC',
'001Hr000024Cdw2IAC',
'001Hr000024CdtcIAC',
'001Hr000024Cdt8IAC',
'001Hr000024CdsyIAC',
'001Hr000024CdsoIAC',
'001Hr000024CdrlIAC',
'001Hr000024CdrbIAC',
'001Hr000024CdrWIAS',
'001Hr000024CdrRIAS',
'001Hr000024Cdr7IAC',
'001Hr000024CdqEIAS',
'001Hr000024CdpaIAC',
'001Hr000024CdpLIAS',
'001Hr000024CdpGIAS',
'001Hr000024CdowIAC',
'001Hr000024CdorIAC',
'001Hr000024CdomIAC',
'001Hr000024CdocIAC',
'001Hr000024CdoSIAS',
'001Hr000024CdoDIAS',
'001Hr000024CdnKIAS',
'001Hr000024Cdn0IAC',
'001Hr000024CdiUIAS',
'001Hr000024CdgJIAS',
'001Hr000024CdJjIAK',
'001Hr000024CdCOIA0',
'001Hr000024Cd5DIAS',
'001Hr000024CcybIAC',
'001Hr000024CcnnIAC',
'001Hr000024Ccj2IAC',
'001Hr000024CcHcIAK',
'001Hr000024CcCsIAK',
'001Hr000024Cc9EIAS',
'001Hr000024CbzEIAS',
'001Hr000024CbxhIAC',
'001Hr000024CbxXIAS',
'001Hr000024Cbk9IAC',
'001Hr000024CbcuIAC',
'001Hr000024CbGiIAK',
'001Hr000024CamsIAC',
'001Hr000024Caf8IAC',
'001Hr000024CaNsIAK',
'001Hr000024CaLwIAK',
'001Hr000024CaEvIAK',
'001Hr000024Ca9RIAS',
'001Hr000024Ca5jIAC',
'001Hr000024Ca4IIAS',
'001Hr000024CZzgIAG',
'001Hr000024CZpvIAG',
'001Hr000024CZa7IAG',
'001Hr000024CZX8IAO',
'001Hr000024CYLIIA4',
'001Hr000024CWT2IAO',
'001Hr000024CVgxIAG',
'001Hr000024CVVBIA4',
'001Hr000024CVTeIAO',
'001Hr000024CV6zIAG',
'001Hr000024CV6zIAG',
'001Hr000024CV6uIAG',
'001Hr000024CUxYIAW',
'001Hr000024CUhmIAG',
'001Hr000024CUKGIA4',
'001Hr000024CUCWIA4',
'001Hr000024CU3iIAG',
'001Hr000024CTz2IAG',
'001Hr000024CTt9IAG',
'001Hr000024CTrcIAG',
'001Hr000024CTrcIAG',
'001Hr000024CTrcIAG',
'001Hr000024CTmhIAG',
'001Hr000024CTYLIA4',
'001Hr000024CTX8IAO',
'001Hr000024CTVlIAO',
'001Hr000024CTVlIAO',
'001Hr000024CTVlIAO',
'001Hr000024CTVMIA4',
'001Hr000024CTUsIAO',
'001Hr000024CTTfIAO',
'001Hr000024CTHuIAO',
'001Hr000024CTAiIAO',
'001Hr000024CScHIAW',
'001Hr000024CSS2IAO',
'001Hr000024CS9hIAG',
'001Hr000024CRyyIAG',
'001Hr000024CRxlIAG',
'001Hr000024CR1JIAW',
'001Hr000024CQpvIAG',
'001Hr000024CQplIAG',
'001Hr000024CQELIA4',
'001Hr000024CPfoIAG',
'001Hr000024CPOnIAO',
'001Hr000024CP6yIAG',
'001Hr000024COpUIAW',
'001Hr000024COpEIAW',
'001Hr000024CONCIA4',
'001Hr000024CN7nIAG',
'001Hr000024CMzFIAW',
'001Hr000024CLeuIAG',
'001Hr000024CJxZIAW',
'001Hr000024CJo8IAG',
'001Hr000024CHkLIAW',
'001Hr000024CHjiIAG',
'001Hr000024CHW9IAO',
'001Hr000024CHVuIAO',
'001Hr000024CHCYIA4',
'001Hr000024CH6fIAG',
'001Hr000024CH6fIAG',
'001Hr000024CDDuIAO',
'001Hr000024CCxIIAW',
'001Hr000024CCp9IAG',
'001Hr000024CCb6IAG',
'001Hr000024CCYHIA4',
'001Hr000024CCQDIA4',
'001Hr000024CCQDIA4',
'001Hr000024CCQ8IAO',
'001Hr000024CBlUIAW',
'001Hr000024CBhXIAW',
'001Hr000024CBfvIAG',
'001Hr000024CAxsIAG',
'001Hr000024CAwGIAW',
'001Hr000024CAsEIAW',
'001Hr000024CAYOIA4',
'001Hr000024C9xdIAC',
'001Hr000024C9guIAC',
'001Hr000024C9eeIAC',
'001Hr000024C9eeIAC',
'001Hr000024C9eeIAC',
'001Hr000024C9KFIA0',
'001Hr000024C91CIAS',
'001Hr000024C8yhIAC',
'001Hr000024C81XIAS',
'001Hr000024C7MPIA0',
'001Hr000024C6zeIAC',
'001Hr000024C6qIIAS',
'001Hr000024C6nJIAS',
'001Hr000024C6gxIAC',
'001Hr000024C68fIAC',
'001Hr000024C644IAC',
'001Hr000024C5m9IAC',
'001Hr000024C56NIAS',
'001Hr000024C3tDIAS',
'001Hr000024C3tDIAS',
'001Hr000024C3ocIAC',
'001Hr000024C3ocIAC',
'001Hr000024C3ocIAC',
'001Hr000024C2YnIAK',
'001Hr000024C2YnIAK',
'001Hr000024C2MwIAK',
'001Hr000024BzIdIAK',
'001Hr000024Bz5NIAS',
'001Hr000024ByqXIAS',
'001Hr000024ByZRIA0',
'001Hr000024BySpIAK',
'001Hr000024Bxj1IAC',
'001Hr000024BxhjIAC',
'001Hr000024BxUpIAK',
'001Hr000024BxDyIAK',
'001Hr000024Bx9XIAS',
'001Hr000024Bx4OIAS',
'001Hr000024BwxSIAS',
'001Hr000024BwmDIAS',
'001Hr000024Bw3mIAC',
'001Hr000024BvcRIAS',
'001Hr000024Bva6IAC',
'001Hr000024BuZQIA0',
'001Hr000024BuJcIAK',
'001Hr000024BuEhIAK',
'001Hr000024Bu2LIAS',
'001Hr000024Bu21IAC',
'001Hr000024Bu0jIAC',
'001Hr000024BsjlIAC',
'001Hr000024BsSuIAK',
'001Hr000024BsSpIAK',
'001Hr000024BsQoIAK',
'001Hr000024BsPvIAK',
'001Hr000024BsPqIAK',
'001Hr000024BsPlIAK',
'001Hr000024BsPMIA0',
'001Hr000024BsOoIAK',
'001Hr000024BsOJIA0',
'001Hr000024BsNVIA0',
'001Hr000024BsNHIA0',
'001Hr000024BsNGIA0',
'001Hr000024BsLZIA0',
'001Hr000024BsKlIAK',
'001Hr000024BsKbIAK',
'001Hr000024BsKCIA0',
'001Hr000024BsJKIA0',
'001Hr000024BsJEIA0',
'001Hr000024BsHiIAK',
'001Hr000024BsHXIA0',
'001Hr000024BsFHIA0',
'001Hr000024BsETIA0',
'001Hr000024BsDQIA0',
'001Hr000024BsCOIA0',
'001Hr000024BsCEIA0',
'001Hr000024BsC9IAK',
'001Hr000024BsByIAK',
'001Hr000024BsBKIA0',
'001Hr000024Bs9OIAS',
'001Hr000024Bs8LIAS',
'001Hr000024Bs1jIAC',
'001Hr000024Bs0xIAC',
'001Hr000024BryzIAC',
'001Hr000024BryVIAS',
'001Hr000024BrxwIAC',
'001Hr000024BrwUIAS',
'001Hr000024BrvMIAS',
'001Hr000024BrunIAC',
'001Hr000024BrtpIAC',
'001Hr000024BrsaIAC',
'001Hr000024BrrfIAC',
'001Hr000024BrrSIAS',
'001Hr000024BrrRIAS',
'001Hr000024Brp0IAC',
'001Hr000024BrfQIAS',
'001Hr000024BrfLIAS',
'001Hr000024BrexIAC',
'001Hr000024BrbDIAS',
'001Hr000024BrZuIAK',
'001Hr000024BrZbIAK',
'001Hr000024BrWgIAK',
'001Hr000024BrUJIA0',
'001Hr000024BrUEIA0',
'001Hr000024BrRtIAK',
'001Hr000024BrQYIA0',
'001Hr000024BrOkIAK',
'001Hr000024BrNmIAK',
'001Hr000024BrNDIA0',
'001Hr000024BrIJIA0',
'001Hr000024BrGNIA0',
'001Hr000024BrGHIA0',
'001Hr000024BrF9IAK',
'001Hr000024BrEfIAK',
'001Hr000024BrEaIAK',
'001Hr000024BrDEIA0',
'001Hr000024BqlpIAC',
'001Hr000024BqlbIAC',
'001Hr000024Bqf8IAC',
'001Hr000024BqBsIAK',
'001Hr000024BpBCIA0',
'001Hr000024BoySIAS',
'001Hr000024BostIAC',
'001Hr000024BooNIAS',
'001Hr000024Bn4XIAS',
'001Hr000024BmbZIAS',
'001Hr000024BmYfIAK',
'001Hr000024BmHiIAK',
'001Hr000024BmDgIAK',
'001Hr000024Bm6fIAC',
'001Hr000024Bm6BIAS',
'001Hr000024Bm5DIAS',
'001Hr000024BlrBIAS',
'001Hr000024BiF4IAK',
'001Hr000024BhzLIAS',
'001Hr000024BhEZIA0',
'001Hr000024Bh5cIAC',
'001Hr000024BgXbIAK',
'001Hr000024BgUgIAK',
'001Hr000024BfT2IAK',
'001Hr000024Bf5rIAC',
'001Hr000024Bf4jIAC',
'001Hr000024BdwPIAS',
'001Hr000024BdYgIAK',
'001Hr000024BdYgIAK',
'001Hr000024Bd9FIAS',
'001Hr000024Bd5wIAC',
'001Hr000024BcUnIAK',
'001Hr000024Bbu0IAC',
'001Hr000024BbZXIA0',
'001Hr000024BaJCIA0',
'001Hr000024BaD9IAK',
'001Hr000024BZXEIA4',
'001Hr000024BZM7IAO',
'001Hr000024BZEqIAO',
'001Hr000024BZ5BIAW',
'001Hr000024BZ1mIAG',
'001Hr000024BZ1SIAW',
'001Hr000024BYcoIAG',
'001Hr000024BYGuIAO',
'001Hr000024BYFwIAO',
'001Hr000024BYE0IAO',
'001Hr000024BYBhIAO',
'001Hr000024BYATIA4',
'001Hr000024BYAJIA4',
'001Hr000024BY7ZIAW',
'001Hr000024BXy8IAG',
'001Hr000024BWpWIAW',
'001Hr000024BWpWIAW',
'001Hr000024BWmrIAG',
'001Hr000024BWmrIAG',
'001Hr000024BWgPIAW',
'001Hr000024BWgPIAW',
'001Hr000024BWgPIAW',
'001Hr000024BWa2IAG',
'001Hr000024BW5hIAG',
'001Hr000024BUwxIAG',
'001Hr000024BTznIAG',
'001Hr000024BTxrIAG',
'001Hr000024BTuOIAW',
'001Hr000024BTcnIAG',
'001Hr000024BTHuIAO',
'001Hr000024BRxwIAG',
'001Hr000024BRghIAG',
'001Hr000024BReuIAG',
'001Hr000024BRXFIA4',
'001Hr000024BRJrIAO',
'001Hr000024BRJhIAO',
'001Hr000024BR3eIAG',
'001Hr000024BQlQIAW',
'001Hr000024BQhxIAG',
'001Hr000024BQXsIAO',
'001Hr000024BQSxIAO',
'001Hr000024BPY6IAO',
'001Hr000024BP8SIAW',
'001Hr000024BOtIIAW',
'001Hr000024BOp1IAG',
'001Hr000024BOakIAG',
'001Hr000024BOYUIA4',
'001Hr000024BNxYIAW',
'001Hr000024BNVUIA4',
'001Hr000024BNVUIA4',
'001Hr000024BNGjIAO',
'001Hr000024BLtjIAG',
'001Hr000024BLR6IAO',
'001Hr000024BLR6IAO',
'001Hr000024BLKwIAO',
'001Hr000024BKh1IAG',
'001Hr000024BKVoIAO',
'001Hr000024BKOYIA4',
'001Hr000024BJyQIAW',
'001Hr000024BJfxIAG',
'001Hr000024BJJSIA4',
'001Hr000024BJ2kIAG',
'001Hr000024BIwXIAW',
'001Hr000024BIQDIA4',
'001Hr000024BG8SIAW',
'001Hr000024BFvJIAW',
'001Hr000024BFvJIAW',
'001Hr000024BFjNIAW',
'001Hr000024BFcgIAG',
'001Hr000024BFTKIA4',
'001Hr000024BFAIIA4',
'001Hr000024BEx4IAG',
'001Hr000024BEK7IAO',
'001Hr000024BE5XIAW',
'001Hr000024BDKlIAO',
'001Hr000024BCwnIAG',
'001Hr000024BCwTIAW',
'001Hr000024BCKUIA4',
'001Hr000024BCFPIA4',
'001Hr000024BBsEIAW',
'001Hr000024BBlDIAW',
'001Hr000024BBlDIAW',
'001Hr000024BA6LIAW',
'001Hr000024B806IAC',
'001Hr000024B7yZIAS',
'001Hr000024B5JtIAK',
'001Hr000024B5BfIAK',
'001Hr000024B3IfIAK',
'001Hr000024B2irIAC',
'001Hr000024B2QSIA0',
'001Hr000024B2MDIA0',
'001Hr000024B0UqIAK',
'001Hr000024B0NVIA0',
'001Hr000024B065IAC',
'001Hr000024B065IAC',
'001Hr000024AzoaIAC',
'001Hr000024AzmkIAC',
'001Hr000024Azc0IAC',
'001Hr000024AzbbIAC',
'001Hr000024AxbOIAS',
'001Hr000024AxXmIAK',
'001Hr000024Ax3vIAC',
'001Hr000024Ax3vIAC',
'001Hr000024Aws9IAC',
'001Hr000024AwoWIAS',
'001Hr000024AwCEIA0',
'001Hr000024AsqnIAC',
'001Hr000024AsXgIAK',
'001Hr000024AsSgIAK',
'001Hr000024AsSgIAK',
'001Hr000024ArrzIAC',
'001Hr000024ArrzIAC',
'001Hr000024ArrpIAC',
'001Hr000024ArrpIAC',
'001Hr000024AqxDIAS',
'001Hr000024Aq5BIAS',
'001Hr000024ApoeIAC',
'001Hr000024ApBMIA0',
'001Hr000024ApB2IAK',
'001Hr000024AooWIAS',
'001Hr000024AnSYIA0',
'001Hr000024Af0cIAC',
'001Hr000024AesJIAS',
'001Hr000024AerzIAC',
'001Hr000024Aeo2IAC',
'001Hr000024AegNIAS',
'001Hr000024AeGdIAK',
'001Hr000024AdlEIAS',
'001Hr000024Abf9IAC',
'001Hr000024Abf9IAC',
'001Hr000024Aan7IAC',
'001Hr000024AaiCIAS',
'001Hr000024AaiCIAS',
'001Hr000024AaiCIAS',
'001Hr000024AaawIAC',
'001Hr000024AaYHIA0',
'001Hr000024AaYHIA0',
'001Hr000024AaYHIA0',
'001Hr000024AaUeIAK',
'001Hr000024AaUeIAK',
'001Hr000024AaUeIAK',
'001Hr000024AOrHIAW',
'001Hr000024AOrHIAW',
'001Hr000024ANY3IAO',
'001Hr000024ANKGIA4',
'001Hr000024ANHHIA4',
'001Hr000024ALhwIAG',
'001Hr000024AKdvIAG',
'001Hr000024AKcJIAW',
'001Hr000024AKPAIA4',
'001Hr000024AKPAIA4',
'001Hr000024AKNEIA4',
'001Hr000024AJmwIAG',
'001Hr000024AJmwIAG',
'001Hr000024AJlAIAW',
'001Hr000024AH3IIAW',
'001Hr000024AFbNIAW',
'001Hr000024AFYiIAO',
'001Hr000024AFYOIA4',
'001Hr000024ABTYIA4',
'001Hr000024ABTYIA4',
'001Hr000024ABTYIA4',
'001Hr000024ABR8IAO',
'001Hr000024ABF8IAO',
'001Hr000024ABF8IAO',
'001Hr000024ABF8IAO',
'001Hr000023xPcDIAU',
'001Hr000023xBwgIAE',
'001Hr000023x9s7IAA',
'001Hr000023x8RRIAY',
'001Hr000023x7tnIAA',
'001Hr000023x7SpIAI',
'001Hr000023x4rdIAA',
'001Hr000023x3afIAA',
'001Hr000023wyE1IAI',
'001Hr000023wy3BIAQ',
'001Hr000023wwwCIAQ',
'001Hr000023wwvYIAQ',
'001Hr000023wtnjIAA',
'001Hr000023wsf6IAA',
'001Hr000023wqMLIAY',
'001Hr000023wmK6IAI',
'001Hr000023wlvdIAA',
'001Hr000023wdYeIAI',
'001Hr000023wdOyIAI',
'001Hr000023wcb7IAA',
'001Hr000023wcb7IAA',
'001Hr000023wbjHIAQ',
'001Hr000023waZkIAI',
'001Hr000023wYHcIAM',
'001Hr000023wYGjIAM',
'001Hr000023wWQQIA2',
'001Hr000023wW7WIAU',
'001Hr000023wSIBIA2',
'001Hr000023wRIzIAM',
'001Hr000023w5LKIAY',
'001Hr000023w2H2IAI',
'001Hr000023w1xHIAQ',
'001Hr000023w1Y3IAI',
'001Hr000023w1TRIAY',
'001Hr000023w1BNIAY',
'001Hr000023w15FIAQ',
'001Hr000023w0z0IAA',
'001Hr000023w0ELIAY',
'001Hr000023w0CZIAY',
'001Hr000023w0A9IAI',
'001Hr000023w07oIAA',
'001Hr000023w054IAA',
'001Hr000023vzXeIAI',
'001Hr000023vzSYIAY',
'001Hr000023vyTLIAY',
'001Hr000023vyM0IAI',
'001Hr000023vyDrIAI',
'001Hr000023vy3NIAQ',
'001Hr000023vxC8IAI',
'001Hr000023vx7XIAQ',
'001Hr000023vx31IAA',
'001Hr000023vwMcIAI',
'001Hr000023vvciIAA',
'001Hr000023vuH0IAI',
'001Hr000023vuA9IAI',
'001Hr000023vsxUIAQ',
'001Hr000023vsv9IAA',
'001Hr000023vsmlIAA',
'001Hr000023vsmWIAQ',
'001Hr000023vsizIAA',
'001Hr000023vsPNIAY',
'001Hr000023vp0JIAQ',
'001Hr000023voZCIAY',
'001Hr000023vn62IAA',
'001Hr000023vn4pIAA',
'001Hr000023vn4VIAQ',
'001Hr000023vmRRIAY',
'001Hr000023vlp2IAA',
'001Hr000023vlddIAA',
'001Hr000023vlGzIAI',
'001Hr000023vlGQIAY',
'001Hr000023vlAbIAI',
'001Hr000023vkyoIAA',
'001Hr000023vjISIAY',
'001Hr000023viOzIAI',
'001Hr000023viMPIAY',
'001Hr000023viE6IAI',
'001Hr000023viBMIAY',
'001Hr000023vfm3IAA',
'001Hr000023vfiaIAA',
'001Hr000023vf43IAA',
'001Hr000023vewhIAA',
'001Hr000023vekHIAQ',
'001Hr000023veexIAA',
'001Hr000023veYrIAI',
'001Hr000023veTCIAY',
'001Hr000023veJLIAY',
'001Hr000023veG2IAI',
'001Hr000023vVVrIAM',
'001Hr000023vV5dIAE',
'001Hr000023vTsOIAU',
'001Hr000023vTdiIAE',
'001Hr000023vSQHIA2',
'001Hr000023vSNcIAM',
'001Hr000023vOZtIAM',
'001Hr000023vOVSIA2',
'001Hr000023vMtVIAU',
'001Hr000023vEnwIAE',
'001Hr000023vBkQIAU',
'001Hr000023vBkQIAU',
'001Hr000023vBg9IAE',
'001Hr000023vBfLIAU',
'001Hr000023vBdPIAU',
'001Hr000023vBW9IAM',
'001Hr000023vBUSIA2',
'001Hr000023vBUSIA2',
'001Hr000023vBTZIA2',
'001Hr000023v91rIAA',
'001Hr000023v8gxIAA',
'001Hr000023v8XRIAY',
'001Hr000023v8XRIAY',
'001Hr000023v8CpIAI',
'001Hr000023v7m2IAA',
'001Hr000023v7atIAA',
'001Hr000023v6BbIAI',
'001Hr000023v5jSIAQ',
'001Hr000023v3IeIAI',
'001Hr000023v3HHIAY',
'001Hr000023v3H7IAI',
'001Hr000023v3CWIAY',
'001Hr000023v31dIAA',
'001Hr000023v31dIAA',
'001Hr000023v2VDIAY',
'001Hr000023v2VDIAY',
'001Hr000023v0p9IAA',
'001Hr000023uxvaIAA',
'001Hr000023uxjJIAQ',
'001Hr000023uxjJIAQ',
'001Hr000023uvc5IAA',
'001Hr000023utAjIAI',
'001Hr000023usuhIAA',
'001Hr000023usYEIAY',
'001Hr000023usYEIAY',
'001Hr000023usKLIAY',
'001Hr000023uq5QIAQ',
'001Hr000023uq3FIAQ',
'001Hr000023upr8IAA',
'001Hr000023updPIAQ',
'001Hr000023updPIAQ',
'001Hr000023upazIAA',
'001Hr000023upa6IAA',
'001Hr000023upa6IAA',
'001Hr000023upZNIAY',
'001Hr000023ulw5IAA',
'001Hr000023ulvbIAA',
'001Hr000023ujNXIAY',
'001Hr000023uigSIAQ',
'001Hr000023uhC7IAI',
'001Hr000023uh0oIAA',
'001Hr000023ughDIAQ',
'001Hr000023ugTlIAI',
'001Hr000023ugPtIAI',
'001Hr000023ugPtIAI',
'001Hr000023ugPtIAI',
'001Hr000023ug9oIAA',
'001Hr000023ue2xIAA',
'001Hr000023ue2xIAA',
'001Hr000023udYuIAI',
'001Hr000023uZ5BIAU',
'001Hr000023uYl1IAE',
'001Hr000023uYl1IAE',
'001Hr000023uYjjIAE',
'001Hr000023uYiHIAU',
'001Hr000023uUZJIA2',
'001Hr000023uU2WIAU',
'001Hr000023uR4HIAU',
'001Hr000023uQzlIAE',
'001Hr000023uQfrIAE',
'001Hr000023uO0iIAE',
'001Hr000023uM15IAE',
'001Hr000023uJewIAE',
'001Hr000023uJV1IAM',
'001Hr000023uIi2IAE',
'001Hr000023uIi2IAE',
'001Hr000023uIawIAE',
'001Hr000023uHgtIAE',
'001Hr000023uHH3IAM',
'001Hr000023uF1CIAU',
'001Hr000023uF1CIAU',
'001Hr000023uEFXIA2',
'001Hr000023uEF8IAM',
'001Hr000023uEF8IAM',
'001Hr000023u5nFIAQ',
'001Hr000023u5YjIAI',
'001Hr000023u0T2IAI',
'001Hr000023u0T2IAI',
'001Hr000023ttq8IAA',
'001Hr000023ttmXIAQ',
'001Hr000023ttleIAA',
'001Hr000023ttJ5IAI',
'001Hr000023ttICIAY',
'001Hr000023ttFcIAI',
'001Hr000023troHIAQ',
'001Hr000023trb9IAA',
'001Hr000023tnMsIAI',
'001Hr000023tnDRIAY',
'001Hr000023tmJQIAY',
'001Hr000023thxIIAQ',
'001Hr000023tgP9IAI',
'001Hr000023tefOIAQ',
'001Hr000023teRsIAI',
'001Hr000023tbBQIAY',
'001Hr000023taxhIAA',
'001Hr000023taxhIAA',
'001Hr000023tZkIIAU',
'001Hr000023tZeyIAE',
'001Hr000023tXvQIAU',
'001Hr000023tWikIAE',
'001Hr000023tViJIAU',
'001Hr000023tTWwIAM',
'001Hr000023tTWwIAM',
'001Hr000023tRKyIAM',
'001Hr000023tRHuIAM',
'001Hr000023tRHuIAM',
'001Hr000023tQtcIAE',
'001Hr000023tQVZIA2',
'001Hr000023tQVKIA2',
'001Hr000023tNdhIAE',
'001Hr000023tNdXIAU',
'001Hr00002399xXIAQ',
'001Hr00002399xXIAQ',
'001Hr00002399xXIAQ',
'001Hr00002399VxIAI',
'001Hr00002399VEIAY',
'001Hr00002399VEIAY',
'001Hr00002399DjIAI',
'001Hr00002398ujIAA',
'001Hr00002398WqIAI',
'001Hr00002393AtIAI',
'001Hr00002392vtIAA',
'001Hr0000238zswIAA',
'001Hr0000238zibIAA',
'001Hr0000238zNiIAI',
'001Hr0000238z71IAA',
'001Hr0000238lexIAA',
'001Hr0000238khbIAA',
'001Hr0000238izGIAQ',
'001Hr0000238imsIAA',
'001Hr0000238imJIAQ',
'001Hr0000238iObIAI',
'001Hr0000238i1cIAA',
'001Hr0000238i1cIAA',
'001Hr0000238i18IAA',
'001Hr0000238i18IAA',
'001Hr0000238hedIAA',
'001Hr0000238eroIAA',
'001Hr0000238emUIAQ',
'001Hr0000238emUIAQ',
'001Hr0000238emUIAQ',
'001Hr0000238eU3IAI',
'001Hr0000238eOIIAY',
'001Hr0000238eHRIAY',
'001Hr0000238dW0IAI',
'001Hr0000238bDdIAI',
'001Hr0000238ZZJIA2',
'001Hr0000238ZZJIA2',
'001Hr0000238ZDlIAM',
'001Hr0000238XK2IAM',
'001Hr0000238XK2IAM',
'001Hr0000238WbbIAE',
'001Hr0000238VVNIA2',
'001Hr0000238S6rIAE',
'001Hr0000238QSnIAM',
'001Hr0000238QSnIAM',
'001Hr0000238Q5jIAE',
'001Hr0000238P2ZIAU',
'001Hr0000238OP7IAM',
'001Hr0000238NMeIAM',
'001Hr0000238NLRIA2',
'001Hr0000238Mw7IAE',
'001Hr0000238Lu1IAE',
'001Hr0000238KLGIA2',
'001Hr0000238KDbIAM',
'001Hr0000238JnzIAE',
'001Hr0000238JkFIAU',
'001Hr0000238JgrIAE',
'001Hr0000238JgrIAE',
'001Hr0000238JCsIAM',
'001Hr0000238GLdIAM',
'001Hr0000238FT5IAM',
'001Hr0000238FT5IAM',
'001Hr0000238DGsIAM',
'001Hr0000238CqcIAE',
'001Hr0000238CeLIAU',
'001Hr0000238Bv3IAE',
'001Hr0000238BqDIAU',
'001Hr00002384wnIAA',
'001Hr00002384kVIAQ',
'001Hr000023845nIAA',
'001Hr000023845nIAA',
'001Hr00002382XIIAY',
'001Hr0000237zltIAA',
'001Hr0000237z7RIAQ',
'001Hr0000237z5uIAA',
'001Hr0000237xrxIAA',
'001Hr0000237xrdIAA',
'001Hr0000237wxVIAQ',
'001Hr0000237wdQIAQ',
'001Hr0000237wL1IAI',
'001Hr0000237viiIAA',
'001Hr0000237veRIAQ',
'001Hr0000237vTdIAI',
'001Hr0000237v5kIAA',
'001Hr0000237t3DIAQ',
'001Hr0000237t1bIAA',
'001Hr0000237t1bIAA',
'001Hr0000237rncIAA',
'001Hr0000237rJ2IAI',
'001Hr0000237rJ2IAI',
'001Hr0000237qq4IAA',
'001Hr0000237ptbIAA',
'001Hr0000237pjvIAA',
'001Hr0000237pDlIAI',
'001Hr0000237o5sIAA',
'001Hr0000237n12IAA',
'001Hr0000237n0nIAA',
'001Hr0000237mUxIAI',
'001Hr0000237lmZIAQ',
'001Hr0000237liSIAQ',
'001Hr0000237lhUIAQ',
'001Hr0000237lh0IAA',
'001Hr0000237lggIAA',
'001Hr0000237lfTIAQ',
'001Hr0000237ldEIAQ',
'001Hr0000237lbvIAA',
'001Hr0000237lbRIAQ',
'001Hr0000237lbIIAQ',
'001Hr0000237lZuIAI',
'001Hr0000237lZpIAI',
'001Hr0000237lZWIAY',
'001Hr0000237lYTIAY',
'001Hr0000237lYNIAY',
'001Hr0000237lOuIAI',
'001Hr0000237lNmIAI',
'001Hr0000237lKcIAI',
'001Hr0000237lHnIAI',
'001Hr0000237lEyIAI',
'001Hr0000237lEeIAI',
'001Hr0000237lEAIAY',
'001Hr0000237lE5IAI',
'001Hr0000237lCxIAI',
'001Hr0000237lCsIAI',
'001Hr0000237lBGIAY',
'001Hr0000237l7OIAQ',
'001Hr0000237l3HIAQ',
'001Hr0000237l1uIAA',
'001Hr0000237l11IAA',
'001Hr0000237kxTIAQ',
'001Hr0000237kwfIAA',
'001Hr0000237kuFIAQ',
'001Hr0000237ksnIAA',
'001Hr0000237ksnIAA',
'001Hr0000237ksdIAA',
'001Hr0000237ksYIAQ',
'001Hr0000237krfIAA',
'001Hr0000237kpPIAQ',
'001Hr0000237kjrIAA',
'001Hr0000237kjqIAA',
'001Hr0000237kiEIAQ',
'001Hr0000237kgNIAQ',
'001Hr0000237ka0IAA',
'001Hr0000237kV5IAI',
'001Hr0000237kUHIAY',
'001Hr0000237kTsIAI',
'001Hr0000237kSkIAI',
'001Hr0000237kSaIAI',
'001Hr0000237kSGIAY',
'001Hr0000237kS6IAI',
'001Hr0000237kRwIAI',
'001Hr0000237kRmIAI',
'001Hr0000237kOxIAI',
'001Hr0000237kDzIAI',
'001Hr0000237kBgIAI',
'001Hr0000237k9xIAA',
'001Hr0000237jheIAA',
'001Hr0000237jg7IAA',
'001Hr0000237jfJIAQ',
'001Hr0000237jeVIAQ',
'001Hr0000237jeGIAQ',
'001Hr0000237jdhIAA',
'001Hr0000237jdOIAQ',
'001Hr0000237jdNIAQ',
'001Hr0000237jd9IAA',
'001Hr0000237jd8IAA',
'001Hr0000237jctIAA',
'001Hr0000237jcoIAA',
'001Hr0000237jc0IAA',
'001Hr0000237jbbIAA',
'001Hr0000237jVxIAI',
'001Hr0000237jVEIAY',
'001Hr0000237jSPIAY',
'001Hr0000237jSKIAY',
'001Hr0000237icxIAA',
'001Hr0000237hqaIAA',
'001Hr0000237hpcIAA',
'001Hr0000237hpEIAQ',
'001Hr0000237hoFIAQ',
'001Hr0000237hmDIAQ',
'001Hr0000237hh8IAA',
'001Hr0000237hfRIAQ',
'001Hr0000237hV5IAI',
'001Hr0000237hMIIAY',
'001Hr0000237hLoIAI',
'001Hr0000237hLoIAI',
'001Hr0000237hLoIAI',
'001Hr0000237hLjIAI',
'001Hr0000237hHzIAI',
'001Hr0000237hHzIAI',
'001Hr0000237hHaIAI',
'001Hr0000237hGXIAY',
'001Hr0000237hBSIAY',
'001Hr0000237h97IAA',
'001Hr0000237h2gIAA',
'001Hr0000237glwIAA',
'001Hr0000237gSfIAI',
'001Hr0000237gNQIAY',
'001Hr0000237fUHIAY',
'001Hr0000237dYpIAI',
'001Hr0000237dXmIAI',
'001Hr0000237dUMIAY',
'001Hr0000237cSeIAI',
'001Hr0000237cRgIAI',
'001Hr0000237cRMIAY',
'001Hr0000237cPQIAY',
'001Hr0000237cPQIAY',
'001Hr0000237bsaIAA',
'001Hr0000237bfkIAA',
'001Hr0000237bfkIAA',
'001Hr0000236tEyIAI',
'001Hr0000236tEFIAY',
'001Hr0000236tDwIAI',
'001Hr0000236b9GIAQ',
'001Hr0000236aj9IAA',
'001Hr0000236aYUIAY',
'001Hr0000236aKIIAY',
'001Hr000022zBDLIA2',
'001Hr000022zAkkIAE',
'001Hr000022z8wIIAQ',
'001Hr000022z8wIIAQ',
'001Hr000022z8jdIAA',
'001Hr000022z8VCIAY',
'001Hr000022z5uhIAA',
'001Hr000022z5VzIAI',
'001Hr000022z5SbIAI',
'001Hr000022z1jOIAQ',
'001Hr0000228hSzIAI',
'001Hr0000228dzbIAA',
'001Hr0000228dzbIAA',
'001Hr0000228bLWIAY',
'001Hr0000228bLWIAY',
'001Hr0000228XbtIAE',
'001Hr0000228VTWIA2',
'001Hr0000228TLoIAM',
'001Hr0000228TLoIAM',
'001Hr000021vg8zIAA',
'001Hr000021vfhDIAQ',
'001Hr000021vfZYIAY',
'001Hr000021vfZYIAY',
'001Hr000021vfCjIAI',
'001Hr000021vf5LIAQ',
'001Hr000021vf1WIAQ',
'001Hr000021varaIAA',
'001Hr000021varaIAA',
'001Hr000021vaiYIAQ',
'001Hr000021vaebIAA',
'001Hr000021vaebIAA',
'001Hr000021vacuIAA',
'001Hr000021vZgpIAE',
'001Hr000021vZetIAE',
'001Hr000021vZZAIA2',
'001Hr000021vZHsIAM',
'001Hr000021vVaOIAU',
'001Hr000021vVKZIA2',
'001Hr000021vVDwIAM',
'001Hr000021vVDwIAM',
'001Hr000021vUSIIA2',
'001Hr000021vRxZIAU',
'001Hr000021vPzSIAU',
'001Hr000021vP9kIAE',
'001Hr000021vOVoIAM',
'001Hr000021vCPXIA2',
'001Hr000021vCK3IAM',
'001Hr000021vCH9IAM',
'001Hr000021v7cMIAQ',
'001Hr000021v7RmIAI',
'001Hr000021v7RmIAI',
'001Hr000021v608IAA',
'001Hr000021v608IAA',
'001Hr000021v5iCIAQ',
'001Hr000021v20iIAA',
'001Hr000021uzpRIAQ',
'001Hr000021uzijIAA',
'001Hr000021uzhWIAQ',
'001Hr000021uzhNIAQ',
'001Hr000021uzcMIAQ',
'001Hr000021uzVgIAI',
'001Hr000021uzVXIAY',
'001Hr000021uzSrIAI',
'001Hr000021uzSSIAY',
'001Hr000021uzRUIAY',
'001Hr000021uzRPIAY',
'001Hr000021uzQRIAY',
'001Hr000021uzPnIAI',
'001Hr000021uzNXIAY',
'001Hr000021uzKsIAI',
'001Hr000021uzKTIAY',
'001Hr000021uzJQIAY',
'001Hr000021uzJLIAY',
'001Hr000021uzJLIAY',
'001Hr000021uzIcIAI',
'001Hr000021uzHjIAI',
'001Hr000021uzHZIAY',
'001Hr000021uzGbIAI',
'001Hr000021uzG7IAI',
'001Hr000021uzEaIAI',
'001Hr000021uzBlIAI',
'001Hr000021uzB7IAI',
'001Hr000021uzAJIAY',
'001Hr000021uz9pIAA',
'001Hr000021uz2AIAQ',
'001Hr000021uz1qIAA',
'001Hr000021uz1qIAA',
'001Hr000021uyw6IAA',
'001Hr000021uyw6IAA',
'001Hr000021uyvDIAQ',
'001Hr000021uysTIAQ',
'001Hr000021uyniIAA',
'001Hr000021uylhIAA',
'001Hr000021uyg7IAA',
'001Hr000021uyepIAA',
'001Hr000021uyb3IAA',
'001Hr000021uyZMIAY',
'001Hr000021uyRcIAI',
'001Hr000021uyRcIAI',
'001Hr000021uyLsIAI',
'001Hr000021uvFGIAY',
'001Hr000021uumaIAA',
'001Hr000021utvSIAQ',
'001Hr000021uqlHIAQ',
'001Hr000021uq6HIAQ',
'001Hr000021uoQkIAI',
'001Hr000021uoQkIAI',
'001Hr000021unxjIAA',
'001Hr000021un3GIAQ',
'001Hr000021umYXIAY',
'001Hr000021umF2IAI',
'001Hr000021umF2IAI',
'001Hr000021ullZIAQ',
'001Hr000021ukftIAA',
'001Hr000021ukTCIAY',
'001Hr000021ujXQIAY',
'001Hr000021uigLIAQ',
'001Hr000021uaCgIAI',
'001Hr000021uZx9IAE',
'001Hr000021uZgzIAE',
'001Hr000021uY0QIAU',
'001Hr000021uVixIAE',
'001Hr000021uVixIAE',
'001Hr000021uVTkIAM',
'001Hr000021uVSXIA2',
'001Hr000021uSCvIAM',
'001Hr000021uRBoIAM',
'001Hr000021uQaPIAU',
'001Hr000021uQaPIAU',
'001Hr000021uQVgIAM',
'001Hr000021uH5aIAE',
'001Hr000021uGJyIAM',
'001Hr000021uGJjIAM',
'001Hr000021uGJjIAM',
'001Hr000021uEwrIAE',
'001Hr000021uEwrIAE',
'001Hr000021uDk6IAE',
'001Hr000021uDk6IAE',
'001Hr000021uDXLIA2',
'001Hr000021uDLSIA2',
'001Hr000021u9b2IAA',
'001Hr000021u6qyIAA',
'001Hr000021u6nVIAQ',
'001Hr000021u5qMIAQ',
'001Hr000021u5qMIAQ',
'001Hr000021u2aYIAQ',
'001Hr000021u2JtIAI',
'001Hr000021u2DmIAI',
'001Hr000021u2DmIAI',
'001Hr000021u1OhIAI',
'001Hr000021trR7IAI',
'001Hr000021trKjIAI',
'001Hr000021trKjIAI',
'001Hr000021tqvLIAQ',
'001Hr000021tpu2IAA',
'001Hr000021teoXIAQ',
'001Hr000021tbCxIAI',
'001Hr000021tbC9IAI',
'001Hr000021tXLiIAM',
'001Hr000021tJVOIA2',
'001Hr000021tJVOIA2',
'001Hr000021tIn5IAE',
'001Hr000021tGGZIA2',
'001Hr000021tGGZIA2',
'001Hr000021swmDIAQ',
'001Hr000021swmDIAQ',
'001Hr000021sk7GIAQ',
'001Hr000021sj2hIAA',
'001Hr000021si1BIAQ',
'001Hr000021seqiIAA',
'001Hr000021seqiIAA',
'001Hr000021seowIAA',
'001Hr000021seowIAA',
'001Hr000021seIqIAI',
'001Hr000021aP7yIAE',
'001Hr000021aP3SIAU',
'001Hr000021aOyDIAU',
'001Hr000021aOpUIAU',
'001Hr000021aOWMIA2',
'001Hr000021aOFUIA2',
'001Hr000021aO3TIAU',
'001Hr000021aNccIAE',
'001Hr000021aNSqIAM',
'001Hr000021aKSBIA2',
'001Hr000021aKSBIA2',
'001Hr000021aKCDIA2',
'001Hr000021aJKtIAM',
'001Hr000021aF8HIAU',
'001Hr000021aEm6IAE',
'001Hr000021aElXIAU',
'001Hr000021aETgIAM',
'001Hr000021aETgIAM',
'001Hr000021aETgIAM',
'001Hr000021aEPyIAM',
'001Hr000021aEPyIAM',
'001Hr000021aELSIA2',
'001Hr000021aEKGIA2',
'001Hr000021aDtVIAU',
'001Hr000021aCuLIAU',
'001Hr000021aCuLIAU',
'001Hr000021aCo2IAE',
'001Hr000021aBHxIAM',
'001Hr000021aB23IAE',
'001Hr000021aAimIAE',
'001Hr000021aAhPIAU',
'001Hr000021aAAaIAM',
'001Hr000021a9i5IAA',
'001Hr000021a997IAA',
'001Hr000021a4uVIAQ',
'001Hr000021a4ZMIAY',
'001Hr000021a4VyIAI',
'001Hr000021a43YIAQ',
'001Hr000021a3upIAA',
'001Hr000021a2OdIAI',
'001Hr000021a1hcIAA',
'001Hr000021a1WPIAY',
'001Hr000021a1EEIAY',
'001Hr000021ZwD5IAK',
'001Hr000021ZvB0IAK',
'001Hr000021ZrDAIA0',
'001Hr000021ZlOEIA0',
'001Hr000021ZjdBIAS',
'001Hr000021ZiNFIA0',
'001Hr000021ZhuBIAS',
'001Hr000021ZgXIIA0',
'001Hr000021ZgXIIA0',
'001Hr000021ZgVqIAK',
'001Hr000021ZgVCIA0',
'001Hr000021ZgUEIA0',
'001Hr000021ZgPOIA0',
'001Hr000021ZgEUIA0',
'001Hr000021ZgEUIA0',
'001Hr000021Zei5IAC',
'001Hr000021Zdb8IAC',
'001Hr000021ZYJaIAO',
'001Hr000021ZYJaIAO',
'001Hr000021ZTsKIAW',
'001Hr000021ZTDbIAO',
'001Hr000021ZT2OIAW',
'001Hr000021ZPngIAG',
'001Hr000021ZOmzIAG',
'001Hr000021ZOmzIAG',
'001Hr000021ZLo6IAG',
'001Hr000021ZLD9IAO',
'001Hr000021ZLD9IAO',
'001Hr000021ZLD9IAO',
'001Hr000021ZKmJIAW',
'001Hr000021ZKmJIAW',
'001Hr000021ZKmJIAW',
'001Hr000021ZKjUIAW',
'001Hr000021ZKaRIAW',
'001Hr000021ZKFpIAO',
'001Hr000021ZKFkIAO',
'001Hr000021ZKFfIAO',
'001Hr000021ZJLHIA4',
'001Hr000021ZJ7hIAG',
'001Hr000021ZJ78IAG',
'001Hr000021ZIhgIAG',
'001Hr000021ZFvmIAG',
'001Hr000021ZFluIAG',
'001Hr000021ZFluIAG',
'001Hr000021ZFj0IAG',
'001Hr000021ZFIIIA4',
'001Hr000021ZF28IAG',
'001Hr000021ZEnfIAG',
'001Hr000021ZEkWIAW',
'001Hr000021ZEk7IAG',
'001Hr000021ZEAYIA4',
'001Hr000021ZDsrIAG',
'001Hr000021ZDhJIAW',
'001Hr000021ZDhJIAW',
'001Hr000021ZDWdIAO',
'001Hr000021ZDVGIA4',
'001Hr000021ZDQuIAO',
'001Hr000021ZDI2IAO',
'001Hr000021ZDDCIA4',
'001Hr000021ZD8WIAW',
'001Hr000021ZCkaIAG',
'001Hr000021ZCijIAG',
'001Hr000021Z9DaIAK',
'001Hr000021Z9DaIAK',
'001Hr000021Z9B5IAK',
'001Hr000021Z9AvIAK',
'001Hr000021Z8zTIAS',
'001Hr000021YNNHIA4',
'001Hr000021YI8wIAG',
'001Hr000021YHBTIA4',
'001Hr000021YH0hIAG',
'001Hr000021YGrBIAW',
'001Hr000021YGqXIAW',
'001Hr000021YGY1IAO',
'001Hr000021YGScIAO',
'001Hr000021YGQ2IAO',
'001Hr000021YGQ2IAO',
'001Hr000021YGQ2IAO',
'001Hr000021YGLbIAO',
'001Hr000021YG2tIAG',
'001Hr000021YDiHIAW',
'001Hr000021YDiHIAW',
'001Hr000021YDQZIA4',
'001Hr000021YC5rIAG',
'001Hr000021YC5rIAG',
'001Hr000021YBGAIA4',
'001Hr000021Y9oCIAS',
'001Hr000021Y9oCIAS',
'001Hr000021Y9a9IAC',
'001Hr000021Y9Y8IAK',
'001Hr000021Y9Y8IAK',
'001Hr000021Y8lKIAS',
'001Hr000021Y8FhIAK',
'001Hr000021Y6AjIAK',
'001Hr000021Y66DIAS',
'001Hr000021Y64WIAS',
'001Hr000021Y5yOIAS',
'001Hr000021Y5tcIAC',
'001Hr000021Y46IIAS',
'001Hr000021Y2I3IAK',
'001Hr000021Y1nVIAS',
'001Hr000021Y1klIAC',
'001Hr000021Y1klIAC',
'001Hr000021Y1klIAC',
'001Hr000021Y1jnIAC',
'001Hr000021Y1PlIAK',
'001Hr000021Y18dIAC',
'001Hr000021Y18dIAC',
'001Hr000021Y18dIAC',
'001Hr000021Y0nsIAC',
'001Hr000021XyPIIA0',
'001Hr000021Xy9KIAS',
'001Hr000021Xy1QIAS',
'001Hr000021XwH6IAK',
'001Hr000021XwH6IAK',
'001Hr000021XwH6IAK',
'001Hr000021XwD9IAK',
'001Hr000021XwCkIAK',
'001Hr000021XwCaIAK',
'001Hr000021XwC6IAK',
'001Hr000021XvvCIAS',
'001Hr000021XvvCIAS',
'001Hr000021XvvCIAS',
'001Hr000021XvpEIAS',
'001Hr000021XuJhIAK',
'001Hr000021XuJhIAK',
'001Hr000021XuCHIA0',
'001Hr000021XtyBIAS',
'001Hr000021Xts2IAC',
'001Hr000021XtrdIAC',
'001Hr000021Xtq5IAC',
'001Hr000021XtEoIAK',
'001Hr000021XssuIAC',
'001Hr000021XsrnIAC',
'001Hr000021XsTzIAK',
'001Hr000021XsTuIAK',
'001Hr000021XsTkIAK',
'001Hr000021XsCtIAK',
'001Hr000021Xs6CIAS',
'001Hr000021Xs5sIAC',
'001Hr000021Xs5OIAS',
'001Hr000021Xs59IAC',
'001Hr000021Xs46IAC',
'001Hr000021Xs46IAC',
'001Hr000021Xr02IAC',
'001Hr000021Xq9jIAC',
'001Hr000021Xq9jIAC',
'001Hr000021Xq8RIAS',
'001Hr000021Xq87IAC',
'001Hr000021Xq4jIAC',
'001Hr000021Xq45IAC',
'001Hr000021Xq37IAC',
'001Hr000021Xpp9IAC',
'001Hr000021Xpp9IAC',
'001Hr000021XpnXIAS',
'001Hr000021XocUIAS',
'001Hr000021XnCGIA0',
'001Hr000021Xmu2IAC',
'001Hr000021XmmDIAS',
'001Hr000021XmjiIAC',
'001Hr000021XmjTIAS',
'001Hr000021Xmj9IAC',
'001Hr000021Xmj4IAC',
'001Hr000021XmalIAC',
'001Hr000021XmF9IAK',
'001Hr000021Xm7eIAC',
'001Hr000021Xk0zIAC',
'001Hr000021XhsTIAS',
'001Hr000021XhqNIAS',
'001Hr000021XhqNIAS',
'001Hr000021XhkjIAC',
'001Hr000021XhbNIAS',
'001Hr000021XhPLIA0',
'001Hr000021Xh7CIAS',
'001Hr000021Xh7CIAS',
'001Hr000021XgxRIAS',
'001Hr000021XgmsIAC',
'001Hr000021XgRbIAK',
'001Hr000021XbrLIAS',
'001Hr000021XafEIAS',
'001Hr000021XafEIAS',
'001Hr000021XaW2IAK',
'001Hr000021Xa3FIAS',
'001Hr000021XZivIAG',
'001Hr000021XZDxIAO',
'001Hr000021XZDxIAO',
'001Hr000021XXZRIA4',
'001Hr000021XUq6IAG',
'001Hr000021XTM3IAO',
'001Hr000021XNAkIAO',
'001Hr000021XMy0IAG',
'001Hr000021XMrOIAW',
'001Hr000021XHCOIA4',
'001Hr000021XGChIAO',
'001Hr000021XGCgIAO',
'001Hr000021XGAbIAO',
'001Hr000021XFhsIAG',
'001Hr000021XFhsIAG',
'001Hr000021X9w3IAC',
'001Hr000021X9efIAC',
'001Hr000021X9UPIA0',
'001Hr000021X9BkIAK',
'001Hr000021X9BkIAK',
'001Hr000021X8JiIAK',
'001Hr000021X8HDIA0',
'001Hr000021X8FCIA0',
'001Hr000021X81uIAC',
'001Hr000021X81uIAC',
'001Hr000021X7l9IAC',
'001Hr000021X5lCIAS',
'001Hr000021X4WxIAK',
'001Hr000021X4WxIAK',
'001Hr000021X3p4IAC',
'001Hr000021X3p4IAC',
'001Hr000021X3gjIAC',
'001Hr000021X3Y7IAK',
'001Hr000021X1RQIA0',
'001Hr000021X0uRIAS',
'001Hr000021X0gKIAS',
'001Hr000021X0cNIAS',
'001Hr000021WyPsIAK',
'001Hr000021WyMAIA0',
'001Hr000021WyMAIA0',
'001Hr000021Wx1BIAS',
'001Hr000021WwUAIA0',
'001Hr000021WwUAIA0',
'001Hr000021WwHQIA0',
'001Hr000021WrXBIA0',
'001Hr000021WrBKIA0',
'001Hr000021WqufIAC',
'001Hr000021WqufIAC',
'001Hr000021WqGJIA0',
'001Hr000021WqE3IAK',
'001Hr000021WqE3IAK',
'001Hr000021WneFIAS',
'001Hr000021WncTIAS',
'001Hr000021WnWOIA0',
'001Hr000021WnWOIA0',
'001Hr000021WnS4IAK',
'001Hr000021WmUlIAK',
'001Hr000021Wm12IAC',
'001Hr000021WlDsIAK',
'001Hr000021WkLTIA0',
'001Hr000021Wk8jIAC',
'001Hr000021WittIAC',
'001Hr000021WgneIAC',
'001Hr000021WgLVIA0',
'001Hr000021WgLVIA0',
'001Hr000021WfrZIAS',
'001Hr000021WfrZIAS',
'001Hr000021WfX0IAK',
'001Hr000021WfX0IAK',
'001Hr000021WdZCIA0',
'001Hr000021WdRSIA0',
'001Hr000021WdQoIAK',
'001Hr000021Wd81IAC',
'001Hr000021WcicIAC',
'001Hr000021WcicIAC',
'001Hr000021WcicIAC',
'001Hr000021WZUTIA4',
'001Hr000021WZ3XIAW',
'001Hr000020aVVHIA2',
'001Hr000020aMilIAE',
'001Hr000020aMilIAE',
'001Hr000020aMcJIAU',
'001Hr000020aMcJIAU',
'001Hr000020aMXdIAM',
'001Hr000020aLbZIAU',
'001Hr000020aEnbIAE',
'001Hr000020aBANIA2',
'001Hr000020a8YfIAI',
'001Hr000020a8YfIAI',
'001Hr000020a8XrIAI',
'001Hr000020ZuEHIA0',
'001Hr000020Zu3sIAC',
'001Hr000020Zu3sIAC',
'001Hr000020ZtiiIAC',
'001Hr000020ZrMfIAK',
'001Hr000020ZmYWIA0',
'001Hr000020ZmMBIA0',
'001Hr000020ZmMBIA0',
'001Hr00001z1EqUIAU',
'001Hr00001z1DiHIAU',
'001Hr00001z1ClYIAU',
'001Hr00001z1CiAIAU',
'001Hr00001z1CRnIAM',
'001Hr00001z186NIAQ',
'001Hr00001z181wIAA',
'001Hr00001z16TWIAY',
'001Hr00001z14CjIAI',
'001Hr00001z148dIAA',
'001Hr00001z148dIAA',
'001Hr00001z0yyEIAQ',
'001Hr00001z0yvoIAA',
'001Hr00001z0yuMIAQ',
'001Hr00001z0yesIAA',
'001Hr00001z0ydGIAQ',
'001Hr00001z0ydGIAQ',
'001Hr00001z0yZTIAY',
'001Hr00001z0yNcIAI',
'001Hr00001z0yCoIAI',
'001Hr00001z0u94IAA',
'001Hr00001z0kifIAA',
'001Hr00001z0kVcIAI',
'001Hr00001z0jKCIAY',
'001Hr00001z0hiVIAQ',
'001Hr00001z0hZmIAI',
'001Hr00001z0gp8IAA',
'001Hr00001z0gdRIAQ',
'001Hr00001z0ZgIIAU',
'001Hr00001z0YiQIAU',
'001Hr00001z0Y8DIAU',
'001Hr00001z0W3bIAE',
'001Hr00001z0W3bIAE',
'001Hr00001z0Vc5IAE',
'001Hr00001z0VXjIAM',
'001Hr00001z0VT5IAM',
'001Hr00001z0VT5IAM',
'001Hr00001z0RnsIAE',
'001Hr00001z0RcaIAE',
'001Hr00001z0PGkIAM',
'001Hr00001z0MqSIAU',
'001Hr00001z0MndIAE',
'001Hr00001z0IYPIA2',
'001Hr00001z0IYPIA2',
'001Hr00001z0ICOIA2',
'001Hr00001z0HEpIAM',
'001Hr00001z0Fy2IAE',
'001Hr00001z0F6eIAE',
'001Hr00001z0Bd9IAE',
'001Hr00001z0BX6IAM',
'001Hr00001z0BDFIA2',
'001Hr00001z0AywIAE',
'001Hr00001z0AySIAU',
'001Hr00001z09uPIAQ',
'001Hr00001z07vwIAA',
'001Hr00001z02pOIAQ',
'001Hr00001z014vIAA',
'001Hr00001yzzRJIAY',
'001Hr00001yzugsIAA',
'001Hr00001yzFSrIAM',
'001Hr00001yzDuvIAE',
'001Hr00001yzDgKIAU',
'001Hr00001yzDgKIAU',
'001Hr00001yz5OxIAI',
'001Hr00001yz1pZIAQ',
'001Hr00001yz1pZIAQ',
'001Hr00001yyhaXIAQ',
'001Hr00001yyDsrIAE',
'001Hr00001yyDE6IAM',
'001Hr00001yyDE6IAM',
'001Hr00001yyCTqIAM',
'001Hr00001yy9pHIAQ',
'001Hr00001yy9pHIAQ',
'001Hr00001yy9TZIAY',
'001Hr00001yy8HjIAI',
'001Hr00001yy5y9IAA',
'001Hr00001yy5pbIAA',
'001Hr00001yy4HVIAY',
'001Hr00001yy1AzIAI',
'001Hr00001yxwZ7IAI',
'001Hr00001yxwZ7IAI',
'001Hr00001yxwDsIAI',
'001Hr00001yxwDsIAI',
'001Hr00001yxempIAA',
'001Hr00001yxSlzIAE',
'001Hr00001yxQbSIAU',
'001Hr00001yxJEcIAM',
'001Hr00001yxJCgIAM',
'001Hr00001yxIz3IAE',
'001Hr00001yxIz3IAE',
'001Hr00001yxIYfIAM',
'001Hr00001yxIYfIAM',
'001Hr00001yxINxIAM',
'001Hr00001yxICfIAM',
'001Hr00001yxHkDIAU',
'001Hr00001yxHVVIA2',
'001Hr00001yxDpAIAU',
'001Hr00001yxDRYIA2',
'001Hr00001yxCypIAE',
'001Hr00001yxCypIAE',
'001Hr00001yxCpwIAE',
'001Hr00001yxCpwIAE',
'001Hr00001yxCoZIAU',
'001Hr00001yxCH4IAM',
'001Hr00001yxCEpIAM',
'001Hr00001yx9abIAA',
'001Hr00001yx9UYIAY',
'001Hr00001yx8LDIAY',
'001Hr00001yx8LDIAY',
'001Hr00001yx5UuIAI',
'001Hr00001yx5TMIAY',
'001Hr00001yx5TMIAY',
'001Hr00001yx580IAA',
'001Hr00001yx580IAA',
'001Hr00001yx580IAA',
'001Hr00001yCuIWIA0',
'001Hr00001yBb2FIAS',
'001Hr00001yBZXaIAO',
'001Hr00001yBZXaIAO',
'001Hr00001yBY5xIAG',
'001Hr00001yBOXUIA4',
'001Hr00001yBM0QIAW',
'001Hr00001yBM0QIAW',
'001Hr00001yBLdbIAG',
'001Hr00001yBLdbIAG',
'001Hr00001yBHesIAG',
'001Hr00001yBHRoIAO',
'001Hr00001yAxP3IAK',
'001Hr00001yAu4JIAS',
'001Hr00001yAt3aIAC',
'001Hr00001yAsuWIAS',
'001Hr00001yApkFIAS',
'001Hr00001yApFZIA0',
'001Hr00001yAnDaIAK',
'001Hr00001yAefmIAC',
'001Hr00001yAefmIAC',
'001Hr00001yAdczIAC',
'001Hr00001yAdbmIAC',
'001Hr00001yAdbmIAC',
'001Hr00001yAdbNIAS',
'001Hr00001yAdbNIAS',
'001Hr00001yAdObIAK',
'001Hr00001yAdIrIAK',
'001Hr00001yAbtoIAC',
'001Hr00001yAbtoIAC',
'001Hr00001yAb86IAC',
'001Hr00001yAaIXIA0',
'001Hr00001yAZaQIAW',
'001Hr00001yAZaQIAW',
'001Hr00001yAZEjIAO',
'001Hr00001yAZ0IIAW',
'001Hr00001yAXDIIA4',
'001Hr00001yAXDIIA4',
'001Hr00001yAWYiIAO',
'001Hr00001yAWYiIAO',
'001Hr00001yAW1pIAG',
'001Hr00001yAW1pIAG',
'001Hr00001yARhvIAG',
'001Hr00001yAOEdIAO',
'001Hr00001yA7CTIA0',
'001Hr00001yA7CTIA0',
'001Hr00001yA5BpIAK',
'001Hr00001yA5BpIAK',
'001Hr00001yA4eMIAS',
'001Hr00001yA4eMIAS',
'001Hr00001y9sXNIAY',
'001Hr00001y9sXNIAY',
'001Hr00001y9sTpIAI',
'001Hr00001y9sQqIAI',
'001Hr00001y9pFBIAY',
'001Hr00001y9pFBIAY',
'001Hr00001y9op8IAA',
'001Hr00001y9op8IAA',
'001Hr00001y9oXdIAI',
'001Hr00001y9oWuIAI',
'001Hr00001y9oHkIAI',
'001Hr00001y9oHkIAI',
'001Hr00001y9oGDIAY',
'001Hr00001y9dACIAY',
'001Hr00001y9dACIAY',
'001Hr00001y9cv7IAA',
'001Hr00001y9cLrIAI',
'001Hr00001y9TMzIAM',
'001Hr00001y9TMzIAM',
'001Hr00001y9OUqIAM',
'001Hr00001y9OUqIAM',
'001Hr00001y9OILIA2',
'001Hr00001y9OILIA2',
'001Hr00001y9EpLIAU',
'001Hr00001y9EpLIAU',
'001Hr00001y9EB4IAM',
'001Hr00001y98faIAA',
'001Hr00001y98BBIAY',
'001Hr00001y92XsIAI',
'001Hr00001y92XJIAY',
'001Hr00001y92XJIAY',
'001Hr00001y90tCIAQ',
'001Hr00001y90rpIAA',
'001Hr00001y90raIAA',
'001Hr00001y90ogIAA',
'001Hr00001y90lXIAQ',
'001Hr00001y90j2IAA',
'001Hr00001y90g8IAA',
'001Hr00001y90g8IAA',
'001Hr00001y90dYIAQ',
'001Hr00001y90d9IAA',
'001Hr00001y90aoIAA',
'001Hr00001y90UfIAI',
'001Hr00001y90SPIAY',
'001Hr00001y90QJIAY',
'001Hr00001y90P1IAI',
'001Hr00001y90ONIAY',
'001Hr00001y90MCIAY',
'001Hr00001y90G9IAI',
'001Hr00001y90FLIAY',
'001Hr00001y90E8IAI',
'001Hr00001y90DoIAI',
'001Hr00001y9080IAA',
'001Hr00001y9080IAA',
'001Hr00001y907qIAA',
'001Hr00001y905aIAA',
'001Hr00001y9056IAA',
'001Hr00001y903AIAQ',
'001Hr00001y8zxqIAA',
'001Hr00001y8zdfIAA',
'001Hr00001y8zYPIAY',
'001Hr00001y8zCJIAY',
'001Hr00001y8z9ZIAQ',
'001Hr00001y8z9ZIAQ',
'001Hr00001y8z7OIAQ',
'001Hr00001y8z29IAA',
'001Hr00001y8z11IAA',
'001Hr00001y8yz0IAA',
'001Hr00001y8ysxIAA',
'001Hr00001y8yrGIAQ',
'001Hr00001y8yl8IAA',
'001Hr00001y8yinIAA',
'001Hr00001y8ycpIAA',
'001Hr00001y8yX1IAI',
'001Hr00001y8xBCIAY',
'001Hr00001y8x8rIAA',
'001Hr00001y8x8rIAA',
'001Hr00001y8x7PIAQ',
'001Hr00001y8x3IIAQ',
'001Hr00001y8wxPIAQ',
'001Hr00001y8wx5IAA',
'001Hr00001y8wwHIAQ',
'001Hr00001y8vL9IAI',
'001Hr00001y8vL9IAI',
'001Hr00001y8vK6IAI',
'001Hr00001y8urZIAQ',
'001Hr00001y8tY4IAI',
'001Hr00001y8tY4IAI',
'001Hr00001y8tVeIAI',
'001Hr00001y8tUbIAI',
'001Hr00001y8tMXIAY',
'001Hr00001y8tMXIAY',
'001Hr00001y8rVHIAY',
'001Hr00001y8rVHIAY',
'001Hr00001y8qvcIAA',
'001Hr00001y8ouNIAQ',
'001Hr00001y8ntPIAQ',
'001Hr00001y8mQJIAY',
'001Hr00001y8mQJIAY',
'001Hr00001y8kB1IAI',
'001Hr00001y8kB1IAI',
'001Hr00001wRoluIAC',
'001Hr00001wRo7fIAC',
'001Hr00001wRmGVIA0',
'001Hr00001wRlv4IAC',
'001Hr00001wRlv4IAC',
'001Hr00001wRldyIAC',
'001Hr00001wRl6kIAC',
'001Hr00001wRknOIAS',
'001Hr00001wRknOIAS',
'001Hr00001wRkEaIAK',
'001Hr00001wRkBtIAK',
'001Hr00001wRjxAIAS',
'001Hr00001wRhY9IAK',
'001Hr00001wRh1pIAC',
'001Hr00001wRh1pIAC',
'001Hr00001wRguOIAS',
'001Hr00001wRguOIAS',
'001Hr00001wRgpiIAC',
'001Hr00001wRgpiIAC',
'001Hr00001wReUtIAK',
'001Hr00001wReUtIAK',
'001Hr00001wReUAIA0',
'001Hr00001wReUAIA0',
'001Hr00001wRZl7IAG',
'001Hr00001wRZjGIAW',
'001Hr00001wRZjGIAW',
'001Hr00001wRZiIIAW',
'001Hr00001wRZX7IAO',
'001Hr00001wRZKCIA4',
'001Hr00001wRZAGIA4',
'001Hr00001wRZ9rIAG',
'001Hr00001wRYyUIAW',
'001Hr00001wRYcnIAG',
'001Hr00001wRYWRIA4',
'001Hr00001wRYTlIAO',
'001Hr00001wRYTgIAO',
'001Hr00001wRYGhIAO',
'001Hr00001wRX33IAG',
'001Hr00001wRWa5IAG',
'001Hr00001wRVc5IAG',
'001Hr00001wRV01IAG',
'001Hr00001wRSh2IAG',
'001Hr00001wRSh2IAG',
'001Hr00001wRSapIAG',
'001Hr00001wRSapIAG',
'001Hr00001wRSWOIA4',
'001Hr00001wRSVBIA4',
'001Hr00001wRSQGIA4',
'001Hr00001wRSQGIA4',
'001Hr00001wRQ0zIAG',
'001Hr00001wRPDwIAO',
'001Hr00001wRPDwIAO',
'001Hr00001wRPBWIA4',
'001Hr00001wROS7IAO',
'001Hr00001wROS7IAO',
'001Hr00001wRLJHIA4',
'001Hr00001wRLJHIA4',
'001Hr00001wRL5tIAG',
'001Hr00001wRL5tIAG',
'001Hr00001wRL3PIAW',
'001Hr00001wRL3PIAW',
'001Hr00001wRJZkIAO',
'001Hr00001wRIGXIA4',
'001Hr00001wRHjTIAW',
'001Hr00001wRHOBIA4',
'001Hr00001wRBIQIA4',
'001Hr00001wR90dIAC',
'001Hr00001wR6cOIAS',
'001Hr00001wR6cOIAS',
'001Hr00001wR6FPIA0',
'001Hr00001wR6FPIA0',
'001Hr00001wR3sQIAS',
'001Hr00001wR3rwIAC',
'001Hr00001wR3qZIAS',
'001Hr00001wR3gyIAC',
'001Hr00001wR3gyIAC',
'001Hr00001wR3PTIA0',
'001Hr00001wR3NcIAK',
'001Hr00001wR3NXIA0',
'001Hr00001wR3NXIA0',
'001Hr00001wQyzNIAS',
'001Hr00001wQyzNIAS',
'001Hr00001wQyVSIA0',
'001Hr00001wQyO7IAK',
'001Hr00001wQyO7IAK',
'001Hr00001wQyO7IAK',
'001Hr00001wQyO7IAK',
'001Hr00001wQwRwIAK',
'001Hr00001wQwRwIAK',
'001Hr00001wQwN6IAK',
'001Hr00001wQwN6IAK',
'001Hr00001wQvyVIAS',
'001Hr00001wQvoVIAS',
'001Hr00001wQvoVIAS',
'001Hr00001wQrPTIA0',
'001Hr00001wQoLnIAK',
'001Hr00001wQnv4IAC',
'001Hr00001wQha2IAC',
'001Hr00001wQhSSIA0',
'001Hr00001wQgY5IAK',
'001Hr00001wQgFXIA0',
'001Hr00001wQgCiIAK',
'001Hr00001wQgCTIA0',
'001Hr00001wQg8wIAC',
'001Hr00001wQg8qIAC',
'001Hr00001wQg7sIAC',
'001Hr00001wQg6aIAC',
'001Hr00001wQg5hIAC',
'001Hr00001wQg2sIAC',
'001Hr00001wQg2nIAC',
'001Hr00001wQg2dIAC',
'001Hr00001wQg2JIAS',
'001Hr00001wQg2EIAS',
'001Hr00001wQg1HIAS',
'001Hr00001wQfy7IAC',
'001Hr00001wQfxxIAC',
'001Hr00001wQfx4IAC',
'001Hr00001wQfvcIAC',
'001Hr00001wQfvDIAS',
'001Hr00001wQfutIAC',
'001Hr00001wQfsJIAS',
'001Hr00001wQfrGIAS',
'001Hr00001wQfpeIAC',
'001Hr00001wQfpUIAS',
'001Hr00001wQfpAIAS',
'001Hr00001wQfftIAC',
'001Hr00001wQfNsIAK',
'001Hr00001wQfNGIA0',
'001Hr00001wQfKCIA0',
'001Hr00001wQfK7IAK',
'001Hr00001wQfJEIA0',
'001Hr00001wQfIBIA0',
'001Hr00001wQfAgIAK',
'001Hr00001wQf9xIAC',
'001Hr00001wQf73IAC',
'001Hr00001wQexXIAS',
'001Hr00001wQeuxIAC',
'001Hr00001wQesSIAS',
'001Hr00001wQeqhIAC',
'001Hr00001wQeozIAC',
'001Hr00001wQemyIAC',
'001Hr00001wQemFIAS',
'001Hr00001wQelHIAS',
'001Hr00001wQekiIAC',
'001Hr00001wQekdIAC',
'001Hr00001wQekYIAS',
'001Hr00001wQeirIAC',
'001Hr00001wQehjIAC',
'001Hr00001wQehjIAC',
'001Hr00001wQegIIAS',
'001Hr00001wQegIIAS',
'001Hr00001wQeXKIA0',
'001Hr00001wQeTmIAK',
'001Hr00001wQeS0IAK',
'001Hr00001wQeOcIAK',
'001Hr00001wQeM7IAK',
'001Hr00001wQeLxIAK',
'001Hr00001wQeLJIA0',
'001Hr00001wQeKQIA0',
'001Hr00001wQeJwIAK',
'001Hr00001wQeGdIAK',
'001Hr00001wQeFVIA0',
'001Hr00001wQeBdIAK',
'001Hr00001wQcfXIAS',
'001Hr00001wQcYSIA0',
'001Hr00001wQcWgIAK',
'001Hr00001wQcLOIA0',
'001Hr00001wQbbPIAS',
'001Hr00001wQbXDIA0',
'001Hr00001wQbPGIA0',
'001Hr00001wQbPGIA0',
'001Hr00001wQb9KIAS',
'001Hr00001wQb7sIAC',
'001Hr00001wQb7JIAS',
'001Hr00001wQZ1UIAW',
'001Hr00001wQYwFIAW',
'001Hr00001wQYexIAG',
'001Hr00001wQYPJIA4',
'001Hr00001wQY96IAG',
'001Hr00001wQY59IAG',
'001Hr00001wQT2YIAW',
'001Hr00001wQNvJIAW',
'001Hr00001wQNvJIAW',
'001Hr00001wQNtrIAG',
'001Hr00001wQNtrIAG',
'001Hr00001wQNXWIA4',
'001Hr00001wQN5pIAG',
'001Hr00001wQN5pIAG',
'001Hr00001wQKsrIAG',
'001Hr00001wQKrZIAW',
'001Hr00001wQKrZIAW',
'001Hr00001wQKf9IAG',
'001Hr00001wQKW2IAO',
'001Hr00001wQKW2IAO',
'001Hr00001wQKJhIAO',
'001Hr00001wQKJhIAO',
'001Hr00001wQKFfIAO',
'001Hr00001wQKFfIAO',
'001Hr00001wQKApIAO',
'001Hr00001wQKApIAO',
'001Hr00001wQJaRIAW',
'001Hr00001wQJPfIAO',
'001Hr00001wQFBDIA4',
'001Hr00001wQFBDIA4',
'001Hr00001wQE2iIAG',
'001Hr00001wQE1QIAW',
'001Hr00001wQCl1IAG',
'001Hr00001wQAnLIAW',
'001Hr00001wQAFVIA4',
'001Hr00001wQAFVIA4',
'001Hr00001wQ9u0IAC',
'001Hr00001wQ9pQIAS',
'001Hr00001wQ9Z2IAK',
'001Hr00001wQ9RrIAK',
'001Hr00001wQ9NQIA0',
'001Hr00001wQ9KbIAK',
'001Hr00001wQ9CwIAK',
'001Hr00001wQ9CwIAK',
'001Hr00001wQ94JIAS',
'001Hr00001wQ8okIAC',
'001Hr00001wQ8htIAC',
'001Hr00001wQ5f0IAC',
'001Hr00001wQ5QAIA0',
'001Hr00001wQ5MSIA0',
'001Hr00001wQ4vMIAS',
'001Hr00001wQ4nSIAS',
'001Hr00001wQ2YPIA0',
'001Hr00001wQ26CIAS',
'001Hr00001wQ1x5IAC',
'001Hr00001wQ1hpIAC',
'001Hr00001wQ1IjIAK',
'001Hr00001wQ1HvIAK',
'001Hr00001wQ0G5IAK',
'001Hr00001wPvBRIA0',
'001Hr00001wPv8hIAC',
'001Hr00001wPv8hIAC',
'001Hr00001wPuFdIAK',
'001Hr00001wPu5sIAC',
'001Hr00001wPtExIAK',
'001Hr00001wPtExIAK',
'001Hr00001wPrWDIA0',
'001Hr00001wPrWDIA0',
'001Hr00001wPrJnIAK',
'001Hr00001wPr7pIAC',
'001Hr00001wPr7pIAC',
'001Hr00001wPr5ZIAS',
'001Hr00001wPr2pIAC',
'001Hr00001wPr2pIAC',
'001Hr00001wPq48IAC',
'001Hr00001wPoOZIA0',
'001Hr00001wPoBTIA0',
'001Hr00001wPo4gIAC',
'001Hr00001wPo48IAC',
'001Hr00001wPo0jIAC',
'001Hr00001wPo0PIAS',
'001Hr00001wPo0FIAS',
'001Hr00001wPnzHIAS',
'001Hr00001wPnv5IAC',
'001Hr00001wPnuqIAC',
'001Hr00001wPnntIAC',
'001Hr00001wPnXCIA0',
'001Hr00001wPnWwIAK',
'001Hr00001wPnWwIAK',
'001Hr00001wPn5uIAC',
'001Hr00001wPn5uIAC',
'001Hr00001wPmg0IAC',
'001Hr00001wPmccIAC',
'001Hr00001wPmPpIAK',
'001Hr00001wPmDPIA0',
'001Hr00001wPm7UIAS',
'001Hr00001wPlVhIAK',
'001Hr00001wPk0mIAC',
'001Hr00001wPjjNIAS',
'001Hr00001wPiBAIA0',
'001Hr00001wPeGKIA0',
'001Hr00001wPeGHIA0',
'001Hr00001wPe36IAC',
'001Hr00001wPdoQIAS',
'001Hr00001wPdXiIAK',
'001Hr00001wPYTIIA4',
'001Hr00001wPXqLIAW',
'001Hr00001wPU1FIAW',
'001Hr00001wPTdrIAG',
'001Hr00001wPTNPIA4',
'001Hr00001wPTNPIA4',
'001Hr00001wPSqtIAG',
'001Hr00001wPNkuIAG',
'001Hr00001wP1z6IAC',
'001Hr00001wP1z6IAC',
'001Hr00001wP1lwIAC',
'001Hr00001wP1fZIAS',
'001Hr00001wP1fZIAS',
'001Hr00001wP0v6IAC',
'001Hr00001wP0tDIAS',
'001Hr00001wP0rRIAS',
'001Hr00001wP0puIAC',
'001Hr00001wP0puIAC',
'001Hr00001wOv4QIAS',
'001Hr00001wOv4NIAS',
'001Hr00001wOqVvIAK',
'001Hr00001wOqEhIAK',
'001Hr00001wOoLHIA0',
'001Hr00001wOlE7IAK',
'001Hr00001wOj7xIAC',
'001Hr00001wOINDIA4',
'001Hr00001wOI8GIAW',
'001Hr00001wNcynIAC',
'001Hr00001wNcyYIAS',
'001Hr00001vEIBbIAO',
'001Hr00001vEIAxIAO',
'001Hr00001vEI8SIAW',
'001Hr00001vEHwbIAG',
'001Hr00001vEHwbIAG',
'001Hr00001vEHAJIA4',
'001Hr00001vEGwKIAW',
'001Hr00001vEGe5IAG',
'001Hr00001vEGe5IAG',
'001Hr00001vECPRIA4',
'001Hr00001vECPRIA4',
'001Hr00001vE6pGIAS',
'001Hr00001vE6k6IAC',
'001Hr00001vE3FpIAK',
'001Hr00001vE3FpIAK',
'001Hr00001vE3CqIAK',
'001Hr00001vE3CqIAK',
'001Hr00001vE2YcIAK',
'001Hr00001vE133IAC',
'001Hr00001vDx1GIAS',
'001Hr00001vDx1GIAS',
'001Hr00001vDw2qIAC',
'001Hr00001vDvvMIAS',
'001Hr00001vDvh8IAC',
'001Hr00001vDvh8IAC',
'001Hr00001vDsOyIAK',
'001Hr00001vDsOyIAK',
'001Hr00001vDrx7IAC',
'001Hr00001vDrgwIAC',
'001Hr00001vDrgwIAC',
'001Hr00001vDrgvIAC',
'001Hr00001vDrgvIAC',
'001Hr00001vDrezIAC',
'001Hr00001vDpGQIA0',
'001Hr00001vDpF3IAK',
'001Hr00001vDpF3IAK',
'001Hr00001vDpEPIA0',
'001Hr00001vDhgxIAC',
'001Hr00001vDhH0IAK',
'001Hr00001vDgzMIAS',
'001Hr00001vDfgSIAS',
'001Hr00001vDf2wIAC',
'001Hr00001vDdzUIAS',
'001Hr00001vDNWMIA4',
'001Hr00001vDHk9IAG',
'001Hr00001vDGrNIAW',
'001Hr00001vDGrNIAW',
'001Hr00001vDGkvIAG',
'001Hr00001vDFycIAG',
'001Hr00001vDB7IIAW',
'001Hr00001vD1t9IAC',
'001Hr00001vD1t9IAC',
'001Hr00001vCo5KIAS',
'001Hr00001vCo5KIAS',
'001Hr00001vCjaSIAS',
'001Hr00001vCjaSIAS',
'001Hr00001vBJpyIAG',
'001Hr00001vBJeVIAW',
'001Hr00001vBJY2IAO',
'001Hr00001vAwJwIAK',
'001Hr00001vAwGxIAK',
'001Hr00001vAwGxIAK',
'001Hr00001vAw33IAC',
'001Hr00001vAw33IAC',
'001Hr00001vAu6WIAS',
'001Hr00001vAu6WIAS',
'001Hr00001vAsWgIAK',
'001Hr00001vAsRvIAK',
'001Hr00001vAsRvIAK',
'001Hr00001vAs5ZIAS',
'001Hr00001vArxGIAS',
'001Hr00001vArNmIAK',
'001Hr00001vAqqKIAS',
'001Hr00001vAqqKIAS',
'001Hr00001vAqmmIAC',
'001Hr00001vAqmmIAC',
'001Hr00001vAqjTIAS',
'001Hr00001vAqGEIA0',
'001Hr00001vAq6iIAC',
'001Hr00001vAlyBIAS',
'001Hr00001vAfuGIAS',
'001Hr00001vAft8IAC',
'001Hr00001vAVVbIAO',
'001Hr00001vAUvfIAG',
'001Hr00001vAUvaIAG',
'001Hr00001vAUvVIAW',
'001Hr00001vAUvLIAW',
'001Hr00001vAUuwIAG',
'001Hr00001vAUrNIAW',
'001Hr00001vAUpsIAG',
'001Hr00001vAUplIAG',
'001Hr00001vAUpbIAG',
'001Hr00001vAUpWIAW',
'001Hr00001vAUZqIAO',
'001Hr00001vAUUlIAO',
'001Hr00001vAUUbIAO',
'001Hr00001vAUQoIAO',
'001Hr00001vAULdIAO',
'001Hr00001vASdJIAW',
'001Hr00001vAQiTIAW',
'001Hr00001vAQYVIA4',
'001Hr00001vAQYVIA4',
'001Hr00001vAPW4IAO',
'001Hr00001vAPJEIA4',
'001Hr00001vAODyIAO',
'001Hr00001vAM1lIAG',
'001Hr00001vALiKIAW',
'001Hr00001vACvbIAG',
'001Hr00001vACvbIAG',
'001Hr00001vA7HzIAK',
'001Hr00001vA7HzIAK',
'001Hr00001seqmAIAQ',
'001Hr00001sepukIAA',
'001Hr00001sepuBIAQ',
'001Hr00001semBxIAI',
'001Hr00001sejVwIAI',
'001Hr00001sejQwIAI',
'001Hr00001sejD9IAI',
'001Hr00001segPKIAY',
'001Hr00001sedW9IAI',
'001Hr00001sedT5IAI',
'001Hr00001sedT5IAI',
'001Hr00001seZbIIAU',
'001Hr00001seZRbIAM',
'001Hr00001seYAeIAM',
'001Hr00001seX18IAE',
'001Hr00001seWx1IAE',
'001Hr00001seWQ3IAM',
'001Hr00001seUOWIA2',
'001Hr00001seU0BIAU',
'001Hr00001seU0BIAU',
'001Hr00001seTtjIAE',
'001Hr00001seTo0IAE',
'001Hr00001seTlkIAE',
'001Hr00001seTfwIAE',
'001Hr00001seTfwIAE',
'001Hr00001seRlLIAU',
'001Hr00001seRlBIAU',
'001Hr00001seRl6IAE',
'001Hr00001seRjKIAU',
'001Hr00001seRjFIAU',
'001Hr00001seRfSIAU',
'001Hr00001seRcdIAE',
'001Hr00001seR1mIAE',
'001Hr00001seR0gIAE',
'001Hr00001seQzWIAU',
'001Hr00001seQzMIAU',
'001Hr00001seQxzIAE',
'001Hr00001seQwiIAE',
'001Hr00001seQw3IAE',
'001Hr00001seQvKIAU',
'001Hr00001seQugIAE',
'001Hr00001seQtTIAU',
'001Hr00001seQsBIAU',
'001Hr00001seQkLIAU',
'001Hr00001seQjmIAE',
'001Hr00001seQj3IAE',
'001Hr00001seQiyIAE',
'001Hr00001seQiKIAU',
'001Hr00001seQi0IAE',
'001Hr00001seQdZIAU',
'001Hr00001seQdFIAU',
'001Hr00001seQcRIAU',
'001Hr00001seQc2IAE',
'001Hr00001seQbYIAU',
'001Hr00001seQZIIA2',
'001Hr00001seQXRIA2',
'001Hr00001seQXHIA2',
'001Hr00001seQX2IAM',
'001Hr00001seQWoIAM',
'001Hr00001seQW4IAM',
'001Hr00001seQUmIAM',
'001Hr00001seQTjIAM',
'001Hr00001seQTeIAM',
'001Hr00001seQTKIA2',
'001Hr00001seQQQIA2',
'001Hr00001seQOjIAM',
'001Hr00001seQKmIAM',
'001Hr00001seQGzIAM',
'001Hr00001seQFSIA2',
'001Hr00001seQ5XIAU',
'001Hr00001seQ29IAE',
'001Hr00001seQ1kIAE',
'001Hr00001seQ1VIAU',
'001Hr00001sePw0IAE',
'001Hr00001sePmMIAU',
'001Hr00001sePNeIAM',
'001Hr00001sePNUIA2',
'001Hr00001sePNKIA2',
'001Hr00001sePNAIA2',
'001Hr00001sePG9IAM',
'001Hr00001sePCMIA2',
'001Hr00001sePCCIA2',
'001Hr00001sePBxIAM',
'001Hr00001seP5KIAU',
'001Hr00001seOetIAE',
'001Hr00001seOQLIA2',
'001Hr00001seMZlIAM',
'001Hr00001seMYYIA2',
'001Hr00001seMVFIA2',
'001Hr00001seLAhIAM',
'001Hr00001seKGzIAM',
'001Hr00001seKGpIAM',
'001Hr00001seJsdIAE',
'001Hr00001seJsYIAU',
'001Hr00001seJsJIAU',
'001Hr00001seJq9IAE',
'001Hr00001seJfMIAU',
'001Hr00001seJL0IAM',
'001Hr00001seJGPIA2',
'001Hr00001seJ9sIAE',
'001Hr00001seJ28IAE',
'001Hr00001seJ28IAE',
'001Hr00001seIllIAE',
'001Hr00001seIbRIAU',
'001Hr00001seIXjIAM',
'001Hr00001seHtAIAU',
'001Hr00001seHsWIAU',
'001Hr00001seHirIAE',
'001Hr00001seHHYIA2',
'001Hr00001seHDqIAM',
'001Hr00001seHB1IAM',
'001Hr00001seH3BIAU',
'001Hr00001seGsgIAE',
'001Hr00001seGpdIAE',
'001Hr00001seGE0IAM',
'001Hr00001seDpZIAU',
'001Hr00001seDZzIAM',
'001Hr00001seBt7IAE',
'001Hr00001seBP0IAM',
'001Hr00001seBMzIAM',
'001Hr00001se0jTIAQ',
'001Hr00001se0hwIAA',
'001Hr00001sdzamIAA',
'001Hr00001sdxmAIAQ',
'001Hr00001sdw87IAA',
'001Hr00001sdvd9IAA',
'001Hr00001sdm9BIAQ',
'001Hr00001sdlzGIAQ',
'001Hr00001sdlfLIAQ',
'001Hr00001sdlcgIAA',
'001Hr00001sdlZrIAI',
'001Hr00001sdlKIIAY',
'001Hr00001sdl7TIAQ',
'001Hr00001sdl7TIAQ',
'001Hr00001sdkEjIAI',
'001Hr00001sdkEjIAI',
'001Hr00001sdjHbIAI',
'001Hr00001sdiVlIAI',
'001Hr00001sdhnvIAA',
'001Hr00001sdhnqIAA',
'001Hr00001sdhZwIAI',
'001Hr00001sdhZXIAY',
'001Hr00001sdhO0IAI',
'001Hr00001sdgxdIAA',
'001Hr00001sdgxdIAA',
'001Hr00001sdeu0IAA',
'001Hr00001sdeIkIAI',
'001Hr00001sddezIAA',
'001Hr00001sddezIAA',
'001Hr00001sddRCIAY',
'001Hr00001sddLmIAI',
'001Hr00001sddKoIAI',
'001Hr00001sddCMIAY',
'001Hr00001sdbf7IAA',
'001Hr00001sdbWyIAI',
'001Hr00001sdbWVIAY',
'001Hr00001sdaz1IAA',
'001Hr00001sdaAqIAI',
'001Hr00001sdaAqIAI',
'001Hr00001sda1UIAQ',
'001Hr00001sda0WIAQ',
'001Hr00001sdTt7IAE',
'001Hr00001sdTfAIAU',
'001Hr00001sdRWkIAM',
'001Hr00001sdQ5wIAE',
'001Hr00001sdPXuIAM',
'001Hr00001sdPO2IAM',
'001Hr00001sdP5KIAU',
'001Hr00001sdLWoIAM',
'001Hr00001sdH7MIAU',
'001Hr00001sdEnBIAU',
'001Hr00001sdDfzIAE',
'001Hr00001sd8muIAA',
'001Hr00001sd63NIAQ',
'001Hr00001sd63NIAQ',
'001Hr00001sd5mHIAQ',
'001Hr00001sd2I7IAI',
'001Hr00001sczVxIAI',
'001Hr00001scy0GIAQ',
'001Hr00001scvXHIAY',
'001Hr00001scu2nIAA',
'001Hr00001sclmhIAA',
'001Hr00001sclLqIAI',
'001Hr00001sclLMIAY',
'001Hr00001sclKYIAY',
'001Hr00001sclKEIAY',
'001Hr00001sclKBIAY',
'001Hr00001sclKAIAY',
'001Hr00001sclJ1IAI',
'001Hr00001sclGDIAY',
'001Hr00001sckzGIAQ',
'001Hr00001sckxaIAA',
'001Hr00001sciPzIAI',
'001Hr00001schu8IAA',
'001Hr00001schMzIAI',
'001Hr00001schMzIAI',
'001Hr00001schMkIAI',
'001Hr00001schMGIAY',
'001Hr00001schDnIAI',
'001Hr00001scgoYIAQ',
'001Hr00001scgYaIAI',
'001Hr00001scgGbIAI',
'001Hr00001scgB7IAI',
'001Hr00001scg70IAA',
'001Hr00001scfkGIAQ',
'001Hr00001scffBIAQ',
'001Hr00001scf40IAA',
'001Hr00001scdrPIAQ',
'001Hr00001scdqbIAA',
'001Hr00001sccmJIAQ',
'001Hr00001sccm4IAA',
'001Hr00001sccluIAA',
'001Hr00001scchnIAA',
'001Hr00001sccQ4IAI',
'001Hr00001scbwgIAA',
'001Hr00001scb3iIAA',
'001Hr00001scXLDIA2',
'001Hr00001scXFHIA2',
'001Hr00001scWE6IAM',
'001Hr00001scVwMIAU',
'001Hr00001scTWEIA2',
'001Hr00001scQs5IAE',
'001Hr00001scQk0IAE',
'001Hr00001scQgDIAU',
'001Hr00001scQGSIA2',
'001Hr00001scOteIAE',
'001Hr00001scOEbIAM',
'001Hr00001scKAbIAM',
'001Hr00001scKACIA2',
'001Hr00001scJMmIAM',
'001Hr00001scHigIAE',
'001Hr00001scHZ0IAM',
'001Hr00001scHZ0IAM',
'001Hr00001scHYbIAM',
'001Hr00001scHXiIAM',
'001Hr00001scHGtIAM',
'001Hr00001scDloIAE',
'001Hr00001scD4tIAE',
'001Hr00001scCn4IAE',
'001Hr00001scCn4IAE',
'001Hr00001scBetIAE',
'001Hr00001sc8HhIAI',
'001Hr00001sc3auIAA',
'001Hr00001sc2ZZIAY',
'001Hr00001sc1l0IAA',
'001Hr00001sc0y3IAA',
'001Hr00001sbzNaIAI',
'001Hr00001sbwDHIAY',
'001Hr00001sbuSDIAY',
'001Hr00001sbuSDIAY',
'001Hr00001sbDCFIA2',
'001Hr00001sbBR7IAM',
'001Hr00001sbBBEIA2',
'001Hr00001sbAdcIAE',
'001Hr00001sbAKZIA2',
'001Hr00001sb9zCIAQ',
'001Hr00001sb9OpIAI',
'001Hr00001sb8mMIAQ',
'001Hr00001sb8ehIAA',
'001Hr00001sb8dtIAA',
'001Hr00001sb8azIAA',
'001Hr00001sb8ZcIAI',
'001Hr00001sb8WOIAY',
'001Hr00001sb8NWIAY',
'001Hr00001sb6zQIAQ',
'001Hr00001sb6y3IAA',
'001Hr00001sb6xtIAA',
'001Hr00001sb6xtIAA',
'001Hr00001sb6xPIAQ',
'001Hr00001sb6wlIAA',
'001Hr00001sb6uQIAQ',
'001Hr00001sb5X6IAI',
'001Hr00001sb5EnIAI',
'001Hr00001sb25iIAA',
'001Hr00001sb1xZIAQ',
'001Hr00001sb1xZIAQ',
'001Hr00001sazPcIAI',
'001Hr00001sayVIIAY',
'001Hr00001saxkXIAQ',
'001Hr00001saxkXIAQ',
'001Hr00001saxNDIAY',
'001Hr00001sausUIAQ',
'001Hr00001sasuSIAQ',
'001Hr00001sarghIAA',
'001Hr00001sarghIAA',
'001Hr00001sarOiIAI',
'001Hr00001sarOiIAI',
'001Hr00001sarNBIAY',
'001Hr00001sarNBIAY',
'001Hr00001samICIAY',
'001Hr00001salE8IAI',
'001Hr00001sakxGIAQ',
'001Hr00001sakx7IAA',
'001Hr00001sakZ4IAI',
'001Hr00001saezzIAA',
'001Hr00001rdrzPIAQ',
'001Hr00001rdpA5IAI',
'001Hr00001rdmMnIAI',
'001Hr00001rdm66IAA',
'001Hr00001rdm66IAA',
'001Hr00001rdlXkIAI',
'001Hr00001rdlX1IAI',
'001Hr00001rdlX1IAI',
'001Hr00001rdi4QIAQ',
'001Hr00001rdi25IAA',
'001Hr00001rdi25IAA',
'001Hr00001rdgzwIAA',
'001Hr00001rdg4RIAQ',
'001Hr00001rdg0jIAA',
'001Hr00001rdZP4IAM',
'001Hr00001rdX9aIAE',
'001Hr00001rdWsPIAU',
'001Hr00001rdWsPIAU',
'001Hr00001rdWZhIAM',
'001Hr00001rdWYoIAM',
'001Hr00001rcFwTIAU',
'001Hr00001rcEVLIA2',
'001Hr00001rcEVLIA2',
'001Hr00001rcBWVIA2',
'001Hr00001rcAD5IAM',
'001Hr00001rc8HbIAI',
'001Hr00001rc8HbIAI',
'001Hr00001rc6zUIAQ',
'001Hr00001rbfIQIAY',
'001Hr00001rbfIQIAY',
'001Hr00001rbdPjIAI',
'001Hr00001rbY7SIAU',
'001Hr00001rbXqgIAE',
'001Hr00001rbXqgIAE',
'001Hr00001rbVgxIAE',
'001Hr00001rbTXTIA2',
'001Hr00001rbTLvIAM',
'001Hr00001rbTLlIAM',
'001Hr00001rbSMIIA2',
'001Hr00001rbSMDIA2',
'001Hr00001rbRzOIAU',
'001Hr00001rbRxhIAE',
'001Hr00001rbRxhIAE',
'001Hr00001rbNKAIA2',
'001Hr00001rbDY8IAM',
'001Hr00001rbCm7IAE',
'001Hr00001rbCm7IAE',
'001Hr00001rb4cAIAQ',
'001Hr00001rb2MoIAI',
'001Hr00001rb0zFIAQ',
'001Hr00001raznMIAQ',
'001Hr00001razSgIAI',
'001Hr00001razSMIAY',
'001Hr00001razRnIAI',
'001Hr00001razRdIAI',
'001Hr00001razOBIAY',
'001Hr00001razMYIAY',
'001Hr00001razMJIAY',
'001Hr00001razKrIAI',
'001Hr00001razKhIAI',
'001Hr00001raz9ZIAQ',
'001Hr00001ray63IAA',
'001Hr00001ray4CIAQ',
'001Hr00001ray3iIAA',
'001Hr00001raxvXIAQ',
'001Hr00001raxpUIAQ',
'001Hr00001raxJEIAY',
'001Hr00001rawp1IAA',
'001Hr00001rawnoIAA',
'001Hr00001rawFNIAY',
'001Hr00001ravtTIAQ',
'001Hr00001ravq1IAA',
'001Hr00001ravVdIAI',
'001Hr00001ravM7IAI',
'001Hr00001ravHWIAY',
'001Hr00001rausRIAQ',
'001Hr00001rauYCIAY',
'001Hr00001rauDYIAY',
'001Hr00001rau2WIAQ',
'001Hr00001ratrIIAQ',
'001Hr00001ratqPIAQ',
'001Hr00001ratmmIAA',
'001Hr00001ratikIAA',
'001Hr00001ratXwIAI',
'001Hr00001rasoYIAQ',
'001Hr00001rasXDIAY',
'001Hr00001rasX3IAI',
'001Hr00001rasTpIAI',
'001Hr00001rasQbIAI',
'001Hr00001rasQWIAY',
'001Hr00001rasPJIAY',
'001Hr00001rasOkIAI',
'001Hr00001rasOVIAY',
'001Hr00001rasOQIAY',
'001Hr00001rasMZIAY',
'001Hr00001rasMQIAY',
'001Hr00001rasMKIAY',
'001Hr00001rasLCIAY',
'001Hr00001rasJzIAI',
'001Hr00001rarz1IAA',
'001Hr00001rarnAIAQ',
'001Hr00001rarSMIAY',
'001Hr00001rarEkIAI',
'001Hr00001raqeRIAQ',
'001Hr00001rapSmIAI',
'001Hr00001rapRPIAY',
'001Hr00001rapISIAY',
'001Hr00001rapFAIAY',
'001Hr00001raohHIAQ',
'001Hr00001raogZIAQ',
'001Hr00001rao4XIAQ',
'001Hr00001rao4IIAQ',
'001Hr00001ranZCIAY',
'001Hr00001ranXuIAI',
'001Hr00001ranNaIAI',
'001Hr00001ralpVIAQ',
'001Hr00001ralEPIAY',
'001Hr00001ral4FIAQ',
'001Hr00001rakaFIAQ',
'001Hr00001rai89IAA',
'001Hr00001rahwCIAQ',
'001Hr00001ragsgIAA',
'001Hr00001ragsgIAA',
'001Hr00001radqsIAA',
'001Hr00001rad8jIAA',
'001Hr00001racuNIAQ',
'001Hr00001racpcIAA',
'001Hr00001racpcIAA',
'001Hr00001racPZIAY',
'001Hr00001racNYIAY',
'001Hr00001racNYIAY',
'001Hr00001rabimIAA',
'001Hr00001raaDdIAI',
'001Hr00001raYeuIAE',
'001Hr00001raYIYIA2',
'001Hr00001raSPsIAM',
'001Hr00001raSPYIA2',
'001Hr00001raS3MIAU',
'001Hr00001raRqqIAE',
'001Hr00001raQtzIAE',
'001Hr00001raQlzIAE',
'001Hr00001raQlzIAE',
'001Hr00001raNlmIAE',
'001Hr00001raNjqIAE',
'001Hr00001raNRDIA2',
'001Hr00001raMvkIAE',
'001Hr00001raMoVIAU',
'001Hr00001raLeHIAU',
'001Hr00001raLXLIA2',
'001Hr00001raLXLIA2',
'001Hr00001raLDaIAM',
'001Hr00001raL7mIAE',
'001Hr00001raKOsIAM',
'001Hr00001raKJcIAM',
'001Hr00001raKJcIAM',
'001Hr00001raI24IAE',
'001Hr00001raI1kIAE',
'001Hr00001raHgDIAU',
'001Hr00001raGhjIAE',
'001Hr00001raGhjIAE',
'001Hr00001raGaiIAE',
'001Hr00001raGaiIAE',
'001Hr00001raFhnIAE',
'001Hr00001raFhnIAE',
'001Hr00001raFKYIA2',
'001Hr00001raFGRIA2',
'001Hr00001raEm7IAE',
'001Hr00001raEm7IAE',
'001Hr00001raEdFIAU',
'001Hr00001raBwOIAU',
'001Hr00001raAw3IAE',
'001Hr00001raAhUIAU',
'001Hr00001raAg2IAE',
'001Hr00001raAPLIA2',
'001Hr00001raAPLIA2',
'001Hr00001ra8roIAA',
'001Hr00001ra75hIAA',
'001Hr00001rOItaIAG',
'001Hr00001rOIoaIAG',
'001Hr00001rNhelIAC',
'001Hr00001rNgoXIAS',
'001Hr00001rNgnZIAS',
'001Hr00001rNgDRIA0',
'001Hr00001rNgDRIA0',
'001Hr00001rNgADIA0',
'001Hr00001rNgADIA0',
'001Hr00001rNfz5IAC',
'001Hr00001rNfz5IAC',
'001Hr00001rNdfwIAC',
'001Hr00001rNYNmIAO',
'001Hr00001rNYNmIAO',
'001Hr00001rNY3vIAG',
'001Hr00001rNXptIAG',
'001Hr00001rNXbwIAG',
'001Hr00001rNTsgIAG',
'001Hr00001rNTHqIAO',
'001Hr00001rNPoOIAW',
'001Hr00001rNOuaIAG',
'001Hr00001rNN7rIAG',
'001Hr00001rNM1uIAG',
'001Hr00001rNM1uIAG',
'001Hr00001rNL0TIAW',
'001Hr00001rNHXXIA4',
'001Hr00001rNGLRIA4',
'001Hr00001rNEp5IAG',
'001Hr00001rNER3IAO',
'001Hr00001rND8oIAG',
'001Hr00001rNCYjIAO',
'001Hr00001rNCYjIAO',
'001Hr00001rNBWNIA4',
'001Hr00001rNBNpIAO',
'001Hr00001rNBLLIA4',
'001Hr00001rNB9YIAW',
'001Hr00001rNB5gIAG',
'001Hr00001rN8hQIAS',
'001Hr00001qimEhIAI',
'001Hr00001qijtbIAA',
'001Hr00001qijq8IAA',
'001Hr00001qijXeIAI',
'001Hr00001qihwiIAA',
'001Hr00001qihZAIAY',
'001Hr00001qifNKIAY',
'001Hr00001qifNKIAY',
'001Hr00001qiZ1JIAU',
'001Hr00001qiZ1JIAU',
'001Hr00001qiYNIIA2',
'001Hr00001qiVT8IAM',
'001Hr00001qiVPkIAM',
'001Hr00001qiU32IAE',
'001Hr00001qiTvcIAE',
'001Hr00001qiSyZIAU',
'001Hr00001qiSyZIAU',
'001Hr00001qiRv4IAE',
'001Hr00001qiQFVIA2',
'001Hr00001qiQFVIA2',
'001Hr00001qiNLAIA2',
'001Hr00001qiM3GIAU',
'001Hr00001qiIpJIAU',
'001Hr00001qiFxTIAU',
'001Hr00001qiCNwIAM',
'001Hr00001qi7oyIAA',
'001Hr00001qi4c9IAA',
'001Hr00001qi4c4IAA',
'001Hr00001qi4bzIAA',
'001Hr00001qi4buIAA',
'001Hr00001qi4YIIAY',
'001Hr00001qi4W6IAI',
'001Hr00001qi4VwIAI',
'001Hr00001qi4VwIAI',
'001Hr00001qhyYXIAY',
'001Hr00001qhvjfIAA',
'001Hr00001qhvcTIAQ',
'001Hr00001qhvcTIAQ',
'001Hr00001qhvWoIAI',
'001Hr00001qhvWoIAI',
'001Hr00001qho35IAA',
'001Hr00001qhlDwIAI',
'001Hr00001qhkLAIAY',
'001Hr00001qhdmSIAQ',
'001Hr00001qhdK6IAI',
'001Hr00001qhc5UIAQ',
'001Hr00001qhc5UIAQ',
'001Hr00001qhY3jIAE',
'001Hr00001qhY3jIAE',
'001Hr00001qhY2MIAU',
'001Hr00001qhY2MIAU',
'001Hr00001qhRV3IAM',
'001Hr00001qhRV3IAM',
'001Hr00001qhNmnIAE',
'001Hr00001qhNmnIAE',
'001Hr00001qhNVmIAM',
'001Hr00001qhNVmIAM',
'001Hr00001qhLupIAE',
'001Hr00001qhHnZIAU',
'001Hr00001qhHevIAE',
'001Hr00001qhHOdIAM',
'001Hr00001qhGQNIA2',
'001Hr00001qhEn4IAE',
'001Hr00001qhE07IAE',
'001Hr00001qhDaEIAU',
'001Hr00001qYkIlIAK',
'001Hr00001qYihYIAS',
'001Hr00001qYiNHIA0',
'001Hr00001qYiNHIA0',
'001Hr00001qYiGkIAK',
'001Hr00001qYfbkIAC',
'001Hr00001qYf2ZIAS',
'001Hr00001qYZ1YIAW',
'001Hr00001qYWD8IAO',
'001Hr00001qYVJgIAO',
'001Hr00001qYVJgIAO',
'001Hr00001qYSr0IAG',
'001Hr00001qYSG8IAO',
'001Hr00001qYSG8IAO',
'001Hr00001qYPvXIAW',
'001Hr00001qYPvXIAW',
'001Hr00001qYOitIAG',
'001Hr00001qYKMBIA4',
'001Hr00001qYKMBIA4',
'001Hr00001qYGurIAG',
'001Hr00001qYF2DIAW',
'001Hr00001qYElzIAG',
'001Hr00001qYEfqIAG',
'001Hr00001qYE9fIAG',
'001Hr00001qYD0DIAW',
'001Hr00001qYCvNIAW',
'001Hr00001qYCnJIAW',
'001Hr00001qYCd2IAG',
'001Hr00001qYBBpIAO',
'001Hr00001qYBASIA4',
'001Hr00001qYAoCIAW',
'001Hr00001qYAaIIAW',
'001Hr00001qYAaIIAW',
'001Hr00001qY9mfIAC',
'001Hr00001qY9lmIAC',
'001Hr00001qY9czIAC',
'001Hr00001qY9brIAC',
'001Hr00001qY8B7IAK',
'001Hr00001qY8AsIAK',
'001Hr00001qY5cTIAS',
'001Hr00001qY5ZFIA0',
'001Hr00001qY59vIAC',
'001Hr00001qY59vIAC',
'001Hr00001qY3WEIA0',
'001Hr00001qY3WEIA0',
'001Hr00001qY34xIAC',
'001Hr00001qY2jJIAS',
'001Hr00001qY2jJIAS',
'001Hr00001qY2g5IAC',
'001Hr00001qY2aNIAS',
'001Hr00001qY2XrIAK',
'001Hr00001qY2ShIAK',
'001Hr00001qY2ShIAK',
'001Hr00001qY0llIAC',
'001Hr00001qXzvGIAS',
'001Hr00001qXzvGIAS',
'001Hr00001qXzphIAC',
'001Hr00001qXzphIAC',
'001Hr00001qXz4IIAS',
'001Hr00001qXtwyIAC',
'001Hr00001qXrKuIAK',
'001Hr00001qXoPDIA0',
'001Hr00001qXoPDIA0',
'001Hr00001qXkNUIA0',
'001Hr00001qXjfAIAS',
'001Hr00001qXjVxIAK',
'001Hr00001qXfiWIAS',
'001Hr00001qXfbQIAS',
'001Hr00001qXelhIAC',
'001Hr00001qXelhIAC',
'001Hr00001qXeWUIA0',
'001Hr00001qXeW1IAK',
'001Hr00001qXeEvIAK',
'001Hr00001qXe3rIAC',
'001Hr00001qXe3rIAC',
'001Hr00001qXdyIIAS',
'001Hr00001qXdyIIAS',
'001Hr00001qXdxKIAS',
'001Hr00001qXdh2IAC',
'001Hr00001qXGS7IAO',
'001Hr00001qXGS7IAO',
'001Hr00001qXG74IAG',
'001Hr00001qXG74IAG',
'001Hr00001qXFzyIAG',
'001Hr00001qXFzyIAG',
'001Hr00001qX1oYIAS',
'001Hr00001qWza6IAC',
'001Hr00001qWyU6IAK',
'001Hr00001qWy0nIAC',
'001Hr00001qWvvSIAS',
'001Hr00001qWvKzIAK',
'001Hr00001qWoqpIAC',
'001Hr00001qWofrIAC',
'001Hr00001qWlPkIAK',
'001Hr00001qWlPkIAK',
'001Hr00001qWj9ZIAS',
'001Hr00001qWj9ZIAS',
'001Hr00001qWiLOIA0',
'001Hr00001qWiKuIAK',
'001Hr00001qWhhiIAC',
'001Hr00001qWhPPIA0',
'001Hr00001qWh8mIAC',
'001Hr00001qWgdjIAC',
'001Hr00001qWgXVIA0',
'001Hr00001qWgSBIA0',
'001Hr00001qWgKlIAK',
'001Hr00001qWgKHIA0',
'001Hr00001qWgH3IAK',
'001Hr00001qWgFvIAK',
'001Hr00001qWgAuIAK',
'001Hr00001qWg9wIAC',
'001Hr00001qWg8tIAC',
'001Hr00001qWeqGIAS',
'001Hr00001qWdPcIAK',
'001Hr00001qWdPXIA0',
'001Hr00001qWdPNIA0',
'001Hr00001qWdGIIA0',
'001Hr00001qWd6WIAS',
'001Hr00001qWd4VIAS',
'001Hr00001qWd3DIAS',
'001Hr00001qWcYPIA0',
'001Hr00001qWbRwIAK',
'001Hr00001qWbRwIAK',
'001Hr00001qWZiwIAG',
'001Hr00001qWZ9PIAW',
'001Hr00001qWYeaIAG',
'001Hr00001qWYYMIA4',
'001Hr00001qWYTQIA4',
'001Hr00001qWYSwIAO',
'001Hr00001qWYSwIAO',
'001Hr00001qWWW3IAO',
'001Hr00001qWSwDIAW',
'001Hr00001qWShTIAW',
'001Hr00001qWRyUIAW',
'001Hr00001qWRAHIA4',
'001Hr00001qWQg5IAG',
'001Hr00001qWPzAIAW',
'001Hr00001qWPzAIAW',
'001Hr00001qWPyqIAG',
'001Hr00001qWPhdIAG',
'001Hr00001qWPhdIAG',
'001Hr00001qWPhOIAW',
'001Hr00001qWPhOIAW',
'001Hr00001qWPcdIAG',
'001Hr00001qWPc9IAG',
'001Hr00001qWPc9IAG',
'001Hr00001qWPaDIAW',
'001Hr00001qWPXsIAO',
'001Hr00001qWPWzIAO',
'001Hr00001qWPWzIAO',
'001Hr00001qWPJtIAO',
'001Hr00001qWOw2IAG',
'001Hr00001qWOw2IAG',
'001Hr00001qWO4eIAG',
'001Hr00001qWKifIAG',
'001Hr00001qWJieIAG',
'001Hr00001qWIz9IAG',
'001Hr00001qQKv0IAG',
'001Hr00001qQKuRIAW',
'001Hr00001qQKXmIAO',
'001Hr00001qQIdNIAW',
'001Hr00001qQDVoIAO',
'001Hr00001qQDVoIAO',
'001Hr00001qQCt2IAG',
'001Hr00001qQCt2IAG',
'001Hr00001qQCpcIAG',
'001Hr00001qQCooIAG',
'001Hr00001qQByfIAG',
'001Hr00001qQByfIAG',
'001Hr00001qQBBaIAO',
'001Hr00001qQ2Z9IAK',
'001Hr00001qQ0lxIAC',
'001Hr00001qQ0lxIAC',
'001Hr00001qPzStIAK',
'001Hr00001qPzStIAK',
'001Hr00001pVm7QIAS',
'001Hr00001pVm7QIAS',
'001Hr00001pVkMBIA0',
'001Hr00001pViKKIA0',
'001Hr00001pVgatIAC',
'001Hr00001pVgYsIAK',
'001Hr00001pVfJgIAK',
'001Hr00001pVezvIAC',
'001Hr00001pVezvIAC',
'001Hr00001pVeJqIAK',
'001Hr00001pVeJCIA0',
'001Hr00001pVdO8IAK',
'001Hr00001pVdO8IAK',
'001Hr00001pVXidIAG',
'001Hr00001pVXUfIAO',
'001Hr00001pVJbhIAG',
'001Hr00001pVJURIA4',
'001Hr00001pVIePIAW',
'001Hr00001pVIePIAW',
'001Hr00001pVIdHIAW',
'001Hr00001pVIdHIAW',
'001Hr00001pVFA5IAO',
'001Hr00001pVF4bIAG',
'001Hr00001pVEuuIAG',
'001Hr00001pVDuKIAW',
'001Hr00001pVDuKIAW',
'001Hr00001pV8taIAC',
'001Hr00001pV8qWIAS',
'001Hr00001pV4EfIAK',
'001Hr00001pV2NMIA0',
'001Hr00001pV286IAC',
'001Hr00001pV1okIAC',
'001Hr00001pV1okIAC',
'001Hr00001pV0TbIAK',
'001Hr00001pV0TbIAK',
'001Hr00001pUyqIIAS',
'001Hr00001pUyGEIA0',
'001Hr00001pUyGEIA0',
'001Hr00001pUxPbIAK',
'001Hr00001pUxCvIAK',
'001Hr00001pUxCpIAK',
'001Hr00001pUxCkIAK',
'001Hr00001pUxBXIA0',
'001Hr00001pUx9WIAS',
'001Hr00001pUwCXIA0',
'001Hr00001pUvREIA0',
'001Hr00001pUv51IAC',
'001Hr00001pUv51IAC',
'001Hr00001pUu7CIAS',
'001Hr00001pUu7CIAS',
'001Hr00001pUu2MIAS',
'001Hr00001pUu2MIAS',
'001Hr00001pUrogIAC',
'001Hr00001pUrogIAC',
'001Hr00001pUrhfIAC',
'001Hr00001pUrhfIAC',
'001Hr00001pUpN6IAK',
'001Hr00001pUp8fIAC',
'001Hr00001pUmn1IAC',
'001Hr00001pUmn1IAC',
'001Hr00001pUmV0IAK',
'001Hr00001pUmSyIAK',
'001Hr00001pUlMtIAK',
'001Hr00001pUkxkIAC',
'001Hr00001pUkhzIAC',
'001Hr00001pUjtzIAC',
'001Hr00001pUjkWIAS',
'001Hr00001pUjkWIAS',
'001Hr00001pUhpKIAS',
'001Hr00001pUhoRIAS',
'001Hr00001pUgwEIAS',
'001Hr00001pUguTIAS',
'001Hr00001pUguTIAS',
'001Hr00001pUgGJIA0',
'001Hr00001pUgGJIA0',
'001Hr00001pUgB4IAK',
'001Hr00001pUg6sIAC',
'001Hr00001pUffMIAS',
'001Hr00001pUffMIAS',
'001Hr00001pUeNeIAK',
'001Hr00001pUeNeIAK',
'001Hr00001pUe3wIAC',
'001Hr00001pUe3wIAC',
'001Hr00001pUbG5IAK',
'001Hr00001pUZf4IAG',
'001Hr00001pUZf4IAG',
'001Hr00001pUZd8IAG',
'001Hr00001pUZd8IAG',
'001Hr00001pUZQNIA4',
'001Hr00001pUZGvIAO',
'001Hr00001pUXiuIAG',
'001Hr00001pUXhhIAG',
'001Hr00001pUVDNIA4',
'001Hr00001pUSaZIAW',
'001Hr00001pUSaZIAW',
'001Hr00001pUSKRIA4',
'001Hr00001pURmMIAW',
'001Hr00001pURmMIAW',
'001Hr00001pUQv0IAG',
'001Hr00001pUQv0IAG',
'001Hr00001pULwoIAG',
'001Hr00001pULwoIAG',
'001Hr00001pULFiIAO',
'001Hr00001pUKDDIA4',
'001Hr00001pUKDDIA4',
'001Hr00001pUHlTIAW',
'001Hr00001pUElrIAG',
'001Hr00001pUEftIAG',
'001Hr00001pUELtIAO',
'001Hr00001pUDmxIAG',
'001Hr00001pUDJgIAO',
'001Hr00001pUAA9IAO',
'001Hr00001pUA0dIAG',
'001Hr00001pUA0dIAG',
'001Hr00001pU9TYIA0',
'001Hr00001pU9GHIA0',
'001Hr00001pU9GHIA0',
'001Hr00001pU87qIAC',
'001Hr00001pU7EkIAK',
'001Hr00001pU6XRIA0',
'001Hr00001pU6AyIAK',
'001Hr00001pTx2rIAC',
'001Hr00001pTx2rIAC',
'001Hr00001pTvOcIAK',
'001Hr00001pTuhGIAS',
'001Hr00001pTtHPIA0',
'001Hr00001pTshjIAC',
'001Hr00001pTqihIAC',
'001Hr00001pTqihIAC',
'001Hr00001pTgCwIAK',
'001Hr00001pKyVbIAK',
'001Hr00001pKyVMIA0',
'001Hr00001pKyG4IAK',
'001Hr00001pKxcgIAC',
'001Hr00001pKtHBIA0',
'001Hr00001pKtHBIA0',
'001Hr00001pKrciIAC',
'001Hr00001pKracIAC',
'001Hr00001pKpfiIAC',
'001Hr00001pKo2VIAS',
'001Hr00001pKmBCIA0',
'001Hr00001pKkmfIAC',
'001Hr00001pKddZIAS',
'001Hr00001pKddTIAS',
'001Hr00001pKcqFIAS',
'001Hr00001pKcqFIAS',
'001Hr00001pKbWYIA0',
'001Hr00001pKa1mIAC',
'001Hr00001pKZPSIA4',
'001Hr00001pKXyLIAW',
'001Hr00001pKXy1IAG',
'001Hr00001pKXXeIAO',
'001Hr00001pKWNSIA4',
'001Hr00001pKWGfIAO',
'001Hr00001pKW5rIAG',
'001Hr00001pKVrVIAW',
'001Hr00001pKTzfIAG',
'001Hr00001pKTHiIAO',
'001Hr00001pKTHiIAO',
'001Hr00001pKTETIA4',
'001Hr00001pKT9OIAW',
'001Hr00001pKT9OIAW',
'001Hr00001pKT4dIAG',
'001Hr00001pKT4dIAG',
'001Hr00001pKRwIIAW',
'001Hr00001pKRwIIAW',
'001Hr00001pKR5qIAG',
'001Hr00001pKR3fIAG',
'001Hr00001pKNrUIAW',
'001Hr00001pKNrUIAW',
'001Hr00001pKL6PIAW',
'001Hr00001pKKKpIAO',
'001Hr00001pKKIUIA4',
'001Hr00001pKIH0IAO',
'001Hr00001pKIDiIAO',
'001Hr00001pKGYCIA4',
'001Hr00001pKFeOIAW',
'001Hr00001pKB9PIAW',
'001Hr00001pKAegIAG',
'001Hr00001pK9HvIAK',
'001Hr00001pK9HvIAK',
'001Hr00001pK7yJIAS',
'001Hr00001pK41MIAS',
'001Hr00001pK41MIAS',
'001Hr00001pK3zkIAC',
'001Hr00001pK3UXIA0',
'001Hr00001pK3QfIAK',
'001Hr00001pK1oxIAC',
'001Hr00001pK08nIAC',
'001Hr00001pK08eIAC',
'001Hr00001pJunlIAC',
'001Hr00001pJt5DIAS',
'001Hr00001pJsoCIAS',
'001Hr00001pJqLpIAK',
'001Hr00001pJoNAIA0',
'001Hr00001pJoNAIA0',
'001Hr00001pJjtyIAC',
'001Hr00001pJjtyIAC',
'001Hr00001pJjQcIAK',
'001Hr00001pJeUXIA0',
'001Hr00001pJbbJIAS',
'001Hr00001pJbbJIAS',
'001Hr00001pJXiuIAG',
'001Hr00001pJXhMIAW',
'001Hr00001pJWo7IAG',
'001Hr00001pJWmpIAG',
'001Hr00001pJStRIAW',
'001Hr00001pJOvCIAW',
'001Hr00001pJOvCIAW',
'001Hr00001pJKJUIA4',
'001Hr00001pJKJUIA4',
'001Hr00001pJK0NIAW',
'001Hr00001pJFz1IAG',
'001Hr00001pJFz1IAG',
'001Hr00001pJFCAIA4',
'001Hr00001pJFCAIA4',
'001Hr00001pJET5IAO',
'001Hr00001pJ9fqIAC',
'001Hr00001pJ9fqIAC',
'001Hr00001pJ77uIAC',
'001Hr00001pJ2DSIA0',
'001Hr00001pJ03yIAC',
'001Hr00001pIzkUIAS',
'001Hr00001pIyVTIA0',
'001Hr00001pIwusIAC',
'001Hr00001pIpa7IAC',
'001Hr00001pInhuIAC',
'001Hr00001pInhuIAC',
'001Hr00001pImEoIAK',
'001Hr00001pImEoIAK',
'001Hr00001pIm6LIAS',
'001Hr00001pIm6LIAS',
'001Hr00001pIiJzIAK',
'001Hr00001pIi4zIAC',
'001Hr00001pIfqpIAC',
'001Hr00001pIfReIAK',
'001Hr00001pIcjYIAS',
'001Hr00001pIcikIAC',
'001Hr00001pIc2xIAC',
'001Hr00001pIXsSIAW',
'001Hr00001pIXsSIAW',
'001Hr00001pIXARIA4',
'001Hr00001pIXARIA4',
'001Hr00001pIX5BIAW',
'001Hr00001pIWuaIAG',
'001Hr00001pIWiTIAW',
'001Hr00001pIVpxIAG',
'001Hr00001pIVpxIAG',
'001Hr00001pIU69IAG',
'001Hr00001pITd2IAG',
'001Hr00001pIRTFIA4',
'001Hr00001pIQzEIAW',
'001Hr00001pIQzEIAW',
'001Hr00001pIQGXIA4',
'001Hr00001pIQGXIA4',
'001Hr00001pIPl0IAG',
'001Hr00001pIPNIIA4',
'001Hr00001pIPNIIA4',
'001Hr00001pIOJRIA4',
'001Hr00001pIOJRIA4',
'001Hr00001pINOfIAO',
'001Hr00001pINOfIAO',
'001Hr00001pIN6lIAG',
'001Hr00001pIJJiIAO',
'001Hr00001pIJH3IAO',
'001Hr00001pIJEsIAO',
'001Hr00001pIIEtIAO',
'001Hr00001pIHHNIA4',
'001Hr00001pIH3aIAG',
'001Hr00001pIGV9IAO',
'001Hr00001pIFIbIAO',
'001Hr00001pIFIbIAO',
'001Hr00001pIDjaIAG',
'001Hr00001pIDGtIAO',
'001Hr00001pIDEGIA4',
'001Hr00001pID2AIAW',
'001Hr00001pIBLOIA4',
'001Hr00001pI7PoIAK',
'001Hr00001pI6BdIAK',
'001Hr00001pI1zrIAC',
'001Hr00001pHxZ9IAK',
'001Hr00001pHxCZIA0',
'001Hr00001pHrVKIA0',
'001Hr00001pHlbQIAS',
'001Hr00001pHiL5IAK',
'001Hr00001pHgvYIAS',
'001Hr00001pHck2IAC',
'001Hr00001pHZVGIA4',
'001Hr00001pHT5PIAW',
'001Hr00001pHT5PIAW',
'001Hr00001pHSdcIAG',
'001Hr00001pHS6tIAG',
'001Hr00001pHS6tIAG',
'001Hr00001pHR9NIAW',
'001Hr00001pHR9NIAW',
'001Hr00001pHMIEIA4',
'001Hr00001pHMIEIA4',
'001Hr00001pHLwrIAG',
'001Hr00001pHLRKIA4',
'001Hr00001pHLRKIA4',
'001Hr00001pHKvxIAG',
'001Hr00001pHJd3IAG',
'001Hr00001pHJd3IAG',
'001Hr00001pHErUIAW',
'001Hr00001pHEnrIAG',
'001Hr00001pHEnrIAG',
'001Hr00001pHEkEIAW',
'001Hr00001pHEkEIAW',
'001Hr00001pHCyrIAG',
'001Hr00001pHCSbIAO',
'001Hr00001pHAw0IAG',
'001Hr00001pH8FyIAK',
'001Hr00001pH7J6IAK',
'001Hr00001pH4tZIAS',
'001Hr00001pH4tZIAS',
'001Hr00001oWtBuIAK',
'001Hr00001oWtBuIAK',
'001Hr00001oWrFFIA0',
'001Hr00001oWnRcIAK',
'001Hr00001oWnIBIA0',
'001Hr00001oWnIBIA0',
'001Hr00001oWnEOIA0',
'001Hr00001oWnEOIA0',
'001Hr00001oWn6kIAC',
'001Hr00001oWn6kIAC',
'001Hr00001oWjMvIAK',
'001Hr00001oWjMvIAK',
'001Hr00001oVRM6IAO',
'001Hr00001oVRM6IAO',
'001Hr00001oUA0aIAG',
'001Hr00001oUA0aIAG',
'001Hr00001oU9pIIAS',
'001Hr00001oU9nbIAC',
'001Hr00001oU9nbIAC',
'001Hr00001oU6SNIA0',
'001Hr00001oU6NIIA0',
'001Hr00001oU6NIIA0',
'001Hr00001oU4SGIA0',
'001Hr00001oTid6IAC',
'001Hr00001oTid6IAC',
'001Hr00001oTg8iIAC',
'001Hr00001oTfWmIAK',
'001Hr00001oTfTJIA0',
'001Hr00001oTfTJIA0',
'001Hr00001oTeytIAC',
'001Hr00001oTeytIAC',
'001Hr00001oTewiIAC',
'001Hr00001oTWpUIAW',
'001Hr00001oTWSEIA4',
'001Hr00001oTVeQIAW',
'001Hr00001oTSn6IAG',
'001Hr00001oTQFzIAO',
'001Hr00001oTQDtIAO',
'001Hr00001oTQCgIAO',
'001Hr00001oTQ9rIAG',
'001Hr00001oTQ3ZIAW',
'001Hr00001oTMg6IAG',
'001Hr00001nzKSwIAM',
'001Hr00001nzItQIAU',
'001Hr00001nzIrFIAU',
'001Hr00001nzIFfIAM',
'001Hr00001nzIFfIAM',
'001Hr00001nzHamIAE',
'001Hr00001nzEPkIAM',
'001Hr00001nzEPkIAM',
'001Hr00001nzB3TIAU',
'001Hr00001nz53NIAQ',
'001Hr00001nz53NIAQ',
'001Hr00001nz4dZIAQ',
'001Hr00001nz3ZHIAY',
'001Hr00001nz1TtIAI',
'001Hr00001nz1TtIAI',
'001Hr00001nz1FSIAY',
'001Hr00001nz0caIAA',
'001Hr00001nz0cQIAQ',
'001Hr00001nyzVDIAY',
'001Hr00001nyzEMIAY',
'001Hr00001nyzEMIAY',
'001Hr00001nyylnIAA',
'001Hr00001nyyliIAA',
'001Hr00001nyspDIAQ',
'001Hr00001nyo9IIAQ',
'001Hr00001nxTFpIAM',
'001Hr00001nxSzmIAE',
'001Hr00001nxNyUIAU',
'001Hr00001nxMLZIA2',
'001Hr00001nxGZuIAM',
'001Hr00001nxFeqIAE',
'001Hr00001nxEM0IAM',
'001Hr00001nxByJIAU',
'001Hr00001nx5XrIAI',
'001Hr00001nx5XrIAI',
'001Hr00001nx4EEIAY',
'001Hr00001nx4EEIAY',
'001Hr00001nx2K3IAI',
'001Hr00001nwzlrIAA',
'001Hr00001nwuIIIAY',
'001Hr00001nwszHIAQ',
'001Hr00001nwqXGIAY',
'001Hr00001nwqL6IAI',
'001Hr00001nwq8OIAQ',
'001Hr00001nwpzOIAQ',
'001Hr00001nwpsxIAA',
'001Hr00001nwpp4IAA',
'001Hr00001nwpOrIAI',
'001Hr00001nwooxIAA',
'001Hr00001nwoZcIAI',
'001Hr00001nwo37IAA',
'001Hr00001nwo1zIAA',
'001Hr00001nwnOOIAY',
'001Hr00001nwn9JIAQ',
'001Hr00001nwmyPIAQ',
'001Hr00001nwmYXIAY',
'001Hr00001nwmYNIAY',
'001Hr00001nwmYDIAY',
'001Hr00001nwmY3IAI',
'001Hr00001nwmXyIAI',
'001Hr00001nwmLYIAY',
'001Hr00001nwlGlIAI',
'001Hr00001nwlE6IAI',
'001Hr00001nwkpFIAQ',
'001Hr00001nwkckIAA',
'001Hr00001nwkGMIAY',
'001Hr00001nwi9RIAQ',
'001Hr00001nwi9RIAQ',
'001Hr00001nweo7IAA',
'001Hr00001nwdysIAA',
'001Hr00001nwdysIAA',
'001Hr00001nwaf2IAA',
'001Hr00001nwa11IAA',
'001Hr00001nwZZ7IAM',
'001Hr00001nwZ4iIAE',
'001Hr00001nwVu8IAE',
'001Hr00001nwVV2IAM',
'001Hr00001nwV1CIAU',
'001Hr00001nwS0jIAE',
'001Hr00001nwRmRIAU',
'001Hr00001nwQtCIAU',
'001Hr00001nwQTYIA2',
'001Hr00001nwQ8VIAU',
'001Hr00001nwQ8VIAU',
'001Hr00001nwOqZIAU',
'001Hr00001nwOqZIAU',
'001Hr00001nwNefIAE',
'001Hr00001nwNDtIAM',
'001Hr00001nwNDtIAM',
'001Hr00001nwMiHIAU',
'001Hr00001nwMeeIAE',
'001Hr00001nwKDwIAM',
'001Hr00001nwBzVIAU',
'001Hr00001nw9AKIAY',
'001Hr00001nw8RAIAY',
'001Hr00001nw60aIAA',
'001Hr00001nw5e7IAA',
'001Hr00001nw5PMIAY',
'001Hr00001nw56WIAQ',
'001Hr00001nw4roIAA',
'001Hr00001nw4L9IAI',
'001Hr00001nw4KGIAY',
'001Hr00001nw4FpIAI',
'001Hr00001nw4FpIAI',
'001Hr00001nw47lIAA',
'001Hr00001nw2tYIAQ',
'001Hr00001nw2daIAA',
'001Hr00001njD5zIAE',
'001Hr00001njCU0IAM',
'001Hr00001njCTbIAM',
'001Hr00001njCRBIA2',
'001Hr00001njCRBIA2',
'001Hr00001nj6oKIAQ',
'001Hr00001nj6oKIAQ',
'001Hr00001nj5ixIAA',
'001Hr00001nj5ixIAA',
'001Hr00001nj4bGIAQ',
'001Hr00001nj4UGIAY',
'001Hr00001nj3ZaIAI',
'001Hr00001nj3NyIAI',
'001Hr00001nj2z8IAA',
'001Hr00001nj2pXIAQ',
'001Hr00001nj2lKIAQ',
'001Hr00001nj2fCIAQ',
'001Hr00001nj2RmIAI',
'001Hr00001nj2RSIAY',
'001Hr00001nj2QtIAI',
'001Hr00001nj2KLIAY',
'001Hr00001nj2GiIAI',
'001Hr00001nj2DjIAI',
'001Hr00001nj2DKIAY',
'001Hr00001nj2CWIAY',
'001Hr00001nj2C2IAI',
'001Hr00001nj2AuIAI',
'001Hr00001nj28eIAA',
'001Hr00001nj27MIAQ',
'001Hr00001nj26nIAA',
'001Hr00001nj260IAA',
'001Hr00001nj25kIAA',
'001Hr00001nj23tIAA',
'001Hr00001nj1vGIAQ',
'001Hr00001nj1uDIAQ',
'001Hr00001nj1eoIAA',
'001Hr00001nj1eeIAA',
'001Hr00001nj1eFIAQ',
'001Hr00001nj1dHIAQ',
'001Hr00001nj1b6IAA',
'001Hr00001nj1ahIAA',
'001Hr00001nj1ZQIAY',
'001Hr00001nj1XYIAY',
'001Hr00001nj1W6IAI',
'001Hr00001nj1VSIAY',
'001Hr00001nj1R0IAI',
'001Hr00001nj1PdIAI',
'001Hr00001nj1P9IAI',
'001Hr00001nj1OQIAY',
'001Hr00001nj1ImIAI',
'001Hr00001nj1ELIAY',
'001Hr00001nj1DmIAI',
'001Hr00001nj1BDIAY',
'001Hr00001nj19QIAQ',
'001Hr00001nj0V8IAI',
'001Hr00001nizGcIAI',
'001Hr00001nizCuIAI',
'001Hr00001niz5EIAQ',
'001Hr00001niz1MIAQ',
'001Hr00001niyvmIAA',
'001Hr00001niyUqIAI',
'001Hr00001niy9xIAA',
'001Hr00001nivTiIAI',
'001Hr00001niujyIAA',
'001Hr00001nisA7IAI',
'001Hr00001niqnnIAA',
'001Hr00001nip5BIAQ',
'001Hr00001niomhIAA',
'001Hr00001niodMIAQ',
'001Hr00001niodMIAQ',
'001Hr00001nioTZIAY',
'001Hr00001nioFGIAY',
'001Hr00001nio51IAA',
'001Hr00001nio51IAA',
'001Hr00001ninYlIAI',
'001Hr00001ninQIIAY',
'001Hr00001ninHoIAI',
'001Hr00001ninDcIAI',
'001Hr00001nilAfIAI',
'001Hr00001nikx6IAA',
'001Hr00001niiy7IAA',
'001Hr00001niiobIAA',
'001Hr00001niiKeIAI',
'001Hr00001nihZIIAY',
'001Hr00001nihT1IAI',
'001Hr00001nigCVIAY',
'001Hr00001nigC6IAI',
'001Hr00001nifxpIAA',
'001Hr00001niemPIAQ',
'001Hr00001niemPIAQ',
'001Hr00001nidTdIAI',
'001Hr00001nidTdIAI',
'001Hr00001nib3sIAA',
'001Hr00001nib34IAA',
'001Hr00001nib2BIAQ',
'001Hr00001niZ0SIAU',
'001Hr00001niYptIAE',
'001Hr00001n2APcIAM',
'001Hr00001n25BkIAI',
'001Hr00001n25BkIAI',
'001Hr00001n1tnMIAQ',
'001Hr00001n1thsIAA',
'001Hr00001n1pgAIAQ',
'001Hr00001n1pgAIAQ',
'001Hr00001n1lnKIAQ',
'001Hr00001n1lDyIAI',
'001Hr00001n1gaPIAQ',
'001Hr00001n1auOIAQ',
'001Hr00001n1auOIAQ',
'001Hr00001n1YiDIAU',
'001Hr00001n1YiDIAU',
'001Hr00001n1YekIAE',
'001Hr00001n1YdwIAE',
'001Hr00001n1YdwIAE',
'001Hr00001n1LiTIAU',
'001Hr00001n1LiTIAU',
'001Hr00001n1KDtIAM',
'001Hr00001n1KDtIAM',
'001Hr00001n1KDAIA2',
'001Hr00001n1Jx1IAE',
'001Hr00001n1DcZIAU',
'001Hr00001n1DcZIAU',
'001Hr00001n16j4IAA',
'001Hr00001n11NMIAY',
'001Hr00001n10xBIAQ',
'001Hr00001n10xBIAQ',
'001Hr00001n10kLIAQ',
'001Hr00001n0zooIAA',
'001Hr00001n0zooIAA',
'001Hr00001n0um6IAA',
'001Hr00001n0um6IAA',
'001Hr00001n0sbvIAA',
'001Hr00001n0sZQIAY',
'001Hr00001n0sYhIAI',
'001Hr00001n0sVsIAI',
'001Hr00001n0sVsIAI',
'001Hr00001n0sKZIAY',
'001Hr00001n0a13IAA',
'001Hr00001mzvGQIAY',
'001Hr00001mzv2JIAQ',
'001Hr00001mzukmIAA',
'001Hr00001mzuU1IAI',
'001Hr00001mzuU1IAI',
'001Hr00001mznM8IAI',
'001Hr00001mznM8IAI',
'001Hr00001mznH3IAI',
'001Hr00001mzn49IAA',
'001Hr00001mzn49IAA',
'001Hr00001mzmreIAA',
'001Hr00001mzmreIAA',
'001Hr00001mzmreIAA',
'001Hr00001mzmreIAA',
'001Hr00001mzm4qIAA',
'001Hr00001mzlm7IAA',
'001Hr00001mzlm7IAA',
'001Hr00001mzlKAIAY',
'001Hr00001mzlKAIAY',
'001Hr00001mzlFKIAY',
'001Hr00001mzl8rIAA',
'001Hr00001mzl8rIAA',
'001Hr00001mzjpBIAQ',
'001Hr00001mzjpBIAQ',
'001Hr00001mzjhLIAQ',
'001Hr00001mzjhLIAQ',
'001Hr00001mziQBIAY',
'001Hr00001mziQBIAY',
'001Hr00001mzhOdIAI',
'001Hr00001lHV0lIAG',
'001Hr00001lHNCfIAO',
'001Hr00001lHNCfIAO',
'001Hr00001lHMCPIA4',
'001Hr00001lHM59IAG',
'001Hr00001lHM59IAG',
'001Hr00001lHM25IAG',
'001Hr00001lHLrWIAW',
'001Hr00001lHLrHIAW',
'001Hr00001lHJbCIAW',
'001Hr00001lHJaEIAW',
'001Hr00001lHHiNIAW',
'001Hr00001lHGArIAO',
'001Hr00001lHG3qIAG',
'001Hr00001lHDTNIA4',
'001Hr00001lHCzMIAW',
'001Hr00001lHC5qIAG',
'001Hr00001lH8hDIAS',
'001Hr00001lH6sjIAC',
'001Hr00001lH6WSIA0',
'001Hr00001lH4QTIA0',
'001Hr00001lH4BSIA0',
'001Hr00001lH3sgIAC',
'001Hr00001lH2oGIAS',
'001Hr00001lH1NiIAK',
'001Hr00001lH1KJIA0',
'001Hr00001lH1JGIA0',
'001Hr00001lH1G7IAK',
'001Hr00001lH1FYIA0',
'001Hr00001lH1FEIA0',
'001Hr00001lH187IAC',
'001Hr00001lH15DIAS',
'001Hr00001lH13qIAC',
'001Hr00001lGz4pIAC',
'001Hr00001lGz1gIAC',
'001Hr00001lGywbIAC',
'001Hr00001lGyvsIAC',
'001Hr00001lGyvsIAC',
'001Hr00001lGyrWIAS',
'001Hr00001lGyo3IAC',
'001Hr00001lGymqIAC',
'001Hr00001lGyYKIA0',
'001Hr00001lGyOGIA0',
'001Hr00001lGyGLIA0',
'001Hr00001lGy5MIAS',
'001Hr00001lGxcUIAS',
'001Hr00001lGxa0IAC',
'001Hr00001lGxVsIAK',
'001Hr00001lGxODIA0',
'001Hr00001lGx7fIAC',
'001Hr00001lGwjAIAS',
'001Hr00001lGuBXIA0',
'001Hr00001lGsZDIA0',
'001Hr00001lGsHpIAK',
'001Hr00001lGpzHIAS',
'001Hr00001lGnvgIAC',
'001Hr00001lGnihIAC',
'001Hr00001lGmqQIAS',
'001Hr00001lGmqQIAS',
'001Hr00001lGiLvIAK',
'001Hr00001lGiLvIAK',
'001Hr00001lGhjwIAC',
'001Hr00001lGgZjIAK',
'001Hr00001lGcrRIAS',
'001Hr00001lGcmuIAC',
'001Hr00001lGanAIAS',
'001Hr00001lGSJ4IAO',
'001Hr00001lGSJ4IAO',
'001Hr00001lGRbYIAW',
'001Hr00001lGR8CIAW',
'001Hr00001lGR8CIAW',
'001Hr00001lGQJVIA4',
'001Hr00001lGLBHIA4',
'001Hr00001lGKa5IAG',
'001Hr00001lGJsVIAW',
'001Hr00001lGJsVIAW',
'001Hr00001lGJesIAG',
'001Hr00001lGJesIAG',
'001Hr00001lGJWKIA4',
'001Hr00001lGH1xIAG',
'001Hr00001lGFK0IAO',
'001Hr00001lGFK0IAO',
'001Hr00001lGF9BIAW',
'001Hr00001lGF9BIAW',
'001Hr00001lGDGQIA4',
'001Hr00001lGDGQIA4',
'001Hr00001lG8wDIAS',
'001Hr00001lG8wDIAS',
'001Hr00001lG3dsIAC',
'001Hr00001lG2onIAC',
'001Hr00001lG2onIAC',
'001Hr00001lG0BfIAK',
'001Hr00001lFxclIAC',
'001Hr00001lFwWbIAK',
'001Hr00001lFwWbIAK',
'001Hr00001lFwK1IAK',
'001Hr00001lFwJmIAK',
'001Hr00001lFwItIAK',
'001Hr00001lFtuKIAS',
'001Hr00001lFtuKIAS',
'001Hr00001lFoRgIAK',
'001Hr00001lFoRgIAK',
'001Hr00001lFo3TIAS',
'001Hr00001lFjJYIA0',
'001Hr00001lFjJYIA0',
'001Hr00001lFjFqIAK',
'001Hr00001lFjFqIAK',
'001Hr00001lFeAcIAK',
'001Hr00001lFeAcIAK',
'001Hr00001lFe8WIAS',
'001Hr00001lFe8WIAS',
'001Hr00001lFde6IAC',
'001Hr00001lFde6IAC',
'001Hr00001lFYRlIAO',
'001Hr00001lFYRlIAO',
'001Hr00001lFYRlIAO',
'001Hr00001lFRsLIAW',
'001Hr00001lFQo4IAG',
'001Hr00001lFQlyIAG',
'001Hr00001lFKvsIAG',
'001Hr00001lFKvsIAG',
'001Hr00001lDlbVIAS',
'001Hr00001lDlbVIAS',
'001Hr00001lDlNTIA0',
'001Hr00001lDlNTIA0',
'001Hr00001lCFZ8IAO',
'001Hr00001lCFWPIA4',
'001Hr00001lCFLQIA4',
'001Hr00001lCFCbIAO',
'001Hr00001lCF77IAG',
'001Hr00001lCEuNIAW',
'001Hr00001lCEuNIAW',
'001Hr00001lCEdHIAW',
'001Hr00001lCEdHIAW',
'001Hr00001lCE8SIAW',
'001Hr00001lCE8SIAW',
'001Hr00001lCDoTIAW',
'001Hr00001lCDSXIA4',
'001Hr00001kgPZLIA2',
'001Hr00001kgPXPIA2',
'001Hr00001kL958IAC',
'001Hr00001kL3CTIA0',
'001Hr00001kL3CTIA0',
'001Hr00001kL2fVIAS',
'001Hr00001kKzBgIAK',
'001Hr00001kKxx6IAC',
'001Hr00001kKvPsIAK',
'001Hr00001kKvPsIAK',
'001Hr00001kKnsAIAS',
'001Hr00001kKl70IAC',
'001Hr00001kBiswIAC',
'001Hr00001kBiswIAC',
'001Hr00001kBhc4IAC',
'001Hr00001kBgWKIA0',
'001Hr00001kBgVCIA0',
'001Hr00001kBgPTIA0',
'001Hr00001kBgPTIA0',
'001Hr00001kBd9QIAS',
'001Hr00001kBckRIAS',
'001Hr00001kBckRIAS',
'001Hr00001kBbPZIA0',
'001Hr00001kBbEBIA0',
'001Hr00001kBb8oIAC',
'001Hr00001kBb44IAC',
'001Hr00001kBawfIAC',
'001Hr00001kBavIIAS',
'001Hr00001kBanLIAS',
'001Hr00001kBaiWIAS',
'001Hr00001kBZpJIAW',
'001Hr00001kBX8bIAG',
'001Hr00001kBX8RIAW',
'001Hr00001kBVUbIAO',
'001Hr00001kBVUbIAO',
'001Hr00001kBTe6IAG',
'001Hr00001kBRnlIAG',
'001Hr00001kBQe9IAG',
'001Hr00001kBQ2cIAG',
'001Hr00001kBQ2cIAG',
'001Hr00001kBPwPIAW',
'001Hr00001kBNyrIAG',
'001Hr00001kBJhYIAW',
'001Hr00001kBJhJIAW',
'001Hr00001kBJgGIAW',
'001Hr00001kBJWFIA4',
'001Hr00001kBJP4IAO',
'001Hr00001kBJNSIA4',
'001Hr00001kBJMeIAO',
'001Hr00001kBJEGIA4',
'001Hr00001kBJBlIAO',
'001Hr00001kBIQwIAO',
'001Hr00001kBIPAIA4',
'001Hr00001kBFMTIA4',
'001Hr00001kBF4iIAG',
'001Hr00001kBF3MIAW',
'001Hr00001kBDECIA4',
'001Hr00001kBCYOIA4',
'001Hr00001kBCKVIA4',
'001Hr00001kBCCRIA4',
'001Hr00001kB7oeIAC',
'001Hr00001kB7o5IAC',
'001Hr00001kB6WiIAK',
'001Hr00001kB6WiIAK',
'001Hr00001kB6CvIAK',
'001Hr00001kB5zhIAC',
'001Hr00001kB5CLIA0',
'001Hr00001kB3hMIAS',
'001Hr00001kB1lcIAC',
'001Hr00001kAzsUIAS',
'001Hr00001kAzsUIAS',
'001Hr00001kAzELIA0',
'001Hr00001kAwbyIAC',
'001Hr00001kAwSmIAK',
'001Hr00001kAubGIAS',
'001Hr00001kAuaHIAS',
'001Hr00001kAuZoIAK',
'001Hr00001kAuZgIAK',
'001Hr00001kAuZFIA0',
'001Hr00001kAuQxIAK',
'001Hr00001kAuQoIAK',
'001Hr00001kAuHZIA0',
'001Hr00001kAu9yIAC',
'001Hr00001kAu9YIAS',
'001Hr00001kAu1OIAS',
'001Hr00001kAu11IAC',
'001Hr00001kAu10IAC',
'001Hr00001kAu07IAC',
'001Hr00001kAu06IAC',
'001Hr00001kAu04IAC',
'001Hr00001kAu02IAC',
'001Hr00001kAtzuIAC',
'001Hr00001kAtztIAC',
'001Hr00001kAtzqIAC',
'001Hr00001kAtzlIAC',
'001Hr00001kAtzhIAC',
'001Hr00001kAty2IAC',
'001Hr00001kAtxaIAC',
'001Hr00001kAtwwIAC',
'001Hr00001kAtwpIAC',
'001Hr00001kAtwoIAC',
'001Hr00001kAtwkIAC',
'001Hr00001kAtuyIAC',
'001Hr00001kAtq0IAC',
'001Hr00001kAtnVIAS',
'001Hr00001kAtjEIAS',
'001Hr00001kAs1vIAC',
'001Hr00001kArZBIA0',
'001Hr00001kArNmIAK',
'001Hr00001kArNmIAK',
'001Hr00001kArJPIA0',
'001Hr00001kArJPIA0',
'001Hr00001kAn3GIAS',
'001Hr00001kAn3GIAS',
'001Hr00001kAmytIAC',
'001Hr00001kAlWaIAK',
'001Hr00001kAlWaIAK',
'001Hr00001kAiQSIA0',
'001Hr00001kAiQSIA0',
'001Hr00001kAiBDIA0',
'001Hr00001kAeBvIAK',
'001Hr00001kAeBvIAK',
'001Hr00001kAbycIAC',
'001Hr00001kAbycIAC',
'001Hr00001kAbMUIA0',
'001Hr00001kAbMUIA0',
'001Hr00001kAXOBIA4',
'001Hr00001kAXOBIA4',
'001Hr00001kAVtQIAW',
'001Hr00001kAVlJIAW',
'001Hr00001kAV69IAG',
'001Hr00001kAV69IAG',
'001Hr00001kAUzIIAW',
'001Hr00001kA2mLIAS',
'001Hr00001kA2mLIAS',
'001Hr00001kA2QFIA0',
'001Hr00001jWP02IAG',
'001Hr00001jWOyaIAG',
'001Hr00001jWLsaIAG',
'001Hr00001jWKxIIAW',
'001Hr00001jWJZ7IAO',
'001Hr00001jWHIEIA4',
'001Hr00001jWHCVIA4',
'001Hr00001jWFGvIAO',
'001Hr00001jWFGvIAO',
'001Hr00001jWDY3IAO',
'001Hr00001jWDY3IAO',
'001Hr00001jWB2CIAW',
'001Hr00001jVt6zIAC',
'001Hr00001jVsqmIAC',
'001Hr00001jVsm6IAC',
'001Hr00001jVsm6IAC',
'001Hr00001jVsRmIAK',
'001Hr00001jVqbsIAC',
'001Hr00001jVkZLIA0',
'001Hr00001jVbkKIAS',
'001Hr00001jVbk5IAC',
'001Hr00001jVbj2IAC',
'001Hr00001jVbixIAC',
'001Hr00001jVYsZIAW',
'001Hr00001jVXTeIAO',
'001Hr00001jVXTeIAO',
'001Hr00001jVWk0IAG',
'001Hr00001jVUIMIA4',
'001Hr00001jVU8mIAG',
'001Hr00001jVTobIAG',
'001Hr00001jVQXXIA4',
'001Hr00001jVQTBIA4',
'001Hr00001jVQTBIA4',
'001Hr00001jVPZOIA4',
'001Hr00001jVPJLIA4',
'001Hr00001jVOrKIAW',
'001Hr00001jVOeJIAW',
'001Hr00001jVOeJIAW',
'001Hr00001jVN5HIAW',
'001Hr00001jVMtzIAG',
'001Hr00001jVMtzIAG',
'001Hr00001jVMsNIAW',
'001Hr00001jVLZAIA4',
'001Hr00001jVLZAIA4',
'001Hr00001jVLRBIA4',
'001Hr00001jVI6ZIAW',
'001Hr00001jVI6ZIAW',
'001Hr00001jVHHbIAO',
'001Hr00001jVFcmIAG',
'001Hr00001jVFYVIA4',
'001Hr00001jVBbGIAW',
'001Hr00001jVBbGIAW',
'001Hr00001jVAQDIA4',
'001Hr00001jV9OPIA0',
'001Hr00001jV8eCIAS',
'001Hr00001jV8a0IAC',
'001Hr00001jV8a0IAC',
'001Hr00001jV82SIAS',
'001Hr00001jV4doIAC',
'001Hr00001jV222IAC',
'001Hr00001jUwslIAC',
'001Hr00001jUuQdIAK',
'001Hr00001jUuOwIAK',
'001Hr00001jUu5rIAC',
'001Hr00001jUu5rIAC',
'001Hr00001jUtTEIA0',
'001Hr00001jUsylIAC',
'001Hr00001jUqbeIAC',
'001Hr00001jUqbeIAC',
'001Hr00001jUqTkIAK',
'001Hr00001jUqTkIAK',
'001Hr00001jUovcIAC',
'001Hr00001jUmp3IAC',
'001Hr00001jUmp3IAC',
'001Hr00001jUmp3IAC',
'001Hr00001jUmgHIAS',
'001Hr00001jUlQHIA0',
'001Hr00001jUlQHIA0',
'001Hr00001jUjLZIA0',
'001Hr00001jUhkwIAC',
'001Hr00001jUhfSIAS',
'001Hr00001jUhfSIAS',
'001Hr00001jUhY2IAK',
'001Hr00001jUhY2IAK',
'001Hr00001jUhCzIAK',
'001Hr00001jUhCzIAK',
'001Hr00001jUSJvIAO',
'001Hr00001jUSJvIAO',
'001Hr00001jUP78IAG',
'001Hr00001jUOmFIAW',
'001Hr00001jUOjgIAG',
'001Hr00001jUOjgIAG',
'001Hr00001jUOSPIA4',
'001Hr00001jUO2dIAG',
'001Hr00001jUMy9IAG',
'001Hr00001jUMy9IAG',
'001Hr00001jUKsTIAW',
'001Hr00001jUKaAIAW',
'001Hr00001jUKaAIAW',
'001Hr00001jUK7DIAW',
'001Hr00001jUHZJIA4',
'001Hr00001jUHKxIAO',
'001Hr00001jUHKxIAO',
'001Hr00001jUHJ6IAO',
'001Hr00001jUHJ6IAO',
'001Hr00001jUBQSIA4',
'001Hr00001jUAsGIAW',
'001Hr00001jU75BIAS',
'001Hr00001jU6cJIAS',
'001Hr00001jU6ORIA0',
'001Hr00001jU2NoIAK',
'001Hr00001jU2NoIAK',
'001Hr00001jTyk0IAC',
'001Hr00001jTxiwIAC',
'001Hr00001jTtbwIAC',
'001Hr00001jTsPfIAK',
'001Hr00001jMVecIAG',
'001Hr00001jMOmkIAG',
'001Hr00001jLzYRIA0',
'001Hr00001jLzYRIA0',
'001Hr00001jLzY7IAK',
'001Hr00001jLw87IAC',
'001Hr00001jLpRtIAK',
'001Hr00001jLomyIAC',
'001Hr00001jLomyIAC',
'001Hr00001jLjUOIA0',
'001Hr00001jLjSSIA0',
'001Hr00001jLhV3IAK',
'001Hr00001jLhV3IAK',
'001Hr00001jLhSoIAK',
'001Hr00001jLhSoIAK',
'001Hr00001jLhDsIAK',
'001Hr00001jLfiDIAS',
'001Hr00001jLfiDIAS',
'001Hr00001jLeJ9IAK',
'001Hr00001jLco2IAC',
'001Hr00001jLbEIIA0',
'001Hr00001jLbD0IAK',
'001Hr00001jLbD0IAK',
'001Hr00001jLb7gIAC',
'001Hr00001jLb7gIAC',
'001Hr00001jLaiSIAS',
'001Hr00001jLaiSIAS',
'001Hr00001jLaCaIAK',
'001Hr00001jLaCaIAK',
'001Hr00001jLZfCIAW',
'001Hr00001jLYL3IAO',
'001Hr00001jLWcwIAG',
'001Hr00001jLWcwIAG',
'001Hr00001jLWBGIA4',
'001Hr00001jLWBGIA4',
'001Hr00001jLVLRIA4',
'001Hr00001jLVIWIA4',
'001Hr00001jLUMwIAO',
'001Hr00001jLTaQIAW',
'001Hr00001jLSuDIAW',
'001Hr00001jLM4pIAG',
'001Hr00001jLM4pIAG',
'001Hr00001jLHn1IAG',
'001Hr00001jLExYIAW',
'001Hr00001jLExYIAW',
'001Hr00001jL8ZWIA0',
'001Hr00001jL8XmIAK',
'001Hr00001jL8PjIAK',
'001Hr00001jL8NxIAK',
'001Hr00001jL8LVIA0',
'001Hr00001jL8LRIA0',
'001Hr00001jL8HjIAK',
'001Hr00001jL8DvIAK',
'001Hr00001jL8DQIA0',
'001Hr00001jL8D6IAK',
'001Hr00001jL89WIAS',
'001Hr00001jL88cIAC',
'001Hr00001jL81vIAC',
'001Hr00001jL81gIAC',
'001Hr00001jL80tIAC',
'001Hr00001jL7zuIAC',
'001Hr00001jL7zOIAS',
'001Hr00001jL7wlIAC',
'001Hr00001jL7wNIAS',
'001Hr00001jL7vCIAS',
'001Hr00001jL7sYIAS',
'001Hr00001jL7s2IAC',
'001Hr00001jL7rPIAS',
'001Hr00001jL7q5IAC',
'001Hr00001jL7pwIAC',
'001Hr00001jL7pnIAC',
'001Hr00001jL7pZIAS',
'001Hr00001jL7pWIAS',
'001Hr00001jL7pQIAS',
'001Hr00001jL7pKIAS',
'001Hr00001jL7pHIAS',
'001Hr00001jL7luIAC',
'001Hr00001jL7l8IAC',
'001Hr00001jL7l6IAC',
'001Hr00001jL7kxIAC',
'001Hr00001jL7kvIAC',
'001Hr00001jL7ksIAC',
'001Hr00001jL7kpIAC',
'001Hr00001jL7kmIAC',
'001Hr00001jL7kfIAC',
'001Hr00001jL7kaIAC',
'001Hr00001jL7kYIAS',
'001Hr00001jL7kWIAS',
'001Hr00001jL7kUIAS',
'001Hr00001jL7kRIAS',
'001Hr00001jL7kLIAS',
'001Hr00001jL7kGIAS',
'001Hr00001jL7jVIAS',
'001Hr00001jL7jJIAS',
'001Hr00001jL7jHIAS',
'001Hr00001jL7iyIAC',
'001Hr00001jL7ihIAC',
'001Hr00001jL7hRIAS',
'001Hr00001jL7axIAC',
'001Hr00001jL7a4IAC',
'001Hr00001jL7ZFIA0',
'001Hr00001jL7WbIAK',
'001Hr00001jL7SBIA0',
'001Hr00001jL7RrIAK',
'001Hr00001jL7QPIA0',
'001Hr00001jL7Q0IAK',
'001Hr00001jL7PCIA0',
'001Hr00001jL7PAIA0',
'001Hr00001jL7NXIA0',
'001Hr00001jL7NMIA0',
'001Hr00001jL7MEIA0',
'001Hr00001jL7M3IAK',
'001Hr00001jL7BuIAK',
'001Hr00001jL79JIAS',
'001Hr00001jL73sIAC',
'001Hr00001jL72FIAS',
'001Hr00001jL71LIAS',
'001Hr00001jL71DIAS',
'001Hr00001jL70KIAS',
'001Hr00001jL6sLIAS',
'001Hr00001jL6jLIAS',
'001Hr00001jL6hhIAC',
'001Hr00001jL6hcIAC',
'001Hr00001jL6haIAC',
'001Hr00001jL6gqIAC',
'001Hr00001jL6dzIAC',
'001Hr00001jL6dZIAS',
'001Hr00001jL6cFIAS',
'001Hr00001jL6bPIAS',
'001Hr00001jL6VdIAK',
'001Hr00001jL6VLIA0',
'001Hr00001jL6UsIAK',
'001Hr00001jL6UpIAK',
'001Hr00001jL6UnIAK',
'001Hr00001jL6UmIAK',
'001Hr00001jL6UlIAK',
'001Hr00001jL6UkIAK',
'001Hr00001jL6UfIAK',
'001Hr00001jL6UeIAK',
'001Hr00001jL6UcIAK',
'001Hr00001jL6UWIA0',
'001Hr00001jL6UVIA0',
'001Hr00001jL6USIA0',
'001Hr00001jL6UQIA0',
'001Hr00001jL6UNIA0',
'001Hr00001jL6UAIA0',
'001Hr00001jL6U9IAK',
'001Hr00001jL6S0IAK',
'001Hr00001jL6ReIAK',
'001Hr00001jL6QrIAK',
'001Hr00001jL6P5IAK',
'001Hr00001jL6OvIAK',
'001Hr00001jL6N9IAK',
'001Hr00001jL6FrIAK',
'001Hr00001jL6FJIA0',
'001Hr00001jL6EnIAK',
'001Hr00001jL6DzIAK',
'001Hr00001jL6DZIA0',
'001Hr00001jL6DWIA0',
'001Hr00001jL6BFIA0',
'001Hr00001jL676IAC',
'001Hr00001jL665IAC',
'001Hr00001jL61qIAC',
'001Hr00001jL5xpIAC',
'001Hr00001jL5u2IAC',
'001Hr00001jL5tpIAC',
'001Hr00001jL5toIAC',
'001Hr00001jL5tfIAC',
'001Hr00001jL5taIAC',
'001Hr00001jL5tZIAS',
'001Hr00001jL5reIAC',
'001Hr00001jL5qtIAC',
'001Hr00001jL5qaIAC',
'001Hr00001jL5piIAC',
'001Hr00001jL5phIAC',
'001Hr00001jL5pRIAS',
'001Hr00001jL5nBIAS',
'001Hr00001jL5n2IAC',
'001Hr00001jL5dpIAC',
'001Hr00001jL5VOIA0',
'001Hr00001jL5VJIA0',
'001Hr00001jL5TpIAK',
'001Hr00001jL5PJIA0',
'001Hr00001jL5MAIA0',
'001Hr00001jL5LZIA0',
'001Hr00001jL5IlIAK',
'001Hr00001jL5ApIAK',
'001Hr00001jL4xQIAS',
'001Hr00001jL4uxIAC',
'001Hr00001jL4nMIAS',
'001Hr00001jL4lzIAC',
'001Hr00001jL4TMIA0',
'001Hr00001jL4SjIAK',
'001Hr00001jL4E6IAK',
'001Hr00001jL47XIAS',
'001Hr00001jL46yIAC',
'001Hr00001jL46VIAS',
'001Hr00001jL41UIAS',
'001Hr00001jL3ziIAC',
'001Hr00001jL3xiIAC',
'001Hr00001jL3xNIAS',
'001Hr00001jL3wPIAS',
'001Hr00001jL3nGIAS',
'001Hr00001jL3k3IAC',
'001Hr00001jL3jCIAS',
'001Hr00001jL3iEIAS',
'001Hr00001jL3iBIAS',
'001Hr00001jL3XwIAK',
'001Hr00001jL3XsIAK',
'001Hr00001jL3XjIAK',
'001Hr00001jL3WNIA0',
'001Hr00001jL3WLIA0',
'001Hr00001jL3WEIA0',
'001Hr00001jL3W5IAK',
'001Hr00001jL3W2IAK',
'001Hr00001jL3T4IAK',
'001Hr00001jL3PLIA0',
'001Hr00001jL3PGIA0',
'001Hr00001jL3EoIAK',
'001Hr00001jL30vIAC',
'001Hr00001jL30nIAC',
'001Hr00001jL2zjIAC',
'001Hr00001jL2zdIAC',
'001Hr00001jL2u2IAC',
'001Hr00001jL2p3IAC',
'001Hr00001jL2nEIAS',
'001Hr00001jL2gIIAS',
'001Hr00001jL2eMIAS',
'001Hr00001jL2YZIA0',
'001Hr00001jL2SpIAK',
'001Hr00001jL2PFIA0',
'001Hr00001jL2OZIA0',
'001Hr00001jL2KNIA0',
'001Hr00001jL2JrIAK',
'001Hr00001jL2JbIAK',
'001Hr00001jL2IsIAK',
'001Hr00001jL2EZIA0',
'001Hr00001jL2CGIA0',
'001Hr00001jL29TIAS',
'001Hr00001jL26IIAS',
'001Hr00001jL253IAC',
'001Hr00001jL23rIAC',
'001Hr00001jL23pIAC',
'001Hr00001jL23oIAC',
'001Hr00001jL23nIAC',
'001Hr00001jL23mIAC',
'001Hr00001jL23iIAC',
'001Hr00001jL23fIAC',
'001Hr00001jL23ZIAS',
'001Hr00001jL23HIAS',
'001Hr00001jL20xIAC',
'001Hr00001jL1miIAC',
'001Hr00001jL1mAIAS',
'001Hr00001jL1k0IAC',
'001Hr00001jL1e1IAC',
'001Hr00001jL1WRIA0',
'001Hr00001jL1V8IAK',
'001Hr00001jL1TuIAK',
'001Hr00001jL1THIA0',
'001Hr00001jL1SnIAK',
'001Hr00001jL1SMIA0',
'001Hr00001jL1SIIA0',
'001Hr00001jL1SGIA0',
'001Hr00001jL1SFIA0',
'001Hr00001jL1SDIA0',
'001Hr00001jL1SAIA0',
'001Hr00001jL1S6IAK',
'001Hr00001jL1S5IAK',
'001Hr00001jL1S3IAK',
'001Hr00001jL1RyIAK',
'001Hr00001jL1RxIAK',
'001Hr00001jL1RvIAK',
'001Hr00001jL1RuIAK',
'001Hr00001jL1QsIAK',
'001Hr00001jL1QrIAK',
'001Hr00001jL1QoIAK',
'001Hr00001jL1QmIAK',
'001Hr00001jL1QlIAK',
'001Hr00001jL1MvIAK',
'001Hr00001jL1M9IAK',
'001Hr00001jL1CtIAK',
'001Hr00001jL1CNIA0',
'001Hr00001jL14sIAC',
'001Hr00001jL14pIAC',
'001Hr00001jL14dIAC',
'001Hr00001jL14PIAS',
'001Hr00001jL12dIAC',
'001Hr00001jL0qDIAS',
'001Hr00001jL0q3IAC',
'001Hr00001jL0pzIAC',
'001Hr00001jL0puIAC',
'001Hr00001jL0pqIAC',
'001Hr00001jL0poIAC',
'001Hr00001jL0pkIAC',
'001Hr00001jL0phIAC',
'001Hr00001jL0pfIAC',
'001Hr00001jL0peIAC',
'001Hr00001jL0pcIAC',
'001Hr00001jL0pQIAS',
'001Hr00001jL0oKIAS',
'001Hr00001jL0o8IAC',
'001Hr00001jL0o5IAC',
'001Hr00001jL0mMIAS',
'001Hr00001jL0lwIAC',
'001Hr00001jL0laIAC',
'001Hr00001jL0lWIAS',
'001Hr00001jL0kQIAS',
'001Hr00001jL0iqIAC',
'001Hr00001jL0hBIAS',
'001Hr00001jL0TbIAK',
'001Hr00001jL0TBIA0',
'001Hr00001jL0RuIAK',
'001Hr00001jL0QaIAK',
'001Hr00001jL0QWIA0',
'001Hr00001jL0Q8IAK',
'001Hr00001jL0Q3IAK',
'001Hr00001jL0Q2IAK',
'001Hr00001jL0Q1IAK',
'001Hr00001jL0Q0IAK',
'001Hr00001jL0PCIA0',
'001Hr00001jL0P0IAK',
'001Hr00001jL0L5IAK',
'001Hr00001jL0DcIAK',
'001Hr00001jL0DAIA0',
'001Hr00001jL0D6IAK',
'001Hr00001jL0D4IAK',
'001Hr00001jL0D0IAK',
'001Hr00001jL0CzIAK',
'001Hr00001jL0CwIAK',
'001Hr00001jL0CuIAK',
'001Hr00001jL0CdIAK',
'001Hr00001jL0CcIAK',
'001Hr00001jL0CZIA0',
'001Hr00001jL0COIA0',
'001Hr00001jL0AaIAK',
'001Hr00001jL09qIAC',
'001Hr00001jL09oIAC',
'001Hr00001jL09nIAC',
'001Hr00001jL09mIAC',
'001Hr00001jL09lIAC',
'001Hr00001jL09kIAC',
'001Hr00001jL09jIAC',
'001Hr00001jL089IAC',
'001Hr00001jL03RIAS',
'001Hr00001jL037IAC',
'001Hr00001jKzrsIAC',
'001Hr00001jKzrrIAC',
'001Hr00001jKzrqIAC',
'001Hr00001jKzrpIAC',
'001Hr00001jKzrmIAC',
'001Hr00001jKzrgIAC',
'001Hr00001jKzrdIAC',
'001Hr00001jKzrKIAS',
'001Hr00001jKzrJIAS',
'001Hr00001jKzmHIAS',
'001Hr00001jKzm9IAC',
'001Hr00001jKziAIAS',
'001Hr00001jKzU5IAK',
'001Hr00001jKzU1IAK',
'001Hr00001jKzCjIAK',
'001Hr00001jKzAOIA0',
'001Hr00001jKzAMIA0',
'001Hr00001jKzALIA0',
'001Hr00001jKz9wIAC',
'001Hr00001jKz9sIAC',
'001Hr00001jKyyqIAC',
'001Hr00001jKyqOIAS',
'001Hr00001jKylQIAS',
'001Hr00001jKyc8IAC',
'001Hr00001jKybAIAS',
'001Hr00001jKyb6IAC',
'001Hr00001jKyakIAC',
'001Hr00001jKyZZIA0',
'001Hr00001jKyXmIAK',
'001Hr00001jKyX6IAK',
'001Hr00001jKyFrIAK',
'001Hr00001jKy8KIAS',
'001Hr00001jKxrhIAC',
'001Hr00001jKxO6IAK',
'001Hr00001jKxE0IAK',
'001Hr00001jKxDzIAK',
'001Hr00001jKxDwIAK',
'001Hr00001jKxDvIAK',
'001Hr00001jKxDtIAK',
'001Hr00001jKxDsIAK',
'001Hr00001jKxDnIAK',
'001Hr00001jKxDmIAK',
'001Hr00001jKxDbIAK',
'001Hr00001jKx6jIAC',
'001Hr00001jKx5xIAC',
'001Hr00001jKx5tIAC',
'001Hr00001jKx5FIAS',
'001Hr00001jKx55IAC',
'001Hr00001jKx4UIAS',
'001Hr00001jKwzyIAC',
'001Hr00001jKwypIAC',
'001Hr00001jKwqcIAC',
'001Hr00001jKwnbIAC',
'001Hr00001jKwnZIAS',
'001Hr00001jKwnYIAS',
'001Hr00001jKwg2IAC',
'001Hr00001jKwfFIAS',
'001Hr00001jKweZIAS',
'001Hr00001jKwe1IAC',
'001Hr00001jKwXMIA0',
'001Hr00001jKwXJIA0',
'001Hr00001jKwXIIA0',
'001Hr00001jKwXHIA0',
'001Hr00001jKwXDIA0',
'001Hr00001jKwXCIA0',
'001Hr00001jKwXBIA0',
'001Hr00001jKwX7IAK',
'001Hr00001jKwX4IAK',
'001Hr00001jKwWzIAK',
'001Hr00001jKwWwIAK',
'001Hr00001jKwWvIAK',
'001Hr00001jKwWrIAK',
'001Hr00001jKwWqIAK',
'001Hr00001jKwWmIAK',
'001Hr00001jKwWgIAK',
'001Hr00001jKwWfIAK',
'001Hr00001jKwWeIAK',
'001Hr00001jKwWaIAK',
'001Hr00001jKwWZIA0',
'001Hr00001jKwWXIA0',
'001Hr00001jKwWSIA0',
'001Hr00001jKwWPIA0',
'001Hr00001jKwWNIA0',
'001Hr00001jKwWIIA0',
'001Hr00001jKwWHIA0',
'001Hr00001jKwWGIA0',
'001Hr00001jKwWFIA0',
'001Hr00001jKwWDIA0',
'001Hr00001jKwW9IAK',
'001Hr00001jKwVrIAK',
'001Hr00001jKwQaIAK',
'001Hr00001jKwQRIA0',
'001Hr00001jKwQQIA0',
'001Hr00001jKwQAIA0',
'001Hr00001jKwPPIA0',
'001Hr00001jKwPEIA0',
'001Hr00001jKwOfIAK',
'001Hr00001jKw85IAC',
'001Hr00001jKw7OIAS',
'001Hr00001jKw4yIAC',
'001Hr00001jKw2vIAC',
'001Hr00001jKw2uIAC',
'001Hr00001jKw27IAC',
'001Hr00001jKw1PIAS',
'001Hr00001jKw0PIAS',
'001Hr00001jKvzDIAS',
'001Hr00001jKvyqIAC',
'001Hr00001jKvykIAC',
'001Hr00001jKvyfIAC',
'001Hr00001jKvyQIAS',
'001Hr00001jKvo9IAC',
'001Hr00001jKvo8IAC',
'001Hr00001jKvmZIAS',
'001Hr00001jKvmYIAS',
'001Hr00001jKvmXIAS',
'001Hr00001jKvmWIAS',
'001Hr00001jKvmUIAS',
'001Hr00001jKvmRIAS',
'001Hr00001jKvioIAC',
'001Hr00001jKvieIAC',
'001Hr00001jKvhYIAS',
'001Hr00001jKvavIAC',
'001Hr00001jKvaCIAS',
'001Hr00001jKvYqIAK',
'001Hr00001jKvTgIAK',
'001Hr00001jKvTOIA0',
'001Hr00001jKvSYIA0',
'001Hr00001jKvPeIAK',
'001Hr00001jKvPcIAK',
'001Hr00001jKvPNIA0',
'001Hr00001jKvMnIAK',
'001Hr00001jKvKlIAK',
'001Hr00001jKv7kIAC',
'001Hr00001jKuxnIAC',
'001Hr00001jKurGIAS',
'001Hr00001jKuSqIAK',
'001Hr00001jKuRtIAK',
'001Hr00001jKuJVIA0',
'001Hr00001jKuIlIAK',
'001Hr00001jKu61IAC',
'001Hr00001jKu5jIAC',
'001Hr00001jKu5PIAS',
'001Hr00001jKu33IAC',
'001Hr00001jKu2rIAC',
'001Hr00001jKtNnIAK',
'001Hr00001jKtNlIAK',
'001Hr00001jKtNFIA0',
'001Hr00001jKtMVIA0',
'001Hr00001jKtMHIA0',
'001Hr00001jKtBQIA0',
'001Hr00001jKtArIAK',
'001Hr00001jKtAQIA0',
'001Hr00001jKt1AIAS',
'001Hr00001jKshpIAC',
'001Hr00001jKsKMIA0',
'001Hr00001jKsIsIAK',
'001Hr00001jKs8zIAC',
'001Hr00001jKs7XIAS',
'001Hr00001jKrxnIAC',
'001Hr00001jKrmIIAS',
'001Hr00001jKriBIAS',
'001Hr00001jKrg1IAC',
'001Hr00001jKrfnIAC',
'001Hr00001jKrfDIAS',
'001Hr00001jKrecIAC',
'001Hr00001jKreJIAS',
'001Hr00001jKrdLIAS',
'001Hr00001jKrcZIAS',
'001Hr00001jKraNIAS',
'001Hr00001jKrXrIAK',
'001Hr00001jKrWcIAK',
'001Hr00001jKrQjIAK',
'001Hr00001jKrLuIAK',
'001Hr00001jKrL7IAK',
'001Hr00001jKrKJIA0',
'001Hr00001jKrKFIA0',
'001Hr00001jKrKDIA0',
'001Hr00001jKrHlIAK',
'001Hr00001jKrHiIAK',
'001Hr00001jKrGRIA0',
'001Hr00001jKr4tIAC',
'001Hr00001jKqxhIAC',
'001Hr00001jKqpoIAC',
'001Hr00001jKqmiIAC',
'001Hr00001jKqm9IAC',
'001Hr00001jKqlaIAC',
'001Hr00001jKqjIIAS',
'001Hr00001jKqiXIAS',
'001Hr00001jKqfYIAS',
'001Hr00001jKqeyIAC',
'001Hr00001jKqexIAC',
'001Hr00001jKqchIAC',
'001Hr00001jKqcTIAS',
'001Hr00001jKqbbIAC',
'001Hr00001jKqbLIAS',
'001Hr00001jKqRkIAK',
'001Hr00001jKqRXIA0',
'001Hr00001jKqR8IAK',
'001Hr00001jKqPgIAK',
'001Hr00001jKqOFIA0',
'001Hr00001jKqMOIA0',
'001Hr00001jKqKrIAK',
'001Hr00001jKqAzIAK',
'001Hr00001jKqAoIAK',
'001Hr00001jKqAZIA0',
'001Hr00001jKqACIA0',
'001Hr00001jKqABIA0',
'001Hr00001jKqA0IAK',
'001Hr00001jKq9xIAC',
'001Hr00001jKq1LIAS',
'001Hr00001jKpzDIAS',
'001Hr00001jKpyxIAC',
'001Hr00001jKptpIAC',
'001Hr00001jKpthIAC',
'001Hr00001jKpTMIA0',
'001Hr00001jKpQpIAK',
'001Hr00001jKpN9IAK',
'001Hr00001jKpFTIA0',
'001Hr00001jKoKbIAK',
'001Hr00001jKoKHIA0',
'001Hr00001jKoCRIA0',
'001Hr00001jKo7cIAC',
'001Hr00001jKo2aIAC',
'001Hr00001jKnyvIAC',
'001Hr00001jKnxlIAC',
'001Hr00001jKniqIAC',
'001Hr00001jKnX7IAK',
'001Hr00001jKnVwIAK',
'001Hr00001jKnTuIAK',
'001Hr00001jKnLEIA0',
'001Hr00001jKnDQIA0',
'001Hr00001jKjqXIAS',
'001Hr00001jKjqXIAS',
'001Hr00001jKglZIAS',
'001Hr00001jKgbFIAS',
'001Hr00001jKdGYIA0',
'001Hr00001jKdGYIA0',
'001Hr00001jKcbkIAC',
'001Hr00001jKcbkIAC',
'001Hr00001jKWq5IAG',
'001Hr00001jKWq5IAG',
'001Hr00001jKWaCIAW',
'001Hr00001jKWSNIA4',
'001Hr00001jKWSNIA4',
'001Hr00001jKWSDIA4',
'001Hr00001jKWSDIA4',
'001Hr00001jKVfVIAW',
'001Hr00001jKVcWIAW',
'001Hr00001jKVNWIA4',
'001Hr00001jKVNWIA4',
'001Hr00001jKUIlIAO',
'001Hr00001jKUIlIAO',
'001Hr00001jKTZHIA4',
'001Hr00001jKT3fIAG',
'001Hr00001jKStVIAW',
'001Hr00001jKStVIAW',
'001Hr00001jKR2pIAG',
'001Hr00001jKR2pIAG',
'001Hr00001jKR2QIAW',
'001Hr00001jKR2QIAW',
'001Hr00001jKQfRIAW',
'001Hr00001jKQWeIAO',
'001Hr00001jKQ1HIAW',
'001Hr00001jKNH5IAO',
'001Hr00001jKLRKIA4',
'001Hr00001jKLRKIA4',
'001Hr00001jKLKJIA4',
'001Hr00001jKL8XIAW',
'001Hr00001jKL8XIAW',
'001Hr00001jKL4GIAW',
'001Hr00001jKL4GIAW',
'001Hr00001jKKvsIAG',
'001Hr00001jKKvsIAG',
'001Hr00001jKKbJIAW',
'001Hr00001jKKbJIAW',
'001Hr00001jKK2JIAW',
'001Hr00001jKK2JIAW',
'001Hr00001jKJczIAG',
'001Hr00001jKJczIAG',
'001Hr00001jKJSaIAO',
'001Hr00001jKJSaIAO',
'001Hr00001jKJ3fIAG',
'001Hr00001jKJ3fIAG',
'001Hr00001jKIYwIAO',
'001Hr00001jKI0QIAW',
'001Hr00001jKHzXIAW',
'001Hr00001jKHzXIAW',
'001Hr00001jKHooIAG',
'001Hr00001jKFg6IAG',
'001Hr00001jKFg6IAG',
'001Hr00001jKELYIA4',
'001Hr00001jKE0QIAW',
'001Hr00001jKE0QIAW',
'001Hr00001jKCB7IAO',
'001Hr00001jKC5YIAW',
'001Hr00001jKBqiIAG',
'0018000001J6hQpAAJ',
'0018000001J6goTAAR',
'0018000001J6SbfAAF',
'0018000001J69SBAAZ',
'0018000001J5xSeAAJ',
'0018000001J5xSeAAJ',
'0018000001J5xS0AAJ',
'0018000001J5wiFAAR',
'0018000001J5v7xAAB',
'0018000001J5obFAAR',
'0018000001J5mzTAAR',
'0018000001J5mzTAAR',
'0018000001J5mzTAAR',
'0018000001J5A2PAAV',
'0018000001J4vP2AAJ',
'0018000001J4GaGAAV',
'0018000001J4GaGAAV',
'0018000001J4DcsAAF',
'0018000001J4CTDAA3',
'0018000001J4B0xAAF',
'0018000001J4B0xAAF',
'0018000001J44X6AAJ',
'0018000001J44X6AAJ',
'0018000001IW0RqAAL',
'0018000001IVyq1AAD',
'0018000001IVkSeAAL',
'0018000001IVkSeAAL',
'0018000001IVitqAAD',
'0018000001IVho2AAD',
'0018000001IVQAuAAP',
'0018000001IUf6dAAD',
'0018000001IUf6dAAD',
'0018000001IUKazAAH',
'0018000001IUEwfAAH',
'0018000001IUECMAA5',
'0018000001IUDBsAAP',
'0018000001IUAhHAAX',
'0018000001ITKgsAAH',
'0018000001ITHv4AAH',
'0018000001ITHv4AAH',
'0018000001IT7pOAAT',
'0018000001ISrvIAAT',
'0018000001ISrvIAAT',
'0018000001ISnsYAAT',
'0018000001ISeJPAA1',
'0018000001ISeJPAA1',
'0018000001ISd6QAAT',
'0018000001ISd6QAAT',
'0018000001ISTqvAAH',
'0018000001ISMmPAAX',
'0018000001ISENwAAP',
'0018000001ISENwAAP',
'0018000001ISEK4AAP',
'0018000001ISCEBAA5',
'0018000001ISAStAAP',
'0018000001ISAStAAP',
'0018000001IS9qzAAD',
'0018000001IS9qzAAD',
'0018000001IK1b2AAD',
'0018000001IK1b2AAD',
'0018000001IJubrAAD',
'0018000001Hm1pLAAR',
'0018000001Hm1pLAAR',
'0018000001Hm1GuAAJ',
'0018000001HlRvvAAF',
'0018000001HlIDhAAN',
'0018000001HlIDhAAN',
'0018000001HlC2xAAF',
'0018000001Hl4GXAAZ',
'0018000001Hl4GXAAZ',
'0018000001Hl3pvAAB',
'0018000001Hl3pvAAB',
'0018000001HkrO1AAJ',
'0018000001HkrO1AAJ',
'0018000001HkrISAAZ',
'0018000001HkpMwAAJ',
'0018000001HkoVNAAZ',
'0018000001HkktXAAR',
'0018000001HkkBzAAJ',
'0018000001Hkdz6AAB',
'0018000001HkcXUAAZ',
'0018000001HkONbAAN',
'0018000001HkOG1AAN',
'0018000001HkJYeAAN',
'0018000001HjtvJAAR',
'0018000001HjtvJAAR',
'0018000001HjtvJAAR',
'0018000001HjrJOAAZ',
'0018000001HjoOVAAZ',
'0018000001HjluUAAR',
'0018000001Hjda5AAB',
'0018000001HjdMwAAJ',
'0018000001Hjd0dAAB',
'0018000001HjKwNAAV',
'0018000001Hj7XzAAJ',
'0018000001HimglAAB',
'0018000001Hif3GAAR',
'0018000001HieElAAJ',
'0018000001HieElAAJ',
'0018000001HiSexAAF',
'0018000001HiONHAA3',
'0018000001HhuIWAAZ',
'0018000001GtXWPAA3',
'0018000001GtUFbAAN',
'0018000001GtMSyAAN',
'0018000001GtMNyAAN',
'0018000001GtMABAA3',
'0018000001GtLFCAA3',
'0018000001GtFlNAAV',
'0018000001GtC9dAAF',
'0018000001GsmlbAAB',
'0018000001GslGpAAJ',
'0018000001GslGpAAJ',
'0018000001GsjmYAAR',
'0018000001GsfCrAAJ',
'0018000001GscjwAAB',
'0018000001GruteAAB',
'0018000001GraWGAAZ',
'0018000001GraWGAAZ',
'0018000001Gr5f8AAB',
'0018000001Gr2bSAAR',
'0018000001GqrC6AAJ',
'0018000001GqVf0AAF',
'0018000001GqVf0AAF',
'0018000001GqELLAA3',
'0018000001GqDRfAAN',
'0018000001GqAGNAA3',
'0018000001Gq67PAAR',
'0018000001GpysEAAR',
'0018000001GptUpAAJ',
'0018000001GpnzJAAR',
'0018000001GpnzJAAR',
'0018000001Gpl11AAB',
'0018000001GpbM8AAJ',
'0018000001GDGypAAH',
'0018000001GCkKNAA1',
'0018000001GCX2uAAH',
'0018000001GCX2uAAH',
'0018000001GCV1iAAH',
'0018000001GCV1iAAH',
'0018000001GCUT4AAP',
'0018000001GCUT4AAP',
'0018000001GCT09AAH',
'0018000001GCT09AAH',
'0018000001GCSnpAAH',
'0018000001GCSnpAAH',
'0018000001GCRJ3AAP',
'0018000001GCRE4AAP',
'0018000001GCRE4AAP',
'0018000001GCPXEAA5',
'0018000001GCPXEAA5',
'0018000001GCNI2AAP',
'0018000001GCNI2AAP',
'0018000001GCJ3xAAH',
'0018000001GCJ3xAAH',
'0018000001GC82KAAT',
'0018000001GC82KAAT',
'0018000001GC7dwAAD',
'0018000001GC7dwAAD',
'0018000001GC3PFAA1',
'0018000001GC3PFAA1',
'0018000001GC3GZAA1',
'0018000001GC3GZAA1',
'0018000001GByBJAA1',
'0018000001GByBJAA1',
'0018000001GBwxkAAD',
'0018000001GBwxkAAD',
'0018000001GBwZbAAL',
'0018000001GBwZbAAL',
'0018000001GBuIiAAL',
'0018000001GBuIiAAL',
'0018000001GBtAPAA1',
'0018000001GBtAPAA1',
'0018000001GBt2GAAT',
'0018000001GBs8LAAT',
'0018000001GBs8LAAT',
'0018000001GBrcLAAT',
'0018000001GBrcLAAT',
'0018000001GBpFjAAL',
'0018000001GBpFjAAL',
'0018000001GBX8dAAH',
'0018000001GBX8dAAH',
'0018000001GBQKxAAP',
'0018000001GBQKxAAP',
'0018000001GBPtfAAH',
'0018000001GBHZYAA5',
'0018000001GBHZYAA5',
'0018000001GBED2AAP',
'0018000001GBED2AAP',
'0018000001GB2ulAAD',
'0018000001GAjjeAAD',
'0018000001GAY5oAAH',
'0018000001GANwNAAX',
'0018000001GAKh3AAH',
'0018000001GAKFxAAP',
'0018000001GABaxAAH',
'0018000001GAB4QAAX',
'0018000001GAB4QAAX',
'0018000001G9c6SAAR',
'0018000001FfjPtAAJ',
'0018000001Ff2G5AAJ',
'0018000001Ff2G5AAJ',
'0018000001Ff2FCAAZ',
'0018000001FedEMAAZ',
'0018000001FedEMAAZ',
'0018000001FeaS7AAJ',
'0018000001FeQaqAAF',
'0018000001FeAVVAA3',
'0018000001FdvKvAAJ',
'0018000001FdajeAAB',
'0018000001FdZUSAA3',
'0018000001FdZUSAA3',
'0018000001FdQZPAA3',
'0018000001FdJtGAAV',
'0018000001FdHRPAA3',
'0018000001FcL6RAAV',
'0018000001FcL6RAAV',
'0018000001Fc2MOAAZ',
'0018000001FbzwuAAB',
'0018000001EvqvtAAB',
'0018000001EvYJ9AAN',
'0018000001Ev05OAAR',
'0018000001Euxx6AAB',
'0018000001EugwyAAB',
'0018000001EugSeAAJ',
'0018000001EufquAAB',
'0018000001EufquAAB',
'0018000001EuL9hAAF',
'0018000001EtyOrAAJ',
'0018000001EtFiEAAV',
'0018000001Esj8kAAB',
'0018000001EsOYgAAN',
'0018000001EsNcfAAF',
'0018000001EryvYAAR',
'0018000001Ery1kAAB',
'0018000001ErxMGAAZ',
'0018000001ErunkAAB',
'0018000001ErgxGAAR',
'0018000001E3JOiAAN',
'0018000001E3H4SAAV',
'0018000001E36w0AAB',
'0018000001E3617AAB',
'0018000001E34xbAAB',
'0018000001E30UCAAZ',
'0018000001E2yZ7AAJ',
'0018000001E2yZ7AAJ',
'0018000001E2xndAAB',
'0018000001E2fs9AAB',
'0018000001E2TwiAAF',
'0018000001E2PGPAA3',
'0018000001E2FvkAAF',
'0018000001E29ugAAB',
'0018000001E24z4AAB',
'0018000001E22zxAAB',
'0018000001E1iSMAAZ',
'0018000001E1h5UAAR',
'0018000001E1h5UAAR',
'0018000001E1RjCAAV',
'0018000001E1RjCAAV',
'0018000001E1QdjAAF',
'0018000001E1QdjAAF',
'0018000001E19XgAAJ',
'0018000001E19XgAAJ',
'0018000001E12pDAAR',
'0018000001E0k7PAAR',
'0018000001Dzz9PAAR',
'0018000001DzqreAAB',
'0018000001DzqreAAB',
'0018000001DzoYCAAZ',
'0018000001Dzj8OAAR',
'0018000001Dzj8OAAR',
'0018000001DzXoPAAV',
'0018000001DzXoPAAV',
'0018000001DzWK4AAN',
'0018000001DzM36AAF',
'0018000001DzM36AAF',
'0018000001DzI9XAAV',
'0018000001DzHLSAA3',
'0018000001DzA4PAAV',
'0018000001DzA4PAAV',
'0018000001DIxHzAAL',
'0018000001DItMtAAL',
'0018000001DIsAbAAL',
'0018000001DIQXAAA5',
'0018000001DIQXAAA5',
'0018000001DIIdqAAH',
'0018000001DIH7rAAH',
'0018000001DICVVAA5',
'0018000001DICVVAA5',
'0018000001DICNMAA5',
'0018000001DICNMAA5',
'0018000001DI9e3AAD',
'0018000001DI8vXAAT',
'0018000001DI0QGAA1',
'0018000001DHxjzAAD',
'0018000001DHtY9AAL',
'0018000001DHi0zAAD',
'0018000001DHi0zAAD',
'0018000001DHZqWAAX',
'0018000001DGIk2AAH',
'0018000001DGGtoAAH',
'0018000001DGDwJAAX',
'0018000001DFM5pAAH',
'0018000001DFJ0RAAX',
'0018000001DFIUpAAP',
'0018000001CYsrKAAT',
'0018000001CYsmjAAD',
'0018000001CYahnAAD',
'0018000001CYahnAAD',
'0018000001CYHzXAAX',
'0018000001CYCuaAAH',
'0018000001CXzZdAAL',
'0018000001CXzZdAAL',
'0018000001CXrGkAAL',
'0018000001CXq13AAD',
'0018000001CXpb0AAD',
'0018000001CXjmBAAT',
'0018000001CXjmBAAT',
'0018000001CXcJ2AAL',
'0018000001CXcITAA1',
'0018000001CXcHQAA1',
'0018000001CXIBIAA5',
'0018000001CWAyrAAH',
'0018000001CW9ngAAD',
'0018000001CVe9BAAT',
'0018000001CVe9BAAT',
'0018000001CVSVcAAP',
'0018000001CVQFvAAP',
'0018000001CVM2sAAH',
'0018000001CVHVYAA5',
'0018000001CVHI0AAP',
'0018000001CVGqiAAH',
'0018000001CV85AAAT',
'0018000001CV36BAAT',
'0018000001CUr3TAAT',
'0018000001CUr3TAAT',
'0018000001CUpQXAA1',
'0018000001BgPAQAA3',
'0018000001BgBQfAAN',
'0018000001Bfw3nAAB',
'0018000001Bfw3nAAB',
'0018000001BfizuAAB',
'0018000001BfizuAAB',
'0018000001BfQtdAAF',
'0018000001BfQtdAAF',
'0018000001BfEPsAAN',
'0018000001BfEPsAAN',
'0018000001BfDQGAA3',
'0018000001BevQXAAZ',
'0018000001BevQXAAZ',
'0018000001BeutqAAB',
'0018000001BesXsAAJ',
'0018000001BesXsAAJ',
'0018000001Beda2AAB',
'0018000001Beda2AAB',
'0018000001BecYlAAJ',
'0018000001BecYlAAJ',
'0018000001BeOA9AAN',
'0018000001BeOA9AAN',
'0018000001BeI6eAAF',
'0018000001BdtokAAB',
'0018000001BdsSdAAJ',
'0018000001Bds0qAAB',
'0018000001BdrPsAAJ',
'0018000001BdrPsAAJ',
'0018000001Bdq4EAAR',
'0018000001Bdf5aAAB',
'0018000001BdRtKAAV',
'0018000001BdP6QAAV',
'0018000001BdP6QAAV',
'0018000001BdOvIAAV',
'0018000001BdOvIAAV',
'0018000001BdNqWAAV',
'0018000001BdNqWAAV',
'0018000001BdNY3AAN',
'0018000001BdLckAAF',
'0018000001BdGfyAAF',
'0018000001BdFgGAAV',
'0018000001BdF1bAAF',
'0018000001Bd9m0AAB',
'0018000001Bd9jkAAB',
'0018000001Bd9jkAAB',
'0018000001Bd9UVAAZ',
'0018000001BcyQAAAZ',
'0018000001BcyQAAAZ',
'0018000001BcujVAAR',
'0018000001BcogFAAR',
'0018000001BcogFAAR',
'0018000001BcidbAAB',
'0018000001Bci53AAB',
'0018000001BcTOBAA3',
'0018000001BcTOBAA3',
'0018000001BcQP9AAN',
'0018000001BcL4eAAF',
'0018000001BcKDbAAN',
'0018000001BcKDbAAN',
'0018000001BcGRVAA3',
'0018000001BPKLYAA5',
'0018000001Ab5yDAAR',
'0018000001Ab2poAAB',
'0018000001Ab2poAAB',
'0018000001Ab26yAAB',
'0018000001Ab26yAAB',
'0018000001Aaus8AAB',
'0018000001AanAoAAJ',
'0018000001AaiSkAAJ',
'0018000001AafpmAAB',
'0018000001AafpmAAB',
'0018000001Aae8HAAR',
'0018000001Aae8HAAR',
'0018000001AaaCYAAZ',
'0018000001AaVMDAA3',
'0018000001AaScBAAV',
'0018000001AaNpSAAV',
'0018000001AaN9lAAF',
'0018000001AaHzLAAV',
'0018000001Aa6zOAAR',
'0018000001Aa6zOAAR',
'0018000001Aa5JRAAZ',
'0018000001AZuZOAA1',
'0018000001AZrFtAAL',
'0018000001AZrFtAAL',
'0018000001AZnm8AAD',
'0018000001AZQ3bAAH',
'0018000001AZLNFAA5',
'0018000001AZJtPAAX',
'0018000001AZDduAAH',
'0018000001AZDduAAH',
'0018000001AZC0iAAH',
'0018000001AZC0iAAH',
'0018000001AZAqhAAH',
'0018000001AZ1WNAA1',
'0018000001AZ1WNAA1',
'0018000001AYwO1AAL',
'0018000001AYtgMAAT',
'0018000001AYtZ6AAL',
'0018000001AYsExAAL',
'0018000001AYgvhAAD',
'0018000001AYOv5AAH',
'0018000001AY8pZAAT',
'0018000001AY4JBAA1',
'0018000001AY4JBAA1',
'0018000001AY3MEAA1',
'0018000001AY3MEAA1',
'0018000001AXyO7AAL',
'0018000001AXuuMAAT',
'0018000001AXXpqAAH',
'0018000001AXXpqAAH',
'0018000001AXXEjAAP',
'0018000001AXXEjAAP',
'0018000001AXWwaAAH',
'0018000001AXRqFAAX',
'0018000001AXCDJAA5',
'0018000001AXCDJAA5',
'00180000019eUHHAA2',
'00180000019eSnGAAU',
'00180000019eOhIAAU',
'00180000019eNrDAAU',
'00180000019eA2SAAU',
'00180000019e08CAAQ',
'00180000019dwikAAA',
'00180000019dtkEAAQ',
'00180000019dsEfAAI',
'00180000019dsEfAAI',
'00180000019dsAEAAY',
'00180000019dplBAAQ',
'00180000019dlUrAAI',
'00180000019diDeAAI',
'00180000019dgDlAAI',
'00180000019dc5rAAA',
'00180000019dc5rAAA',
'00180000019dbGjAAI',
'00180000019db9dAAA',
'00180000019dYGlAAM',
'00180000019dYEpAAM',
'00180000019dYDcAAM',
'00180000019dVCnAAM',
'00180000019dODDAA2',
'00180000019dLL3AAM',
'00180000019dBn4AAE',
'00180000019dBn4AAE',
'00180000019cxyxAAA',
'00180000019cwD6AAI',
'00180000019cvw5AAA',
'00180000019cvV4AAI',
'00180000019cr6cAAA',
'00180000019cqhxAAA',
'00180000019clDUAAY',
'00180000019cicjAAA',
'00180000019ciTWAAY',
'00180000019chydAAA',
'00180000019chh3AAA',
'00180000019So8SAAS',
'001800000193XT5AAM',
'001800000193XT5AAM',
'001800000193UvDAAU',
'001800000193OoLAAU',
'001800000193OcyAAE',
'001800000193OcyAAE',
'001800000193M5gAAE',
'001800000193LhyAAE',
'001800000193JNRAA2',
'001800000193JNRAA2',
'001800000193JJAAA2',
'001800000193FRcAAM',
'0018000001935P1AAI',
'0018000001935P1AAI',
'0018000001933yRAAQ',
'0018000001933yRAAQ',
'001800000192ymZAAQ',
'001800000192v6eAAA',
'001800000192uasAAA',
'001800000192uasAAA',
'001800000192sfOAAQ',
'001800000192sO8AAI',
'001800000192sI5AAI',
'001800000192pLFAAY',
'001800000192owJAAQ',
'00180000015zxaUAAQ',
'00180000015zuNeAAI',
'00180000015zokKAAQ',
'00180000015zmvUAAQ',
'00180000015zmA9AAI',
'00180000015zmA9AAI',
'00180000015zmA9AAI',
'00180000015zjM8AAI',
'00180000015zjJiAAI',
'00180000015zirpAAA',
'00180000015zd7yAAA',
'00180000015zbqoAAA',
'00180000015zOoCAAU',
'00180000015zOhaAAE',
'00180000015zNjgAAE',
'00180000015z3DrAAI',
'00180000015z3DrAAI',
'00180000015z0FVAAY',
'00180000015z0FVAAY',
'00180000015ythqAAA',
'00180000015ythqAAA',
'00180000015yskHAAQ',
'00180000015yskHAAQ',
'00180000015yrDjAAI',
'00180000015ylKhAAI',
'00180000015yirKAAQ',
'00180000015yaPLAAY',
'00180000015yaI0AAI',
'00180000015yYY2AAM',
'00180000015yWgxAAE',
'00180000015yWgxAAE',
'00180000015yTqSAAU',
'00180000015yOxqAAE',
'00180000015yOxqAAE',
'00180000015yIvpAAE',
'00180000015yHaOAAU',
'00180000015yE4WAAU',
'00180000015yDQiAAM',
'00180000015yCVqAAM',
'00180000015yCVqAAM',
'00180000015y9oDAAQ',
'00180000015y6wWAAQ',
'00180000015y6VGAAY',
'00180000015y6VGAAY',
'00180000015y0XAAAY',
'00180000015y0JnAAI',
'00180000015y0JnAAI',
'00180000015xz1RAAQ',
'00180000015xvLqAAI',
'00180000015xoP3AAI',
'00180000015xoFdAAI',
'00180000015xo4tAAA',
'00180000015xo4tAAA',
'00180000015xo0SAAQ',
'00180000015xm2zAAA',
'00180000015xm2zAAA',
'00180000015xlv8AAA',
'00180000015xifOAAQ',
'00180000015xifOAAQ',
'00180000015xd2uAAA',
'00180000015xb5ZAAQ',
'00180000015xb5ZAAQ',
'00180000015xRHQAA2',
'00180000015xCeuAAE',
'00180000015xB2rAAE',
'00180000015xB2rAAE',
'00180000015xAkJAAU',
'00180000015x8XFAAY',
'00180000015x8XFAAY',
'00180000015x8XFAAY',
'00180000015x8JSAAY',
'00180000015x7MfAAI',
'00180000015wYCVAA2',
'00180000015wYCVAA2',
'00180000015wYCVAA2',
'00180000015wXgfAAE',
'00180000015wVehAAE',
'00180000015wUjDAAU',
'00180000015wRXfAAM',
'00180000015wRXfAAM',
'00180000015wQgcAAE',
'00180000015wNfvAAE',
'00180000015wNGCAA2',
'00180000015wBLZAA2',
'00180000015wAyyAAE',
'00180000015wAyyAAE',
'00180000015wATlAAM',
'00180000015wAEqAAM',
'00180000015w6QwAAI',
'00180000015w1IpAAI',
'00180000015w1EtAAI',
'00180000015w0oVAAQ',
'00180000015w0WMAAY',
'00180000015vv3OAAQ',
'00180000011ME77AAG',
'00180000011MCdOAAW',
'00180000011LqBOAA0',
'00180000011LoDuAAK',
'00180000011LmZZAA0',
'00180000011LkvfAAC',
'00180000011LkBXAA0',
'00180000011LVLNAA4',
'00180000011LSZqAAO',
'00180000011LSZqAAO',
'00180000011L6CVAA0',
'00180000011L3QbAAK',
'00180000011L3QbAAK',
'00180000011L35RAAS',
'00180000011KwsmAAC',
'00180000011KwsmAAC',
'00180000011KwsmAAC',
'00180000011KmTiAAK',
'00180000011Kkm6AAC',
'00180000011KkMhAAK',
'00180000011KkMhAAK',
'00180000011KWdtAAG',
'00180000011KQo0AAG',
'00180000011KPKPAA4',
'00180000011KP64AAG',
'00180000011KOwOAAW',
'00180000011KOlaAAG',
'00180000011KL0UAAW',
'00180000011KL0UAAW',
'00180000011KJsmAAG',
'00180000011KJsmAAG',
'00180000011KIkzAAG',
'00180000011KFUWAA4',
'00180000011KEAoAAO',
'00180000011K9xaAAC',
'00180000011K4h7AAC',
'00180000011K4h7AAC',
'00180000011K3HnAAK',
'00180000011K2xYAAS',
'00180000011K2QxAAK',
'00180000011K1XPAA0',
'00180000011JyV9AAK',
'00180000011JyV9AAK',
'00180000011JyV9AAK',
'00180000011JoBrAAK',
'00180000011JkMeAAK',
'00180000011JkMeAAK',
'00180000011JkMeAAK',
'00180000011JhDHAA0',
'00180000011Jh08AAC',
'00180000011JgBGAA0',
'00180000011JfegAAC',
'00180000011Jf3LAAS',
'00180000011JdsvAAC',
'00180000011JdsvAAC',
'00180000011JdZBAA0',
'00180000011JdZBAA0',
'00180000011JbbrAAC',
'00180000011JZq2AAG',
'00180000011JZq2AAG',
'00180000011JZq2AAG',
'00180000011JYvRAAW',
'00180000011JYvRAAW',
'00180000011JU6fAAG',
'00180000011JT1yAAG',
'00180000011JSuJAAW',
'00180000011JSuJAAW',
'00180000011JRUmAAO',
'00180000011JMvGAAW',
'00180000011JKrgAAG',
'00180000011JINaAAO',
'00180000011JI5WAAW',
'00180000011JI5WAAW',
'00180000011J6OSAA0',
'00180000011J6OSAA0',
'00180000011J5ifAAC',
'00180000011J5ifAAC',
'00180000011J5ifAAC',
'00180000011J4EzAAK',
'00180000011J2LLAA0',
'00180000011J283AAC',
'00180000011J283AAC',
'00180000011J0L4AAK',
'00180000011IwUqAAK',
'00180000011IwQyAAK',
'00180000011IuJKAA0',
'00180000011IpnVAAS',
'00180000011IpFYAA0',
'00180000011In8PAAS',
'00180000011Ijv6AAC',
'00180000011Ijv1AAC',
'00180000011IjQhAAK',
'00180000011IjQhAAK',
'00180000011IeE7AAK',
'00180000011IeE7AAK',
'00180000011IeE7AAK',
'00180000011IcGVAA0',
'00180000011IazdAAC',
'00180000011IazdAAC',
'00180000011Ia5CAAS',
'00180000011IWFhAAO',
'00180000011IVIzAAO',
'00180000011ITSzAAO',
'00180000011ITSeAAO',
'00180000011ITSeAAO',
'00180000011ISRCAA4',
'00180000011ISRCAA4',
'00180000011INvxAAG',
'00180000011IL6EAAW',
'00180000011IL6EAAW',
'00180000011IJYfAAO',
'00180000011IJYfAAO',
'00180000011IIQeAAO',
'00180000011IIHDAA4',
'00180000011IGyzAAG',
'00180000011IGkiAAG',
'00180000011IDIHAA4',
'00180000011IDIHAA4',
'00180000011ICEOAA4',
'00180000011ICEOAA4',
'00180000011IBctAAG',
'00180000011IBctAAG',
'00180000011I9dIAAS',
'00180000011I9dIAAS',
'00180000011I7ieAAC',
'00180000011I7ieAAC',
'00180000011I7i0AAC',
'00180000011I7i0AAC',
'00180000011I7i0AAC',
'00180000011I6XlAAK',
'00180000011I6XlAAK',
'00180000011I5hQAAS',
'00180000011I4YJAA0',
'00180000011I4DfAAK',
'00180000011I29dAAC',
'00180000011I29dAAC',
'00180000011I1TwAAK',
'00180000011I0e5AAC',
'00180000011I030AAC',
'00180000011I030AAC',
'00180000011Hyu6AAC',
'00180000011HxBdAAK',
'00180000011Hx7cAAC',
'00180000011HwrdAAC',
'00180000011HwrdAAC',
'00180000011HwTbAAK',
'00180000011Hw40AAC',
'00180000011Hw40AAC',
'00180000011HtYBAA0',
'00180000011HtYBAA0',
'00180000011HrQfAAK',
'00180000011Hp15AAC',
'00180000011HmdVAAS',
'00180000011HmdVAAS',
'00180000011HmXDAA0',
'00180000011HlADAA0',
'00180000011HlADAA0',
'00180000011HdG1AAK',
'00180000011HcpaAAC',
'00180000011HcpaAAC',
'00180000011HUP8AAO',
'00180000011HUP8AAO',
'00180000011HT02AAG',
'00180000011HT02AAG',
'00180000011HJ1hAAG',
'00180000011HHh6AAG',
'00180000011HHLaAAO',
'00180000011HHLaAAO',
'00180000011HHLaAAO',
'00180000011HHJnAAO',
'00180000011HG4ZAAW',
'00180000011HG4ZAAW',
'00180000011HEyHAAW',
'00180000011HEyHAAW',
'00180000011HByyAAG',
'00180000011HBWlAAO',
'00180000011H9X3AAK',
'00180000011H61TAAS',
'00180000011GxTTAA0',
'00180000011GwKJAA0',
'00180000011GuNMAA0',
'00180000011GuNMAA0',
'00180000011GahsAAC',
'00180000011GahsAAC',
'00180000010vGdhAAE',
'00180000010vGQTAA2',
'00180000010unDFAAY',
'00180000010uj55AAA',
'00180000010ubKiAAI',
'00180000010uW4jAAE',
'00180000010uVv3AAE',
'00180000010u0UyAAI',
'00180000010tr1JAAQ',
'00180000010tr1JAAQ',
'00180000010tr1JAAQ',
'00180000010tmMuAAI',
'00180000010tRaYAAU',
'00180000010tOLNAA2',
'00180000010tLLjAAM',
'00180000010tLLjAAM',
'00180000010tLLjAAM',
'00180000010t6BIAAY',
'00180000010t4j1AAA',
'00180000010ssUSAAY',
'00180000010srwZAAQ',
'00180000010sr8NAAQ',
'00180000010sr2yAAA',
'00180000010sTITAA2',
'00180000010ZiZEAA0',
'00180000010ZfNNAA0',
'00180000010YjRSAA0',
'00180000010YjRSAA0',
'00180000010YVxCAAW',
'00180000010XjPJAA0',
'00180000010XjPJAA0',
'00180000010XUvcAAG',
'00180000010XUuyAAG',
'00180000010XRCFAA4',
'00180000010XL91AAG',
'00180000010X8zoAAC',
'00180000010X8zoAAC',
'00180000010X8zoAAC',
'00180000010Wp1tAAC',
'00180000010WmRzAAK',
'00180000010WYKcAAO',
'00180000010WYKcAAO',
'00180000010WYKcAAO',
'00180000010WGkkAAG',
'00180000010W8WaAAK',
'001800000106u9mAAA',
'001800000106n2aAAA',
'001800000106K2SAAU',
'001800000106HvUAAU',
'001800000106HC2AAM',
'001800000106HC2AAM',
'001800000106HC2AAM',
'001800000105o8qAAA',
'001800000105f2LAAQ',
'001800000105UgLAAU',
'001800000105THKAA2',
'001800000105THKAA2',
'001800000105L6GAAU',
'001800000105GtDAAU',
'001800000105GtDAAU',
'001800000105E83AAE',
'001800000105BI1AAM',
'00180000010593gAAA',
'0018000001052FcAAI',
'001800000104rItAAI',
'001800000104mNJAAY',
'001800000104mNJAAY',
'001800000104kMpAAI',
'001800000104ieZAAQ',
'001800000104LnqAAE',
'0018000001040DUAAY',
'0018000000zpge9AAA',
'0018000000zpgTiAAI',
'0018000000zo3mqAAA',
'0018000000zo3mqAAA',
'0018000000zo3mqAAA',
'0018000000znjdYAAQ',
'0018000000zngZrAAI',
'0018000000znfHsAAI',
'0018000000znKtTAAU',
'0018000000znD82AAE',
'0018000000znBnpAAE',
'0018000000zmlKcAAI',
'0018000000zmlKcAAI',
'0018000000zmlKcAAI',
'0018000000zmi6MAAQ',
'0018000000zmU4KAAU',
'0018000000zmH7vAAE',
'0018000000ytKfQAAU',
'0018000000ysSNwAAM',
'0018000000ysQ1WAAU',
'0018000000ysQ1WAAU',
'0018000000ysQ1WAAU',
'0018000000ysFamAAE',
'0018000000ysFamAAE',
'0018000000ys91yAAA',
'0018000000yre51AAA',
'0018000000yre51AAA',
'0018000000yre51AAA',
'0018000000yrXpRAAU',
'0018000000yrWsLAAU',
'0018000000yrQFaAAM',
'0018000000yprXwAAI',
'0018000000yprXwAAI',
'0018000000yprXwAAI',
'0018000000ypijUAAQ',
'0018000000ypcqpAAA',
'0018000000ypWZzAAM',
'0018000000ypMSgAAM',
'0018000000ypFMBAA2',
'0018000000yl1VmAAI',
'0018000000yl1VmAAI',
'0018000000yl1VmAAI',
'0018000000ykyM1AAI',
'0018000000ykodZAAQ',
'0018000000ykkXTAAY',
'0018000000yjofpAAA',
'0018000000yjlsCAAQ',
'0018000000yjl8DAAQ',
'0018000000yjl8DAAQ',
'0018000000yje5RAAQ',
'0018000000yje5RAAQ',
'0018000000yje5RAAQ',
'0018000000yjbGjAAI',
'0018000000yjbCAAAY',
'0018000000yjTJqAAM',
'0018000000y2uZIAAY',
'0018000000y2uXlAAI',
'0018000000y2rX9AAI',
'0018000000y2rX9AAI',
'0018000000y2pUIAAY',
'0018000000y1nZkAAI',
'0018000000y1jHiAAI',
'0018000000y1VilAAE',
'0018000000y1P9KAAU',
'0018000000y1EZDAA2',
'0018000000y0z6bAAA',
'0018000000xjjNvAAI',
'0018000000xjahuAAA',
'0018000000xjYz4AAE',
'0018000000xjYz4AAE',
'0018000000xjYz4AAE',
'0018000000xipfJAAQ',
'0018000000xiifRAAQ',
'0018000000xh7wiAAA',
'0018000000xh7R2AAI',
'0018000000xO03aAAC',
'0018000000xNUPIAA4',
'0018000000xNUPIAA4',
'0018000000xNQj0AAG',
'0018000000xNF6ZAAW',
'0018000000xN9QIAA0',
'0018000000xN9QIAA0',
'0018000000xN9QIAA0',
'0018000000xMsczAAC',
'0018000000xMXijAAG',
'0018000000xMIMoAAO',
'0018000000xMDpSAAW',
'0018000000xMDVOAA4',
'0018000000xM6mrAAC',
'0018000000xM2QsAAK',
'0018000000xM2QsAAK',
'0018000000xM1kyAAC',
'0018000000xLfZXAA0',
'0018000000xLfZXAA0',
'0018000000xLQloAAG',
'0018000000xLQDdAAO',
'0018000000xLIJ5AAO',
'0018000000xLDKtAAO',
'0018000000xLA5WAAW',
'0018000000xL1jZAAS',
'0018000000wrPbFAAU',
'0018000000wrJZfAAM',
'0018000000wrJXFAA2',
'0018000000wrJXFAA2',
'0018000000wrJXFAA2',
'0018000000wr6AwAAI',
'0018000000wr4OcAAI',
'0018000000wqxRUAAY',
'0018000000wqtyfAAA',
'0018000000wqosvAAA',
'0018000000wqlVeAAI',
'0018000000wqlSgAAI',
'0018000000wqaqaAAA',
'0018000000wqaWWAAY',
'0018000000wqUVkAAM',
'0018000000wqQXrAAM',
'0018000000wqKRDAA2',
'0018000000wqHLIAA2',
'0018000000wqAF6AAM',
'0018000000wqAF6AAM',
'0018000000wq7ZwAAI',
'0018000000wq7ZwAAI',
'0018000000wq7ZwAAI',
'0018000000wq6rpAAA',
'0018000000wpyMHAAY',
'0018000000wpyMHAAY',
'0018000000wpwKfAAI',
'0018000000wpwKfAAI',
'0018000000wpwKfAAI',
'0018000000wphQ9AAI',
'0018000000wpe81AAA',
'0018000000wpWvLAAU',
'0018000000wpWIYAA2',
'0018000000wpWIYAA2',
'0018000000wpWAyAAM',
'0018000000wpVe9AAE',
'0018000000wpRS6AAM',
'0018000000wpH5bAAE',
'0018000000wpGLcAAM',
'0018000000wpGLcAAM',
'0018000000wp81pAAA',
'0018000000wp6OuAAI',
'0018000000wp466AAA',
'0018000000wp466AAA',
'0018000000wp1oOAAQ',
'0018000000wp1oOAAQ',
'0018000000wp09OAAQ',
'0018000000wp09OAAQ',
'0018000000wp09OAAQ',
'0018000000wox6NAAQ',
'0018000000wovGCAAY',
'0018000000wotxKAAQ',
'0018000000woopUAAQ',
'0018000000woopUAAQ',
'0018000000woczkAAA',
'0018000000woco8AAA',
'0018000000wnt0WAAQ',
'0018000000wnt0WAAQ',
'0018000000wnt0WAAQ',
'0018000000wnrffAAA',
'0018000000wNtSVAA0',
'0018000000wNtSVAA0',
'0018000000wNslCAAS',
'0018000000wNslCAAS',
'0018000000wNqukAAC',
'0018000000wNlaSAAS',
'0018000000wNDKaAAO',
'0018000000wNB2ZAAW',
'0018000000wN1LDAA0',
'0018000000wN1LDAA0',
'0018000000wN1FZAA0',
'0018000000wN0KfAAK',
'0018000000wN0KfAAK',
'0018000000wMlLkAAK',
'0018000000wMlLkAAK',
'0018000000wMhVtAAK',
'0018000000wMhVtAAK',
'0018000000wMZeeAAG',
'0018000000wMTRvAAO',
'0018000000wMTH2AAO',
'0018000000wMTH2AAO',
'0018000000wMTH2AAO',
'0018000000wM4U9AAK',
'0018000000wLYmrAAG',
'0018000000wLYS2AAO',
'0018000000wLAOwAAO',
'0018000000wLAABAA4',
'0018000000wLAABAA4',
'0018000000wLAABAA4',
'0018000000wL50cAAC',
'0018000000wL1dCAAS',
'0018000000wKzW7AAK',
'0018000000wKzW7AAK',
'0018000000wKu0NAAS',
'0018000000wKtvdAAC',
'0018000000wKK1kAAG',
'0018000000wKK1kAAG',
'0018000000wKJ2kAAG',
'0018000000wKInpAAG',
'0018000000wKInpAAG',
'0018000000wK7ISAA0',
'0018000000vqanHAAQ',
'0018000000vqanHAAQ',
'0018000000vqanHAAQ',
'0018000000vq7zYAAQ',
'0018000000vq5kvAAA',
'0018000000vpyVWAAY',
'0018000000vpqOLAAY',
'0018000000vpfRHAAY',
'0018000000vpZSAAA2',
'0018000000vpZSAAA2',
'0018000000vpVrwAAE',
'0018000000vpQvSAAU',
'0018000000vpCDqAAM',
'0018000000voatKAAQ',
'0018000000voatKAAQ',
'0018000000voatKAAQ',
'0018000000voKVxAAM',
'0018000000voKVxAAM',
'0018000000voKVxAAM',
'0018000000voI0CAAU',
'0018000000vnbIxAAI',
'0018000000vnbIxAAI',
'0018000000vMik7AAC',
'0018000000vMD4AAAW',
'0018000000vMD4AAAW',
'0018000000vMD4AAAW',
'0018000000vMAvEAAW',
'0018000000vM46eAAC',
'0018000000vLgq7AAC',
'0018000000vLezUAAS',
'0018000000vLezUAAS',
'0018000000vLVzjAAG',
'0018000000vLJfpAAG',
'0018000000vLDhUAAW',
'0018000000vKz93AAC',
'0018000000vK7IoAAK',
'0018000000vK7IoAAK',
'0018000000vK7IoAAK',
'0018000000vJXSZAA4',
'0018000000uxBYbAAM',
'0018000000ux1UYAAY',
'0018000000uwkhsAAA',
'0018000000uwkhsAAA',
'0018000000uwkhsAAA',
'0018000000uwgxuAAA',
'0018000000uwgp8AAA',
'0018000000uwgp8AAA',
'0018000000uwgp8AAA',
'0018000000uwfwQAAQ',
'0018000000uwVzuAAE',
'0018000000uw3qPAAQ',
'0018000000uw3qPAAQ',
'0018000000uw3qPAAQ',
'0018000000uw33WAAQ',
'0018000000uvj5lAAA',
'0018000000uvdF5AAI',
'0018000000uvW4zAAE',
'0018000000uvOySAAU',
'0018000000uvOySAAU',
'0018000000uvOySAAU',
'0018000000uuqFFAAY',
'0018000000uunb9AAA',
'0018000000uunb9AAA',
'0018000000uugcjAAA',
'0018000000uufdLAAQ',
'0018000000uubMfAAI',
'0018000000uubMfAAI',
'0018000000uubMfAAI',
'0018000000uuT9TAAU',
'0018000000uuT9TAAU',
'0018000000uuT9TAAU',
'0018000000uMDxSAAW',
'0018000000uLVBeAAO',
'0018000000uLE1GAAW',
'0018000000uL81kAAC',
'0018000000uL81kAAC',
'0018000000uL81kAAC',
'0018000000uL73GAAS',
'0018000000uL3JQAA0',
'0018000000uKyMlAAK',
'0018000000uKnrEAAS',
'0018000000uKnrEAAS',
'0018000000uKnrEAAS',
'0018000000uKnouAAC',
'0018000000uKnouAAC',
'0018000000uKId0AAG',
'0018000000uKId0AAG',
'0018000000uKId0AAG',
'0018000000uKExvAAG',
'0018000000uK8ZMAA0',
'0018000000uK4kbAAC',
'0018000000uK4kbAAC',
'0018000000uK4kbAAC',
'0018000000uJxvXAAS',
'0018000000uJYpIAAW',
'0018000000uJYpIAAW',
'0018000000uJYpIAAW',
'0018000000uJNj2AAG',
'0018000000uJ4YcAAK',
'0018000000uIvXyAAK',
'0018000000uIqfSAAS',
'0018000000uIqfSAAS',
'0018000000uIqfSAAS',
'0018000000uIpo5AAC',
'0018000000uIpo5AAC',
'0018000000uIpo5AAC',
'0018000000uImZjAAK',
'0018000000uIcpUAAS',
'0018000000uIcfAAAS',
'0018000000uIVl1AAG',
'0018000000uIM9DAAW',
'0018000000uIKRJAA4',
'0018000000uIKRJAA4',
'0018000000uIKRJAA4',
'0018000000tgKSMAA2',
'0018000000tgKSMAA2',
'0018000000tgJlYAAU',
'0018000000tfzCeAAI',
'0018000000tfzCeAAI',
'0018000000tfrfOAAQ',
'0018000000tfp6OAAQ',
'0018000000tfopgAAA',
'0018000000tfopgAAA',
'0018000000tfopgAAA',
'0018000000tflSlAAI',
'0018000000tflSlAAI',
'0018000000tfgPdAAI',
'0018000000tfeQIAAY',
'0018000000tfeQIAAY',
'0018000000tfbARAAY',
'0018000000tfW2xAAE',
'0018000000tfRv5AAE',
'0018000000tfP4PAAU',
'0018000000tfP4PAAU',
'0018000000tfOZgAAM',
'0018000000tfKwOAAU',
'0018000000tfJWQAA2',
'0018000000tfJWQAA2',
'0018000000tfH1tAAE',
'0018000000tfGYRAA2',
'0018000000tfFpfAAE',
'0018000000tfFpfAAE',
'0018000000tfFpfAAE',
'0018000000tfFFCAA2',
'0018000000tfEggAAE',
'0018000000tf7u2AAA',
'0018000000tf7u2AAA',
'0018000000tf5yqAAA',
'0018000000tf5yqAAA',
'0018000000tf4KYAAY',
'0018000000tf4KYAAY',
'0018000000tf4KYAAY',
'0018000000tf3YKAAY',
'0018000000tf3YKAAY',
'0018000000tebW8AAI',
'0018000000tebW8AAI',
'0018000000tebRmAAI',
'0018000000tea65AAA',
'0018000000teY14AAE',
'0018000000teY14AAE',
'0018000000teW8uAAE',
'0018000000teW8uAAE',
'0018000000teW3oAAE',
'0018000000teUtZAAU',
'0018000000teUtZAAU',
'0018000000teTHYAA2',
'0018000000teTHYAA2',
'0018000000teTHYAA2',
'0018000000teRUvAAM',
'0018000000teRUvAAM',
'0018000000teRUvAAM',
'0018000000teLoHAAU',
'0018000000teLoHAAU',
'0018000000teI6oAAE',
'0018000000teHpnAAE',
'0018000000teHpnAAE',
'0018000000teHpnAAE',
'0018000000teHIGAA2',
'0018000000teGV4AAM',
'0018000000teFugAAE',
'0018000000teDvuAAE',
'0018000000te7xAAAQ',
'0018000000tdxcpAAA',
'0018000000tdxcpAAA',
'0018000000tduofAAA',
'0018000000tdqCpAAI',
'0018000000tdqCpAAI',
'0018000000tdpRWAAY',
'0018000000tdlfuAAA',
'0018000000tdlfuAAA',
'0018000000tdlfuAAA',
'0018000000tdkWbAAI',
'0018000000tdkU6AAI',
'0018000000tdkCsAAI',
'0018000000tdhglAAA',
'0018000000tdhglAAA',
'0018000000tdhglAAA',
'0018000000tda3OAAQ',
'0018000000tdZUhAAM',
'0018000000tdVvOAAU',
'0018000000tdVvOAAU',
'0018000000tdRsSAAU',
'0018000000tdRsSAAU',
'0018000000tdM4tAAE',
'0018000000tdEQbAAM',
'0018000000tdEQbAAM',
'0018000000tdEQbAAM',
'0018000000tdENDAA2',
'0018000000tdENDAA2',
'0018000000tdDOKAA2',
'0018000000tdDOKAA2',
'0018000000tdCYnAAM',
'0018000000tdCYnAAM',
'0018000000td7ZqAAI',
'0018000000td79HAAQ',
'0018000000td79HAAQ',
'0018000000td6qZAAQ',
'0018000000td6qZAAQ',
'0018000000td34FAAQ',
'0018000000td34FAAQ',
'0018000000tciDgAAI',
'0018000000tcbACAAY',
'0018000000tcZPQAA2',
'0018000000tcZ7vAAE',
'0018000000tcZ7vAAE',
'0018000000tcV6GAAU',
'0018000000tcV6GAAU',
'0018000000tcSbiAAE',
'0018000000tcSbiAAE',
'0018000000tcSbiAAE',
'0018000000tcPawAAE',
'0018000000tcPawAAE',
'0018000000tcOFsAAM',
'0018000000tcOFsAAM',
'0018000000tcFrZAAU',
'0018000000tcD2GAAU',
'0018000000tcD2GAAU',
'0018000000tcBzNAAU',
'0018000000tcBzNAAU',
'0018000000sKI6xAAG',
'0018000000sKH6XAAW',
'0018000000sKF4rAAG',
'0018000000sKF4rAAG',
'0018000000sKDB6AAO',
'0018000000sKD9AAAW',
'0018000000sKD9AAAW',
'0018000000sK6PRAA0',
'0018000000sK6AmAAK',
'0018000000sK6AmAAK',
'0018000000sK5wkAAC',
'0018000000sK5wkAAC',
'0018000000sK4U8AAK',
'0018000000sJu1QAAS',
'0018000000sJtr6AAC',
'0018000000sJojTAAS',
'0018000000sJimWAAS',
'0018000000sJihWAAS',
'0018000000sJihWAAS',
'0018000000sJi48AAC',
'0018000000sJi48AAC',
'0018000000sJi48AAC',
'0018000000sJeCZAA0',
'0018000000sJcfiAAC',
'0018000000sJYodAAG',
'0018000000sJUeJAAW',
'0018000000sJT1WAAW',
'0018000000sJSAbAAO',
'0018000000sJSAbAAO',
'0018000000sJSAbAAO',
'0018000000sJQyGAAW',
'0018000000sJQtkAAG',
'0018000000sJKmoAAG',
'0018000000sJJW7AAO',
'0018000000sJHeWAAW',
'0018000000sJHeWAAW',
'0018000000sJFBcAAO',
'0018000000sJD9rAAG',
'0018000000sJD9SAAW',
'0018000000sJD9SAAW',
'0018000000sJ4pDAAS',
'0018000000sInLyAAK',
'0018000000sIn0ZAAS',
'0018000000sIlx8AAC',
'0018000000sIjWZAA0',
'0018000000sIjDJAA0',
'0018000000sIcB2AAK',
'0018000000sIbysAAC',
'0018000000sIbysAAC',
'0018000000sISFIAA4',
'0018000000sISFIAA4',
'0018000000sISFIAA4',
'0018000000sIRC7AAO',
'0018000000sIQrXAAW',
'0018000000sIPzyAAG',
'0018000000sIM5DAAW',
'0018000000sIF2LAAW',
'0018000000sIDe6AAG',
'0018000000sIBR5AAO',
'0018000000sI65bAAC',
'0018000000sI2l8AAC',
'0018000000sI1VPAA0',
'0018000000sHzCgAAK',
'0018000000sHzCgAAK',
'0018000000sHzCgAAK',
'0018000000sHyWgAAK',
'0018000000sHvM5AAK',
'0018000000sHiRHAA0',
'0018000000sHhVuAAK',
'0018000000sHW1RAAW',
'0018000000sHQoiAAG',
'0018000000sHKCOAA4',
'0018000000sH4bkAAC',
'0018000000sH4HFAA0',
'0018000000sH1R5AAK',
'0018000000sH1R5AAK',
'0018000000sH1R5AAK',
'0018000000sGXGmAAO',
'0018000000sGXGmAAO',
'0018000000sGXGmAAO',
'0018000000sGRwXAAW',
'0018000000rF83CAAS',
'0018000000rEmSYAA0',
'0018000000rEk9VAAS',
'0018000000rEk2kAAC',
'0018000000rEdveAAC',
'0018000000rEdkuAAC',
'0018000000rEcXGAA0',
'0018000000rEZjtAAG',
'0018000000rEXp1AAG',
'0018000000rEVK3AAO',
'0018000000rEVBbAAO',
'0018000000rEUj9AAG',
'0018000000rEUj9AAG',
'0018000000rEUj9AAG',
'0018000000rDYMFAA4',
'0018000000rDTxSAAW',
'0018000000rDS9mAAG',
'0018000000rDS9mAAG',
'0018000000rDMQIAA4',
'0018000000rDMQIAA4',
'0018000000rDDRCAA4',
'0018000000rDCNwAAO',
'0018000000rDCNwAAO',
'0018000000rDCNwAAO',
'0018000000rCqiWAAS',
'0018000000rCl9fAAC',
'0018000000rCl9fAAC',
'0018000000rCl9fAAC',
'0018000000rCeQRAA0',
'0018000000rCeQRAA0',
'0018000000rCeQRAA0',
'0018000000rCdejAAC',
'0018000000rCWJUAA4',
'0018000000rCU6lAAG',
'0018000000rCSlbAAG',
'0018000000rCPljAAG',
'0018000000rCPljAAG',
'0018000000rCOisAAG',
'0018000000rCIX3AAO',
'0018000000rCH9IAAW',
'0018000000rCH9IAAW',
'0018000000rCFADAA4',
'0018000000rCFADAA4',
'0018000000rCAPmAAO',
'0018000000rC9gsAAC',
'0018000000rC3XCAA0',
'0018000000rBvXHAA0',
'0018000000rBuEnAAK',
'0018000000rBuEnAAK',
'0018000000rBsCBAA0',
'0018000000rBpqmAAC',
'0018000000rBgABAA0',
'0018000000rBgABAA0',
'0018000000rBQq2AAG',
'0018000000rBNVnAAO',
'0018000000rBMM5AAO',
'0018000000rBKqKAAW',
'0018000000rBKqKAAW',
'0018000000rBKqKAAW',
'0018000000rBKCjAAO',
'0018000000rBKCjAAO',
'0018000000rBKCjAAO',
'0018000000rBFoHAAW',
'0018000000rBFRDAA4',
'0018000000rBFRDAA4',
'0018000000rBFRDAA4',
'0018000000rBFP8AAO',
'0018000000rBF1yAAG',
'0018000000rBEs2AAG',
'0018000000rBASxAAO',
'0018000000rBASxAAO',
'0018000000pxZerAAE',
'0018000000pxZerAAE',
'0018000000pxYsYAAU',
'0018000000pxYsYAAU',
'0018000000pxYKJAA2',
'0018000000pxX6iAAE',
'0018000000pxX6iAAE',
'0018000000pxQSKAA2',
'0018000000pxPMdAAM',
'0018000000px8a2AAA',
'0018000000px7liAAA',
'0018000000px1MCAAY',
'0018000000px1MCAAY',
'0018000000px1MCAAY',
'0018000000pwzdlAAA',
'0018000000pwu8zAAA',
'0018000000pwu8zAAA',
'0018000000pwtdSAAQ',
'0018000000pwstOAAQ',
'0018000000pwjY1AAI',
'0018000000pwjKFAAY',
'0018000000pwYLDAA2',
'0018000000pwYLDAA2',
'0018000000pwS6XAAU',
'0018000000pwS6XAAU',
'0018000000pwMAiAAM',
'0018000000pwKxJAAU',
'0018000000pwKxJAAU',
'0018000000pwJLNAA2',
'0018000000pwAsOAAU',
'0018000000pwAsOAAU',
'0018000000pw7flAAA',
'0018000000pvzrLAAQ',
'0018000000pvzrLAAQ',
'0018000000pvyYxAAI',
'0018000000pvyYxAAI',
'0018000000pvyYxAAI',
'0018000000pvlh6AAA',
'0018000000pvlh6AAA',
'0018000000pvcMuAAI',
'0018000000pvcMuAAI',
'0018000000pvbV6AAI',
'0018000000pvbV6AAI',
'0018000000pvbUbAAI',
'0018000000pvaJoAAI',
'0018000000pvaJoAAI',
'0018000000pvaJoAAI',
'0018000000pvYs5AAE',
'0018000000pvMrmAAE',
'0018000000pvLTxAAM',
'0018000000pvK9qAAE',
'0018000000pvJoEAAU',
'0018000000pvJoEAAU',
'0018000000pvIDiAAM',
'0018000000pvIDiAAM',
'0018000000pvIDiAAM',
'0018000000pvEf4AAE',
'0018000000pvEf4AAE',
'0018000000pvEf4AAE',
'0018000000pvCXOAA2',
'0018000000pvCXOAA2',
'0018000000pvBSgAAM',
'0018000000pvBSgAAM',
'0018000000pv8n4AAA',
'0018000000pv8ZRAAY',
'0018000000pv8ZRAAY',
'0018000000pv8ZRAAY',
'0018000000pv8XBAAY',
'0018000000pv8XBAAY',
'0018000000pv8KvAAI',
'0018000000pv5wRAAQ',
'0018000000pv5wRAAQ',
'0018000000pv5wRAAQ',
'0018000000pv5gOAAQ',
'0018000000pv51iAAA',
'0018000000purPVAAY',
'0018000000puq08AAA',
'0018000000puprpAAA',
'0018000000pui52AAA',
'0018000000puhxCAAQ',
'0018000000puhrhAAA',
'0018000000puhrhAAA',
'0018000000puhrhAAA',
'0018000000puhF4AAI',
'0018000000puf5GAAQ',
'0018000000puf5GAAQ',
'0018000000pueJVAAY',
'0018000000puaU2AAI',
'0018000000puW0wAAE',
'0018000000puQVYAA2',
'0018000000puQVYAA2',
'0018000000puPXGAA2',
'0018000000puKHgAAM',
'0018000000puKHgAAM',
'0018000000pu7CWAAY',
'0018000000pu1beAAA',
'0018000000ptx2OAAQ',
'0018000000ptwSqAAI',
'0018000000ptvmAAAQ',
'0018000000ptvmAAAQ',
'0018000000ptvmAAAQ',
'0018000000ptppnAAA',
'0018000000ptppnAAA',
'0018000000ptoluAAA',
'0018000000ptkXiAAI',
'0018000000ptkXiAAI',
'0018000000ptkXiAAI',
'0018000000osQc6AAE',
'0018000000osQc6AAE',
'0018000000osOL5AAM',
'0018000000osLm4AAE',
'0018000000osLm4AAE',
'0018000000osLm4AAE',
'0018000000ormhvAAA',
'0018000000orlR3AAI',
'0018000000orjnlAAA',
'0018000000orjnlAAA',
'0018000000oriYUAAY',
'0018000000oriYUAAY',
'0018000000oriYUAAY',
'0018000000ori8LAAQ',
'0018000000ori8LAAQ',
'0018000000ori8LAAQ',
'0018000000ordEIAAY',
'0018000000orLuzAAE',
'0018000000orLuzAAE',
'0018000000orL6fAAE',
'0018000000orL6fAAE',
'0018000000orL6fAAE',
'0018000000orCEwAAM',
'0018000000or9zUAAQ',
'0018000000or7r0AAA',
'0018000000oqzHiAAI',
'0018000000oqz2xAAA',
'0018000000oqz2xAAA',
'0018000000oqy53AAA',
'0018000000oqrORAAY',
'0018000000oqrORAAY',
'0018000000oqrORAAY',
'0018000000oqmkgAAA',
'0018000000oqmkgAAA',
'0018000000oqmkgAAA',
'0018000000oqgrUAAQ',
'0018000000oqgrUAAQ',
'0018000000oqPsoAAE',
'0018000000oqPsoAAE',
'0018000000oqPf8AAE',
'0018000000oqPXsAAM',
'0018000000oqPXsAAM',
'0018000000oqPVcAAM',
'0018000000oqPUkAAM',
'0018000000oqPSHAA2',
'0018000000oqPSHAA2',
'0018000000oqPSHAA2',
'0018000000oqOxPAAU',
'0018000000oqO4HAAU',
'0018000000oqNCyAAM',
'0018000000oqLLfAAM',
'0018000000oqJGRAA2',
'0018000000oqD2SAAU',
'0018000000oqD2SAAU',
'0018000000oqCy7AAE',
'0018000000oqCy7AAE',
'0018000000oqCy7AAE',
'0018000000oq5BBAAY',
'0018000000oq5BBAAY',
'0018000000opoCiAAI',
'0018000000opjdmAAA',
'0018000000opjdmAAA',
'0018000000opiQqAAI',
'0018000000opfXtAAI',
'0018000000opfXtAAI',
'0018000000opPm2AAE',
'0018000000opMthAAE',
'0018000000opMHrAAM',
'0018000000opLjzAAE',
'0018000000opGB1AAM',
'0018000000opB0cAAE',
'0018000000op520AAA',
'0018000000op1G5AAI',
'0018000000op1G5AAI',
'0018000000op1G5AAI',
'0018000000op1FzAAI',
'0018000000op1FzAAI',
'0018000000op1FzAAI',
'0018000000op1EOAAY',
'0018000000ooxJwAAI',
'0018000000ooxJwAAI',
'0018000000ooxJwAAI',
'0018000000ootqAAAQ',
'0018000000ootqAAAQ',
'0018000000ooqXoAAI',
'0018000000ooqXoAAI',
'0018000000ooj76AAA',
'0018000000ooj76AAA',
'0018000000oocADAAY',
'0018000000ooa4RAAQ',
'0018000000ooXo7AAE',
'0018000000ooVupAAE',
'0018000000ooVupAAE',
'0018000000ooVupAAE',
'0018000000ooT76AAE',
'0018000000ooOuHAAU',
'0018000000ooOuHAAU',
'0018000000ooOuHAAU',
'0018000000ooNhLAAU',
'0018000000ooLf8AAE',
'0018000000ooLFwAAM',
'0018000000ooHuIAAU',
'0018000000ooFh5AAE',
'0018000000ooFMRAA2',
'0018000000o3uulAAA',
'0018000000o3uulAAA',
'0018000000o3uD8AAI',
'0018000000o3q05AAA',
'0018000000o3q05AAA',
'0018000000o3pxFAAQ',
'0018000000o3pCpAAI',
'0018000000o3oRYAAY',
'0018000000o3nh9AAA',
'0018000000o3m5bAAA',
'0018000000o3m2EAAQ',
'0018000000o3m2EAAQ',
'0018000000o3lzLAAQ',
'0018000000o3iNGAAY',
'0018000000o3hIBAAY',
'0018000000o3hIBAAY',
'0018000000o3hGuAAI',
'0018000000o3dm4AAA',
'0018000000o3d4nAAA',
'0018000000o3d4nAAA',
'0018000000o3Pe9AAE',
'0018000000o3Pe9AAE',
'0018000000o3Pe9AAE',
'0018000000o3BxlAAE',
'0018000000o3BxlAAE',
'0018000000o2pLQAAY',
'0018000000o2pLQAAY',
'0018000000o2pLQAAY',
'0018000000o2GoKAAU',
'0018000000o2GoKAAU',
'0018000000o2GoKAAU',
'0018000000o23YkAAI',
'0018000000o23E2AAI',
'0018000000o23E2AAI',
'0018000000o1tdyAAA',
'0018000000o1tdyAAA',
'0018000000o1tdyAAA',
'0018000000o1oryAAA',
'0018000000o1oceAAA',
'0018000000o1kt0AAA',
'0018000000o1ju0AAA',
'0018000000o1Zw0AAE',
'0018000000o1VcHAAU',
'0018000000o1VTFAA2',
'0018000000o1KEjAAM',
'0018000000o1GU2AAM',
'0018000000o1FDkAAM',
'0018000000o1FDkAAM',
'0018000000o1FDkAAM',
'0018000000o0oc1AAA',
'0018000000o0oaOAAQ',
'0018000000o0oaOAAQ',
'0018000000o0hD8AAI',
'0018000000o0hD8AAI',
'0018000000o0hD8AAI',
'0018000000o0f6DAAQ',
'0018000000o0f6DAAQ',
'0018000000o0dljAAA',
'0018000000o0WinAAE',
'0018000000o0Rh4AAE',
'0018000000o0MFUAA2',
'0018000000o0MF4AAM',
'0018000000o0CrCAAU',
'0018000000o0CrCAAU',
'0018000000o0CrCAAU',
'0018000000o0CeKAAU',
'0018000000o03wqAAA',
'0018000000o03DYAAY',
'0018000000o03DYAAY',
'0018000000o03DYAAY',
'0018000000o01tSAAQ',
'0018000000o01tSAAQ',
'0018000000o01tSAAQ',
'0018000000o0114AAA',
'0018000000o0114AAA',
'0018000000nzwg1AAA',
'0018000000n37zlAAA',
'0018000000n37y2AAA',
'0018000000n30VoAAI',
'0018000000n30VoAAI',
'0018000000n30VoAAI',
'0018000000n2svVAAQ',
'0018000000n2svVAAQ',
'0018000000n2stHAAQ',
'0018000000n2stHAAQ',
'0018000000n2nwaAAA',
'0018000000n2nwaAAA',
'0018000000n2nwaAAA',
'0018000000n2jZjAAI',
'0018000000n2jZjAAI',
'0018000000n2jZjAAI',
'0018000000n2ehfAAA',
'0018000000n2ehfAAA',
'0018000000n2ehfAAA',
'0018000000n2ehPAAQ',
'0018000000n2cTyAAI',
'0018000000n2ZYFAA2',
'0018000000n2ZYFAA2',
'0018000000n2XXXAA2',
'0018000000n2XXXAA2',
'0018000000n2SwJAAU',
'0018000000n2POTAA2',
'0018000000n2GZdAAM',
'0018000000n2Ds9AAE',
'0018000000n2Ds9AAE',
'0018000000n2DrBAAU',
'0018000000n2B4HAAU',
'0018000000n2B4HAAU',
'0018000000n2B4HAAU',
'0018000000n2At9AAE',
'0018000000n2At9AAE',
'0018000000n2AdTAAU',
'0018000000n2AdTAAU',
'0018000000n24NRAAY',
'0018000000n24NRAAY',
'0018000000n24NRAAY',
'0018000000n24IgAAI',
'0018000000n22t2AAA',
'0018000000n22t2AAA',
'0018000000n1zRgAAI',
'0018000000n1zRgAAI',
'0018000000n1yexAAA',
'0018000000n1yexAAA',
'0018000000n1qFQAAY',
'0018000000n1d6EAAQ',
'0018000000n1XU2AAM',
'0018000000n1XU2AAM',
'0018000000n1XU2AAM',
'0018000000n1TT6AAM',
'0018000000n1TT6AAM',
'0018000000n1PTHAA2',
'0018000000n1PTHAA2',
'0018000000n1PTHAA2',
'0018000000n1HWlAAM',
'0018000000n1FsDAAU',
'0018000000n1FsDAAU',
'0018000000n1FsDAAU',
'0018000000n1F4oAAE',
'0018000000n1Cu4AAE',
'0018000000n13uNAAQ',
'0018000000n13uNAAQ',
'0018000000n13uNAAQ',
'0018000000n0idpAAA',
'0018000000n0idpAAA',
'0018000000n0idpAAA',
'0018000000n0iY8AAI',
'0018000000n0iY8AAI',
'0018000000n0iY8AAI',
'0018000000n0VITAA2',
'0018000000n0LP6AAM',
'0018000000n0LG8AAM',
'0018000000n0Cg4AAE',
'0018000000n03WOAAY',
'0018000000n03WOAAY',
'0018000000n03WOAAY',
'0018000000mzbtaAAA',
'0018000000mzbtaAAA',
'0018000000mzbtaAAA',
'0018000000mzUVRAA2',
'0018000000mzISuAAM',
'0018000000mzISuAAM',
'0018000000mYzeYAAS',
'0018000000mYzeYAAS',
'0018000000mYOWpAAO',
'0018000000mYOWpAAO',
'0018000000mYOWBAA4',
'0018000000mYJOPAA4',
'0018000000mY52YAAS',
'0018000000mXvglAAC',
'0018000000mXk6PAAS',
'0018000000mXLgEAAW',
'0018000000mXLgEAAW',
'0018000000mXLgEAAW',
'0018000000mVqT2AAK',
'0018000000m239UAAQ',
'0018000000m1zlsAAA',
'0018000000m1qR6AAI',
'0018000000m1qR6AAI',
'0018000000m1qR6AAI',
'0018000000m1XCoAAM',
'0018000000m1CnIAAU',
'0018000000m1CnIAAU',
'0018000000m1CnIAAU',
'0018000000m1CnGAAU',
'0018000000m1CnGAAU',
'0018000000m12R4AAI',
'0018000000m12R4AAI',
'0018000000m0xfyAAA',
'0018000000m0xfyAAA',
'0018000000m0xfyAAA',
'0018000000m0uYqAAI',
'0018000000m0AMgAAM',
'0018000000m0AMgAAM',
'0018000000m0A64AAE',
'0018000000m0A64AAE',
'0018000000lzr3yAAA',
'0018000000lzr3yAAA',
'0018000000lzW2PAAU',
'0018000000lzG92AAE',
'0018000000lzG0pAAE',
'0018000000lzG0pAAE',
'0018000000lzG0pAAE',
'0018000000lyLBSAA2',
'0018000000lyLBSAA2',
'0018000000lyLBSAA2',
'0018000000lLyZpAAK',
'0018000000lLyZpAAK',
'0018000000lLozhAAC',
'0018000000lLozhAAC',
'0018000000lLozhAAC',
'0018000000lLopbAAC',
'0018000000lLopbAAC',
'0018000000lLOAvAAO',
'0018000000lLJbaAAG',
'0018000000lLJbaAAG',
'0018000000lLJbaAAG',
'0018000000lL0XEAA0',
'0018000000lL0XEAA0',
'0018000000lKsvdAAC',
'0018000000lKbcXAAS',
'0018000000lKJcIAAW',
'0018000000lK4w1AAC',
'0018000000lK4w1AAC',
'0018000000lK4w1AAC',
'0018000000lJsafAAC',
'0018000000lJsafAAC',
'0018000000lJhZhAAK',
'0018000000lJ00iAAC',
'0018000000lIp8PAAS',
'0018000000lIp8PAAS',
'0018000000lIp8PAAS',
'0018000000lIhwWAAS',
'0018000000lIeHCAA0',
'0018000000lIeHCAA0',
'0018000000lIeHCAA0',
'0018000000lIXoxAAG',
'0018000000lIXoxAAG',
'0018000000lIEyYAAW',
'0018000000l9OIkAAM',
'0018000000l9OIkAAM',
'0018000000l9OIkAAM',
'0018000000l8MT9AAM',
'0018000000l8MT9AAM',
'0018000000l7uUDAAY',
'0018000000l7uUDAAY',
'0018000000l7uUDAAY',
'0018000000l7YZYAA2',
'0018000000l7YZYAA2',
'0018000000l7SceAAE',
'0018000000l62DqAAI',
'0018000000kjO8WAAU',
'0018000000kjO8WAAU',
'0018000000kgIgkAAE',
'0018000000kZyxPAAS',
'0018000000kZyxPAAS',
'0018000000kZyxPAAS',
'0018000000kZyWjAAK',
'0018000000kZyWjAAK',
'0018000000kZyWjAAK',
'0018000000kZZ4dAAG',
'0018000000kZ7pHAAS',
'0018000000kYFUTAA4',
'0018000000kY5dGAAS',
'0018000000kXxyCAAS',
'0018000000kXxyCAAS',
'0018000000kXxyCAAS',
'0018000000kTSHGAA4',
'0018000000kTSHGAA4',
'0018000000kT1JpAAK',
'0018000000kSlkwAAC',
'0018000000kSlkwAAC',
'0018000000kSlkwAAC',
'0018000000kCsEcAAK',
'0018000000kCsEcAAK',
'0018000000kCsEcAAK',
'0018000000kAnCyAAK',
'0018000000kAbobAAC',
'0018000000kAbobAAC',
'0018000000kAUO8AAO',
'0018000000kA9IJAA0',
'0018000000kA8LjAAK',
'0018000000kA8LjAAK',
'0018000000k9RdQAAU',
'0018000000k9RdQAAU',
'0018000000k9RdQAAU',
'0018000000k9GwTAAU',
'0018000000k9EMkAAM',
'0018000000k9EMkAAM',
'0018000000k9EMkAAM',
'0018000000k94YyAAI',
'0018000000k94YyAAI',
'0018000000k93JJAAY',
'0018000000k93JJAAY',
'0018000000k93JJAAY',
'0018000000k8t1lAAA',
'0018000000k8t1lAAA',
'0018000000k8t1lAAA',
'0018000000jzXDzAAM',
'0018000000jzXDzAAM',
'0018000000jz158AAA',
'0018000000jyDxYAAU',
'0018000000jwTEgAAM',
'0018000000jwTEgAAM',
'0018000000jmvofAAA',
'0018000000jmvofAAA',
'0018000000jmmJNAAY',
'0018000000jmmJNAAY',
'0018000000jmVIFAA2',
'0018000000jmG7sAAE',
'0018000000jmG7sAAE',
'0018000000jmG7sAAE',
'0018000000jlC6rAAE',
'0018000000jlC6rAAE',
'0018000000jkaGrAAI',
'0018000000jkaGrAAI',
'0018000000jkaGrAAI',
'0018000000jjytiAAA',
'0018000000jjytiAAA',
'0018000000jjytiAAA',
'0018000000jZbwNAAS',
'0018000000jZbwNAAS',
'0018000000jZO2BAAW',
'0018000000jZO2BAAW',
'0018000000jZO2BAAW',
'0018000000jOXFyAAO',
'0018000000jOXFyAAO',
'0018000000jNqJqAAK',
'0018000000jNqJqAAK',
'0018000000jMn4KAAS',
'0018000000jMn4KAAS',
'0018000000jMZtFAAW',
'0018000000jMZtFAAW',
'0018000000jLvTjAAK',
'0018000000jLvTjAAK',
'0018000000jLQEpAAO',
'0018000000jLIIUAA4',
'0018000000jLIIUAA4',
'0018000000jLIIUAA4',
'0018000000jLIEhAAO',
'0018000000jLIA7AAO',
'0018000000jLIA7AAO',
'0018000000jLIA7AAO',
'0018000000jKyp2AAC',
'0018000000jKyp2AAC',
'0018000000jKyp2AAC',
'0018000000jKykKAAS',
'0018000000jKykKAAS',
'0018000000jKh2uAAC',
'0018000000jKh2uAAC',
'0018000000j3P3xAAE',
'0018000000j3P3xAAE',
'0018000000j3P3xAAE',
'0018000000j3OUbAAM',
'0018000000j3OUXAA2',
'0018000000j1w7jAAA',
'0018000000j1w7jAAA',
'0018000000j0wVTAAY',
'0018000000j0wVTAAY',
'0018000000j0wVTAAY',
'0018000000iml4WAAQ',
'0018000000iml4WAAQ',
'0018000000iml4WAAQ',
'0018000000imGXsAAM',
'0018000000imGXsAAM',
'0018000000imGXsAAM',
'0018000000ilQpAAAU',
'0018000000ilQpAAAU',
'0018000000ilQpAAAU',
'0018000000il6EUAAY',
'0018000000il6EUAAY',
'0018000000ikNJ6AAM',
'0018000000iitCjAAI',
'0018000000iitCjAAI',
'0018000000iifqyAAA',
'0018000000iRkrsAAC',
'0018000000iRkrsAAC',
'0018000000iRkrsAAC',
'0018000000iPDAgAAO',
'0018000000iPDAgAAO',
'0018000000iP403AAC',
'0018000000i5MdeAAE',
'0018000000i5MdeAAE',
'0018000000i3wQCAAY',
'0018000000i3wQCAAY',
'0018000000i3uo9AAA',
'0018000000i3EoiAAE',
'0018000000i3EoiAAE',
'0018000000i2rm7AAA',
'0018000000i2rm7AAA',
'0018000000hpiKOAAY',
'0018000000hpiKOAAY',
'0018000000hpQitAAE',
'0018000000hpQitAAE',
'0018000000hojZcAAI',
'0018000000hojZcAAI',
'0018000000hojZcAAI',
'0018000000hn1ZHAAY',
'0018000000hn1ZHAAY',
'0018000000hYIA0AAO',
'0018000000hYIA0AAO',
'0018000000hYIA0AAO',
'0018000000hVGtWAAW',
'0018000000h8XkzAAE',
'0018000000h8XkzAAE',
'0018000000h83UnAAI',
'0018000000h7r60AAA',
'0018000000h7I5yAAE',
'0018000000h6y3lAAA',
'0018000000h6y3lAAA',
'0018000000h6MgjAAE',
'0018000000h6MgjAAE',
'0018000000h1h2iAAA',
'0018000000h1h2iAAA',
'0018000000h0shYAAQ',
'0018000000h0aASAAY',
'0018000000h0aASAAY',
'0018000000h0OtUAAU',
'0018000000h07RAAAY',
'0018000000gXo45AAC',
'0018000000gXo45AAC',
'0018000000gXmdxAAC',
'0018000000gXmdxAAC',
'0018000000gXEDmAAO',
'0018000000gXEDmAAO',
'0018000000g2RHoAAM',
'0018000000g2RHoAAM',
'0018000000g2AgPAAU',
'0018000000g2AgPAAU',
'0018000000g10GMAAY',
'0018000000g0rgMAAQ',
'0018000000g0rgMAAQ',
'0018000000ffhXDAAY',
'0018000000ffhXDAAY',
'0018000000fffYFAAY',
'0018000000fffYFAAY',
'0018000000ffOzVAAU',
'0018000000ffOzVAAU',
'0018000000feq8iAAA',
'0018000000feq8iAAA',
'0018000000fepjgAAA',
'0018000000fepjgAAA',
'0018000000fepbIAAQ',
'0018000000fepbIAAQ',
'0018000000fepEqAAI',
'0018000000fds8MAAQ',
'0018000000fcszfAAA',
'0018000000fcszfAAA',
'0018000000fcWpgAAE',
'0018000000fcLlSAAU',
'0018000000fcLlSAAU',
'0018000000fJ9s6AAC',
'0018000000fJ9qmAAC',
'0018000000fIeIPAA0',
'0018000000fIeIPAA0',
'0018000000eyG2VAAU',
'0018000000eyG2QAAU',
'0018000000exPrlAAE',
'0018000000eelcEAAQ',
'0018000000ecYawAAE',
'0018000000ecYawAAE',
'0018000000eahirAAA',
'0018000000eahirAAA',
'0018000000eahirAAA',
'0018000000eEG8LAAW',
'0018000000eEG8LAAW',
'0018000000eDTrIAAW',
'0018000000eDTrIAAW',
'0018000000eCh6TAAS',
'0018000000e4oUsAAI',
'0018000000e4fvPAAQ',
'0018000000e4fvPAAQ',
'0018000000e4JdKAAU',
'0018000000e3My7AAE',
'0018000000e3My7AAE',
'0018000000e3My7AAE',
'0018000000e3My0AAE',
'0018000000e3My0AAE',
'0018000000e3My0AAE',
'0018000000e3CuiAAE',
'0018000000e3CskAAE',
'0018000000e3CskAAE',
'0018000000dlrjlAAA',
'0018000000dlrjlAAA',
'0018000000dlrjlAAA',
'0018000000dlmAtAAI',
'0018000000dlmAtAAI',
'0018000000dj66oAAA',
'0018000000diGHnAAM',
'0018000000dZdnGAAS',
'0018000000dZNsWAAW',
'0018000000dZ88KAAS',
'0018000000dXsytAAC',
'0018000000dXsytAAC',
'0018000000dXUxSAAW',
'0018000000dXIrWAAW',
'0018000000dXDu5AAG',
'0018000000dXDu5AAG',
'0018000000dXDu5AAG',
'0018000000d5bTBAAY',
'0018000000d5bTBAAY',
'0018000000cxAPoAAM',
'0018000000cxAPoAAM',
'0018000000cotmbAAA',
'0018000000cnSK8AAM',
'0018000000cJOhzAAG',
'0018000000cIk9FAAS',
'0018000000cIk9FAAS',
'0018000000cINtvAAG',
'0018000000cINtvAAG',
'0018000000bzwAtAAI',
'0018000000byUTYAA2',
'0018000000boid3AAA',
'0018000000boid3AAA',
'0018000000bGIm1AAG',
'0018000000bGIm1AAG',
'0018000000bGIm1AAG',
'0018000000b4K7BAAU',
'0018000000b4K7BAAU',
'0018000000b4K7BAAU',
'0018000000b49OnAAI',
'0018000000b49OnAAI',
'0018000000b1RRXAA2',
'0018000000b1RRXAA2',
'0018000000b1RRXAA2',
'0018000000b0vV8AAI',
'0018000000b0vV8AAI',
'0018000000b0sWXAAY',
'0018000000b0sWXAAY',
'0018000000b0sWXAAY',
'0018000000anKNnAAM',
'0018000000anKNnAAM',
'0018000000anJuiAAE',
'0018000000anJuiAAE',
'0018000000anJbnAAE',
'0018000000anJbBAAU',
'0018000000anJbBAAU',
'0018000000amx7bAAA',
'0018000000amx7bAAA',
'0018000000amvy9AAA',
'0018000000amvy9AAA',
'0018000000acbEmAAI',
'0018000000acbEmAAI',
'0018000000acbEmAAI',
'0018000000acXlnAAE',
'0018000000acXlnAAE',
'0018000000acPOuAAM',
'0018000000acPMAAA2',
'0018000000acPMAAA2',
'0018000000aBhjXAAS',
'0018000000aBhjXAAS',
'0018000000aBhjXAAS',
'0018000000a9glCAAQ',
'0018000000a9geTAAQ',
'0018000000a9Qw6AAE',
'0018000000a9Qw6AAE',
'0018000000a9QtcAAE',
'0018000000a9QtcAAE',
'0018000000a9QtcAAE',
'0018000000ZrSCGAA3',
'0018000000ZiIT4AAN',
'0018000000ZiIOjAAN',
'0018000000ZiIOiAAN',
'0018000000ZiIOiAAN',
'0018000000Zi8B1AAJ',
'0018000000ZhyXpAAJ',
'0018000000ZhyXpAAJ',
'0018000000ZghGvAAJ',
'0018000000ZQ1IfAAL',
'0018000000ZQ1IZAA1',
'0018000000ZQ1IZAA1',
'0018000000ZOqulAAD',
'0018000000ZOqulAAD',
'0018000000ZIq5HAAT',
'0018000000ZIVAuAAP',
'0018000000ZIVAuAAP',
'0018000000ZGAnSAAX',
'0018000000ZGAnSAAX',
'0018000000Z1snlAAB',
'0018000000Z1snlAAB',
'0018000000Z19TgAAJ',
'0018000000Z0RuCAAV',
'0018000000Yzmt6AAB',
'0018000000Yyq3PAAR',
'0018000000Yyq3PAAR',
'0018000000Yn7j9AAB',
'0018000000YlpZuAAJ',
'0018000000YlpUTAAZ',
'0018000000YlpUTAAZ',
'0018000000YlpRmAAJ',
'0018000000YA39nAAD',
'0018000000YA2rXAAT',
'0018000000YA2rXAAT',
'0018000000YA2lLAAT',
'0018000000YA2jwAAD',
'0018000000YA2QKAA1',
'0018000000YA2QKAA1',
'0018000000YA1qEAAT',
'0018000000YA1d9AAD',
'0018000000YA1QHAA1',
'0018000000YA1QHAA1',
'0018000000YA1DcAAL',
'0018000000YA0naAAD',
'0018000000Y9yH8AAJ',
'0018000000Y9yH8AAJ',
'0018000000Y9wRAAAZ',
'0018000000Y9wNEAAZ',
'0018000000Y9wNEAAZ',
'0018000000Y9wMcAAJ',
'0018000000Y9wMcAAJ',
'0018000000Y9wICAAZ',
'0018000000Y9wHyAAJ',
'0018000000Y9vxkAAB',
'0018000000Y9nrAAAR',
'0018000000Y9nrAAAR',
'0018000000Y9nqLAAR',
'0018000000Y9nnWAAR',
'0018000000Y9nhkAAB',
'0018000000Y9nD5AAJ',
'0018000000Y9nD5AAJ',
'0018000000Y9n6WAAR',
'0018000000Y9n57AAB',
'0018000000Y9n4gAAB',
'0018000000Y9n2aAAB',
'0018000000Y9myJAAR',
'0018000000Y9mgPAAR',
'0018000000Y9mgPAAR',
'0018000000Y9mfoAAB',
'0018000000Y9mfoAAB',
'0018000000Y9mZrAAJ',
'0018000000Y9mVJAAZ',
'0018000000Y9mPqAAJ',
'0018000000Y9mIWAAZ',
'0018000000Y9m5CAAR',
'0018000000Y9m3rAAB',
'0018000000Y9m1UAAR',
'0018000000Y9m1UAAR',
'0018000000Y9lYQAAZ',
'0018000000Y9lUHAAZ',
'0018000000Y9lU0AAJ',
'0018000000Y9lSpAAJ',
'0018000000Y9lSpAAJ',
'0018000000Y9lQcAAJ',
'0018000000Y9lQcAAJ',
'0018000000Y9lDQAAZ',
'0018000000Y9lDQAAZ',
'0018000000Y9lCGAAZ',
'0018000000Y9l9ZAAR',
'0018000000Y9ksOAAR',
'0018000000Y9kplAAB',
'0018000000Y9kjgAAB',
'0018000000Y9kjgAAB',
'0018000000Y9kjgAAB',
'0018000000Y9kCZAAZ',
'0018000000Y9kCZAAZ',
'0018000000Y9k83AAB',
'0018000000Y9k83AAB',
'0018000000Y9k3VAAR',
'0018000000Y9k1sAAB',
'0018000000Y9k1sAAB',
'0018000000Y9jzKAAR',
'0018000000Y9jzKAAR',
'0018000000Y9jyKAAR',
'0018000000Y9jyKAAR',
'0018000000Y9jy4AAB',
'0018000000Y9jy4AAB',
'0018000000Y9jkfAAB',
'0018000000Y9jkfAAB',
'0018000000Y9ji0AAB',
'0018000000Y9jdGAAR',
'0018000000Y9jdGAAR',
'0018000000Y9jcRAAR',
'0018000000Y9jcRAAR',
'0018000000Y9jbjAAB',
'0018000000Y9jbjAAB',
'0018000000Y9jZFAAZ',
'0018000000Y9jZFAAZ',
'0018000000Y9jJZAAZ',
'0018000000Y9jJZAAZ',
'0018000000Y9imvAAB',
'0018000000Y9iWTAAZ',
'0018000000Y9iWTAAZ',
'0018000000Y9iQQAAZ',
'0018000000Y9iElAAJ',
'0018000000Y9iENAAZ',
'0018000000Y9i9mAAB',
'0018000000Y9i9mAAB',
'0018000000Y9i4FAAR',
'0018000000Y9i4FAAR',
'0018000000Y9i18AAB',
'0018000000Y9hzHAAR',
'0018000000Y9hzHAAR',
'0018000000Y9hwLAAR',
'0018000000Y9hwLAAR',
'0018000000Y9hh1AAB',
'0018000000Y9hf1AAB',
'0018000000Y9hf1AAB',
'0018000000Y9hcBAAR',
'0018000000Y9hYVAAZ',
'0018000000Y9hXmAAJ',
'0018000000Y9hTnAAJ',
'0018000000Y9hQ1AAJ',
'0018000000Y9hM0AAJ',
'0018000000Y9hM0AAJ',
'0018000000Y9hJnAAJ',
'0018000000Y9h0sAAB',
'0018000000Y9h0sAAB',
'0018000000Y9h0fAAB',
'0018000000Y9greAAB',
'0018000000Y9greAAB',
'0018000000Y9gdxAAB',
'0018000000Y9gdxAAB',
'0018000000Y9aWWAAZ',
'0018000000Y9aRdAAJ',
'0018000000Y9aRdAAJ',
'0018000000Y9aE3AAJ',
'0018000000Y9aE3AAJ',
'0018000000Y9a9FAAR',
'0018000000Y9ZxwAAF',
'0018000000Y9ZrzAAF',
'0018000000Y9ZrzAAF',
'0018000000Y9ZmtAAF',
'0018000000Y9ZmtAAF',
'0018000000Y9Zi9AAF',
'0018000000Y9ZYaAAN',
'0018000000Y9ZXpAAN',
'0018000000Y9ZXpAAN',
'0018000000Y9ZTdAAN',
'0018000000Y9ZFoAAN',
'0018000000Y9Z1OAAV',
'0018000000Y9Z1OAAV',
'0018000000Y9YltAAF',
'0018000000Y9YltAAF',
'0018000000Y9YXTAA3',
'0018000000Y9YRUAA3',
'0018000000Y9XkbAAF',
'0018000000Y9XkbAAF',
'0018000000Y9XeNAAV',
'0018000000Y9XdPAAV',
'0018000000Y9XdPAAV',
'0018000000Y9XUqAAN',
'0018000000Y9XUqAAN',
'0018000000Y9XPXAA3',
'0018000000Y9XPXAA3',
'0018000000Y9XOAAA3',
'0018000000Y9XFaAAN',
'0018000000Y9XFaAAN',
'0018000000Y9WuDAAV',
'0018000000Y9WfXAAV',
'0018000000Y9WfXAAV',
'0018000000Y9WW1AAN',
'0018000000Y9WV1AAN',
'0018000000Y9WUdAAN',
'0018000000Y9WUdAAN',
'0018000000Y9WThAAN',
'0018000000Y9WThAAN',
'0018000000Y9WQsAAN',
'0018000000Y9WQoAAN',
'0018000000Y9WOIAA3',
'0018000000Y9WOIAA3',
'0018000000Y9W9SAAV',
'0018000000Y9W6JAAV',
'0018000000Y9W6JAAV',
'0018000000Y9OKAAA3',
'0018000000Y9OKAAA3',
'0018000000Y9ODiAAN',
'0018000000Y9O9WAAV',
'0018000000Y9O3yAAF',
'0018000000Y9NzWAAV',
'0018000000Y9NwlAAF',
'0018000000Y9NmDAAV',
'0018000000Y9NmDAAV',
'0018000000Y9Ng8AAF',
'0018000000Y9Ng8AAF',
'0018000000Y9NRHAA3',
'0018000000Y9Mb1AAF',
'0018000000Y9MWZAA3',
'0018000000Y9MWZAA3',
'0018000000Y9LttAAF',
'0018000000Y9LQzAAN',
'0018000000Y9LQzAAN',
'0018000000Y9LN0AAN',
'0018000000Y9LGbAAN',
'0018000000Y9LGbAAN',
'0018000000Y9LD9AAN',
'0018000000Y9LD9AAN',
'0018000000Y9LCBAA3',
'0018000000Y9LCBAA3',
'0018000000Y9LAuAAN',
'0018000000Y9LAuAAN',
'0018000000Y9KoLAAV',
'0018000000Y9KoLAAV',
'0018000000Y9KmmAAF',
'0018000000Y9KmmAAF',
'0018000000Y9KmRAAV',
'0018000000Y9KhuAAF',
'0018000000Y9KaMAAV',
'0018000000Y9KWuAAN',
'0018000000Y9KWAAA3',
'0018000000Y9KWAAA3',
'0018000000Y9KTlAAN',
'0018000000Y9KK9AAN',
'0018000000Y9KK9AAN',
'0018000000Y9KFcAAN',
'0018000000Y9KFcAAN',
'0018000000Y9JcVAAV',
'0018000000Y9JcVAAV',
'0018000000Y9JV6AAN',
'0018000000Y9JV6AAN',
'0018000000Y9JPoAAN',
'0018000000Y9JPnAAN',
'0018000000Y9JJyAAN',
'0018000000Y9JJyAAN',
'0018000000Y9IocAAF',
'0018000000Y9IocAAF',
'0018000000Y9IRpAAN',
'0018000000Y9I9PAAV',
'0018000000Y9I9PAAV',
'0018000000Y9I0gAAF',
'0018000000Y9I0gAAF',
'0018000000Y9I0gAAF',
'0018000000Y9HguAAF',
'0018000000Y9HX0AAN',
'0018000000Y9HX0AAN',
'0018000000Y9HVrAAN',
'0018000000Y9HVrAAN',
'0018000000Y9HUeAAN',
'0018000000Y9HUeAAN',
'0018000000Y9HHHAA3',
'0018000000Y9HHHAA3',
'0018000000Y9H1xAAF',
'0018000000Y9GqEAAV',
'0018000000Y9GqEAAV',
'0018000000Y9GmcAAF',
'0018000000Y9GmcAAF',
'0018000000Y9GkeAAF',
'0018000000Y9GkeAAF',
'0018000000Y9GbCAAV',
'0018000000Y9GVIAA3',
'0018000000Y9GRwAAN',
'0018000000Y9GRwAAN',
'0018000000Y9G4NAAV',
'0018000000Y9G4NAAV',
'0018000000Y9G0zAAF',
'0018000000Y9G0zAAF',
'0018000000Y9FvVAAV',
'0018000000Y9FtJAAV',
'0018000000Y9FmMAAV',
'0018000000Y9FmMAAV',
'0018000000Y9FcGAAV',
'0018000000Y9FcGAAV',
'0018000000Y9FY8AAN',
'0018000000Y9FY8AAN',
'0018000000Y9FLeAAN',
'0018000000Y9Eo5AAF',
'0018000000Y9Eo5AAF',
'0018000000Y9EIYAA3',
'0018000000Y9EIYAA3',
'0018000000Y9EAhAAN',
'0018000000Y9EAhAAN',
'0018000000Y9E4WAAV',
'0018000000Y9DwuAAF',
'0018000000Y9DwgAAF',
'0018000000Y9DSQAA3',
'0018000000Y9DSQAA3',
'0018000000Y9DNdAAN',
'0018000000Y9DK8AAN',
'0018000000Y9DK8AAN',
'0018000000Y9DAIAA3',
'0018000000Y9DAIAA3',
'0018000000Y9CZaAAN',
'0018000000Y9CZaAAN',
'0018000000Y9CWRAA3',
'0018000000Y9CTlAAN',
'0018000000Y9CLsAAN',
'0018000000Y8tpQAAR',
'0018000000Y8tpQAAR',
'0018000000Y8tkVAAR',
'0018000000Y8tKhAAJ',
'0018000000Y8tJ9AAJ',
'0018000000Y8tJ9AAJ',
'0018000000Y8tDWAAZ',
'0018000000Y8tA8AAJ',
'0018000000Y8sZmAAJ',
'0018000000Y8sXnAAJ',
'0018000000Y8sNpAAJ',
'0018000000Y8sNpAAJ',
'0018000000Y8qm7AAB',
'0018000000Y8pXpAAJ',
'0018000000Y8pXpAAJ',
'0018000000Y8p9AAAR',
'0018000000Y8p8OAAR',
'0018000000Y8ov1AAB',
'0018000000Y8ov1AAB',
'0018000000Y8oW3AAJ',
'0018000000Y8oOqAAJ',
'0018000000Y8oOqAAJ',
'0018000000Y8nZtAAJ',
'0018000000Y8nT1AAJ',
'0018000000Y8nOWAAZ',
'0018000000Y8nGDAAZ',
'0018000000Y8mC3AAJ',
'0018000000Y8ly3AAB',
'0018000000Y8ly3AAB',
'0018000000Y8kKTAAZ',
'0018000000Y8jzzAAB',
'0018000000Y8jlfAAB',
'0018000000Y8jlfAAB',
'0018000000Y8iDDAAZ',
'0018000000Y8hzKAAR',
'0018000000Y8hzKAAR',
'0018000000Y8hgBAAR',
'0018000000Y8hRPAAZ',
'0018000000Y8gkDAAR',
'0018000000Y8gfrAAB',
'0018000000Y8gdlAAB',
'0018000000Y8f5vAAB',
'0018000000Y8dqiAAB',
'0018000000Y8dqiAAB',
'0018000000Y8dLkAAJ',
'0018000000Y8dLkAAJ',
'0018000000Y8dDgAAJ',
'0018000000Y8dDgAAJ',
'0018000000Y8aUJAAZ',
'0018000000Y8ZfDAAV',
'0018000000Y8ZfDAAV',
'0018000000Y8ZarAAF',
'0018000000Y8Z9kAAF',
'0018000000Y8Z9kAAF',
'0018000000Y8YjuAAF',
'0018000000Y60FFAAZ',
'0018000000XILfCAAX',
'0018000000XILfCAAX',
'0018000000WlYXLAA3',
'0018000000WRSl2AAH',
'0018000000WQLU2AAP',
'0018000000WPldsAAD',
'0018000000WPQXxAAP',
'0018000000Vi6VTAAZ',
'0018000000Vi6VTAAZ',
'0018000000VRBnbAAH',
'0018000000VRBnbAAH',
'0018000000VPHEOAA5',
'0018000000VCSv3AAH',
'0018000000VCPSvAAP',
'0018000000VCPSvAAP',
'0018000000VBwN5AAL',
'0018000000UlJCTAA3',
'0018000000UlIxHAAV',
'0018000000UlIxHAAV',
'0018000000UjxLQAAZ',
'0018000000UjKQmAAN',
'0018000000Uj8YbAAJ',
'0018000000UitBzAAJ',
'0018000000UitBzAAJ',
'0018000000UiXF3AAN',
'0018000000UiXF3AAN',
'0018000000UGkUkAAL',
'0018000000UGgbxAAD',
'0018000000TViHLAA1',
'0018000000TViHLAA1',
'0018000000TVciSAAT',
'0018000000TPJLRAA5',
'0018000000TPJLRAA5',
'0018000000TOcW5AAL',
'0018000000TOcW5AAL',
'0018000000SS4eTAAT',
'0018000000SS4eTAAT',
'0018000000SS4W2AAL',
'0018000000SR9EZAA1',
'0018000000SQLaSAAX',
'0018000000SQLaSAAX',
'0018000000P9c5MAAR',
'0013400001YilcoAAB',
'0013400001YilcoAAB',
'0013400001YilcUAAR',
'0013400001YilcUAAR',
'0013400001YikGSAAZ',
'0013400001Yij1FAAR',
'0013400001Yij1FAAR',
'0013400001YihLrAAJ',
'0013400001YihLrAAJ',
'0013400001YigPwAAJ',
'0013400001YidWZAAZ',
'0013400001YidWZAAZ',
'0013400001YiZ3FAAV',
'0013400001YiZ3FAAV',
'0013400001YiYmdAAF',
'0013400001YiWG2AAN',
'0013400001YiSPkAAN',
'0013400001YiSPkAAN',
'0013400001YiS48AAF',
'0013400001YiS48AAF',
'0013400001YiRITAA3',
'0013400001YiQugAAF',
'0013400001YiQugAAF',
'0013400001YiPEZAA3',
'0013400001YiLZYAA3',
'0013400001YiLZOAA3',
'0013400001YiLZOAA3',
'0013400001YiJIGAA3',
'0013400001YiJIGAA3',
'0013400001YiJEiAAN',
'0013400001YiG1qAAF',
'0013400001YiFqnAAF',
'0013400001YiFhbAAF',
'0013400001YiFcvAAF',
'0013400001YiFcvAAF',
'0013400001YiEXBAA3',
'0013400001YiDCvAAN',
'0013400001Yi9F2AAJ',
'0013400001Yi898AAB',
'0013400001Yi79MAAR',
'0013400001Yi79MAAR',
'0013400001Yi4c4AAB',
'0013400001Yi4c4AAB',
'0013400001Yi1ieAAB',
'0013400001Yi1ieAAB',
'0013400001Yi0pLAAR',
'0013400001Yi0pLAAR',
'0013400001YhxARAAZ',
'0013400001Yhx99AAB',
'0013400001Yhx99AAB',
'0013400001Yhv7DAAR',
'0013400001Yhub2AAB',
'0013400001Yhub2AAB',
'0013400001Yhu6rAAB',
'0013400001YhssYAAR',
'0013400001YhrAkAAJ',
'0013400001YhrAkAAJ',
'0013400001YhotLAAR',
'0013400001YhotLAAR',
'0013400001YhoBxAAJ',
'0013400001YhoBxAAJ',
'0013400001Yho5aAAB',
'0013400001Yho5aAAB',
'0013400001YhmFdAAJ',
'0013400001YhkkZAAR',
'0013400001YhkkZAAR',
'0013400001Yhg7uAAB',
'0013400001Yhg7uAAB',
'0013400001YhfG2AAJ',
'0013400001YhfG2AAJ',
'0013400001Yhc9vAAB',
'0013400001Yhb4tAAB',
'0013400001Yhb4tAAB',
'0013400001YhaKMAAZ',
'0013400001YhaKMAAZ',
'0013400001YhWhjAAF',
'0013400001YhWhjAAF',
'0013400001YhV7VAAV',
'0013400001YhUb8AAF',
'0013400001YhPfhAAF',
'0013400001YhPfhAAF',
'0013400001YhPeUAAV',
'0013400001YhPGmAAN',
'0013400001YhP7aAAF',
'0013400001YhNufAAF',
'0013400001YhNcvAAF',
'0013400001YhNcvAAF',
'0013400001YhMqrAAF',
'0013400001YhMqrAAF',
'0013400001YhMM3AAN',
'0013400001YhMM3AAN',
'0013400001YhIBZAA3',
'0013400001YhIBZAA3',
'0013400001YhHwFAAV',
'0013400001YhHwFAAV',
'0013400001YhHwFAAV',
'0013400001YhF1LAAV',
'0013400001YhEpyAAF',
'0013400001YhEpyAAF',
'0013400001YhERQAA3',
'0013400001YhERQAA3',
'0013400001YhCliAAF',
'0013400001YhCliAAF',
'0013400001YhAUzAAN',
'0013400001YhAUzAAN',
'0013400001YhAJIAA3',
'0013400001YhAJIAA3',
'0013400001Yh9wnAAB',
'0013400001Yh96SAAR',
'0013400001Yh7tmAAB',
'0013400001Yh72OAAR',
'0013400001Yh6UCAAZ',
'0013400001Yh6UCAAZ',
'0013400001Yh5m5AAB',
'0013400001Yh5m5AAB',
'0013400001XTNDHAA5',
'0013400001XTLuiAAH',
'0013400001XTLuiAAH',
'0013400001XTLQEAA5',
'0013400001XTJc6AAH',
'0013400001XTJc6AAH',
'0013400001XTJX1AAP',
'0013400001XTJX1AAP',
'0013400001XTHfhAAH',
'0013400001XTHfhAAH',
'0013400001XTGXAAA5',
'0013400001XTGXAAA5',
'0013400001XTFyZAAX',
'0013400001XTFQDAA5',
'0013400001XTFQDAA5',
'0013400001XTBVBAA5',
'0013400001XT7aGAAT',
'0013400001XT7aGAAT',
'0013400001XT6ZvAAL',
'0013400001XT6PRAA1',
'0013400001XT6PRAA1',
'0013400001XT36HAAT',
'0013400001XT0HzAAL',
'0013400001XT0HzAAL',
'0013400001XSzZdAAL',
'0013400001XSzZdAAL',
'0013400001XSsZzAAL',
'0013400001XSrvBAAT',
'0013400001XSqSwAAL',
'0013400001XSpp1AAD',
'0013400001XSpWsAAL',
'0013400001XSpB1AAL',
'0013400001XSpB1AAL',
'0013400001XSmTDAA1',
'0013400001XSmTDAA1',
'0013400001XSkkHAAT',
'0013400001XSkcrAAD',
'0013400001XSkCAAA1',
'0013400001XShumAAD',
'0013400001XShDTAA1',
'0013400001XSfIMAA1',
'0013400001XSeQFAA1',
'0013400001XSeIBAA1',
'0013400001XSdgLAAT',
'0013400001XSdWpAAL',
'0013400001XSdSxAAL',
'0013400001XSaAWAA1',
'0013400001XSaAWAA1',
'0013400001XSZIUAA5',
'0013400001XSUNdAAP',
'0013400001XSU6mAAH',
'0013400001XSSovAAH',
'0013400001XSQCjAAP',
'0013400001XSOFFAA5',
'0013400001XSOFFAA5',
'0013400001XSOAyAAP',
'0013400001XSOAyAAP',
'0013400001XSMv0AAH',
'0013400001XSLfQAAX',
'0013400001XSLX2AAP',
'0013400001XSLX2AAP',
'0013400001XSJgvAAH',
'0013400001XSJgvAAH',
'0013400001XSJRMAA5',
'0013400001XSJRMAA5',
'0013400001XSHjiAAH',
'0013400001XSHjiAAH',
'0013400001XSFs4AAH',
'0013400001XSFs4AAH',
'0013400001XSE77AAH',
'0013400001XS8MxAAL',
'0013400001XS5xbAAD',
'0013400001XS5xbAAD',
'0013400001XS5xbAAD',
'0013400001XS22LAAT',
'0013400001XS22LAAT',
'0013400001XS1UnAAL',
'0013400001XS1UnAAL',
'0013400001XS0aKAAT',
'0013400001XS0aKAAT',
'0013400001XRxlyAAD',
'0013400001XRv15AAD',
'0013400001XRut1AAD',
'0013400001XRuZpAAL',
'0013400001XRtTMAA1',
'0013400001XRtEqAAL',
'0013400001XRtEqAAL',
'0013400001XRofRAAT',
'0013400001XRofRAAT',
'0013400001XRoJaAAL',
'0013400001XRoJaAAL',
'0013400001XRoBHAA1',
'0013400001XRnXsAAL',
'0013400001XRnXsAAL',
'0013400001XRnDTAA1',
'0013400001XRklrAAD',
'0013400001XRkkyAAD',
'0013400001XRkIGAA1',
'0013400001XRkIGAA1',
'0013400001XRdD2AAL',
'0013400001XRdD2AAL',
'0013400001XRd4FAAT',
'0013400001XRd4FAAT',
'0013400001XRcb8AAD',
'0013400001XRagtAAD',
'0013400001XRa9LAAT',
'0013400001XRa9LAAT',
'0013400001XRXqOAAX',
'0013400001XRTeMAAX',
'0013400001XRRlpAAH',
'0013400001XRRlpAAH',
'0013400001XRO1yAAH',
'0013400001XRJdtAAH',
'0013400001XRJdtAAH',
'0013400001XRJEyAAP',
'0013400001XRHAYAA5',
'0013400001XREEwAAP',
'0013400001XREEwAAP',
'0013400001XRE93AAH',
'0013400001XRBN7AAP',
'0013400001XRB74AAH',
'0013400001XRB74AAH',
'0013400001XR9b5AAD',
'0013400001XR9b5AAD',
'0013400001XR7nrAAD',
'0013400001XR7nrAAD',
'0013400001XR7nIAAT',
'0013400001XR7nIAAT',
'0013400001XR7XPAA1',
'0013400001XQzV1AAL',
'0013400001XQzV1AAL',
'0013400001XQvpFAAT',
'0013400001XQvpFAAT',
'0013400001XQvhdAAD',
'0013400001XQvhdAAD',
'0013400001XQuqpAAD',
'0013400001XQuqpAAD',
'0013400001XQtcrAAD',
'0013400001XQtcrAAD',
'0013400001XQtcrAAD',
'0013400001XQtSSAA1',
'0013400001XQrqWAAT',
'0013400001XQqtOAAT',
'0013400001XQqOzAAL',
'0013400001XQqOzAAL',
'0013400001XQozyAAD',
'0013400001XQnw8AAD',
'0013400001XQnw8AAD',
'0013400001XQnp8AAD',
'0013400001XQnp8AAD',
'0013400001XQmuqAAD',
'0013400001XQmnaAAD',
'0013400001XQd0YAAT',
'0013400001XQd0YAAT',
'0013400001XQZqBAAX',
'0013400001XQZEvAAP',
'0013400001XQZEvAAP',
'0013400001XQWuxAAH',
'0013400001XQQhCAAX',
'0013400001XQQhCAAX',
'0013400001XQN4aAAH',
'0013400001XQL4JAAX',
'0013400001XQL4JAAX',
'0013400001XQJUYAA5',
'0013400001XQIvnAAH',
'0013400001XQIr2AAH',
'0013400001XQIr2AAH',
'0013400001XQImbAAH',
'0013400001XQIM9AAP',
'0013400001XQHL9AAP',
'0013400001XQDeFAAX',
'0013400001XQDeFAAX',
'0013400001XQDd7AAH',
'0013400001XQ9umAAD',
'0013400001XQ8f8AAD',
'0013400001XQ8f8AAD',
'0013400001XQ5d8AAD',
'0013400001XQ5d8AAD',
'0013400001XQ5TIAA1',
'0013400001XQ54mAAD',
'0013400001XQ54mAAD',
'0013400001XQ4TqAAL',
'0013400001XQ4TqAAL',
'0013400001XQ3WyAAL',
'0013400001XQ2OmAAL',
'0013400001XQ1GNAA1',
'0013400001XQ1GNAA1',
'0013400001XQ0IOAA1',
'0013400001XPzMyAAL',
'0013400001XPw7xAAD',
'0013400001XPw3CAAT',
'0013400001XPw3CAAT',
'0013400001XPw0NAAT',
'0013400001XPw0NAAT',
'0013400001XPvNzAAL',
'0013400001XPuI0AAL',
'0013400001XPt4QAAT',
'0013400001XPt4QAAT',
'0013400001XPsfQAAT',
'0013400001XPsGfAAL',
'0013400001XPsGfAAL',
'0013400001XPj2mAAD',
'0013400001XPj2mAAD',
'0013400001XPh0xAAD',
'0013400001XPh0xAAD',
'0013400001XPeUjAAL',
'0013400001XPczZAAT',
'0013400001XPczZAAT',
'0013400001XPbyBAAT',
'0013400001XPbyBAAT',
'0013400001XPbqWAAT',
'0013400001XPbqWAAT',
'0013400001XPbSoAAL',
'0013400001XPbSoAAL',
'0013400001XPakmAAD',
'0013400001XPakmAAD',
'0013400001XPZmNAAX',
'0013400001XPZSSAA5',
'0013400001XPZSSAA5',
'0013400001XPYdoAAH',
'0013400001XPXuzAAH',
'0013400001XPXKuAAP',
'0013400001XPXKuAAP',
'0013400001XPVtlAAH',
'0013400001XPUuZAAX',
'0013400001XPUuZAAX',
'0013400001XPSBbAAP',
'0013400001XPS1HAAX',
'0013400001XPS1HAAX',
'0013400001XPRuuAAH',
'0013400001XPRcyAAH',
'0013400001XPRcyAAH',
'0013400001XPQzOAAX',
'0013400001XPQhjAAH',
'0013400001XPPx7AAH',
'0013400001XPPx7AAH',
'0013400001XPP4BAAX',
'0013400001XPNWwAAP',
'0013400001XPMDCAA5',
'0013400001XPMDCAA5',
'0013400001XCjXOAA1',
'0013400001XCjTlAAL',
'0013400001XCjPKAA1',
'0013400001XCjPKAA1',
'0013400001XCgOxAAL',
'0013400001XCcrcAAD',
'0013400001XCZykAAH',
'0013400001XCY8iAAH',
'0013400001XCXyOAAX',
'0013400001XCXyOAAX',
'0013400001XCXPsAAP',
'0013400001XCXPOAA5',
'0013400001XCXHKAA5',
'0013400001XCXHKAA5',
'0013400001XCUsVAAX',
'0013400001XCUsVAAX',
'0013400001XCUJBAA5',
'0013400001XCQ4rAAH',
'0013400001XCQ4rAAH',
'0013400001XCPWtAAP',
'0013400001XCPWtAAP',
'0013400001XCLcFAAX',
'0013400001XCLcFAAX',
'0013400001XCK4qAAH',
'0013400001XCK4qAAH',
'0013400001XCFpoAAH',
'0013400001XCEuEAAX',
'0013400001XCDIOAA5',
'0013400001XCDIOAA5',
'0013400001XCCdaAAH',
'0013400001XCCBlAAP',
'0013400001XCA4dAAH',
'0013400001XCA4dAAH',
'0013400001XC8bkAAD',
'0013400001XC7YVAA1',
'0013400001XC5lSAAT',
'0013400001XC58pAAD',
'0013400001XC4MbAAL',
'0013400001XC4MbAAL',
'0013400001XC3qVAAT',
'0013400001XC3N2AAL',
'0013400001XBzfqAAD',
'0013400001XByZAAA1',
'0013400001XBxaqAAD',
'0013400001XBxaqAAD',
'0013400001XBx9aAAD',
'0013400001XBx9aAAD',
'0013400001XBwfkAAD',
'0013400001XBwfkAAD',
'0013400001XBweXAAT',
'0013400001XBweXAAT',
'0013400001XBwdFAAT',
'0013400001XBtsLAAT',
'0013400001XBrknAAD',
'0013400001XBnG3AAL',
'0013400001XBn8YAAT',
'0013400001XBn8YAAT',
'0013400001XBjKaAAL',
'0013400001XBj17AAD',
'0013400001XBj17AAD',
'0013400001XBhfaAAD',
'0013400001XBhfaAAD',
'0013400001XBf1YAAT',
'0013400001XBe3lAAD',
'0013400001XBe3lAAD',
'0013400001XBWaWAAX',
'0013400001XBWXIAA5',
'0013400001XBUL4AAP',
'0013400001XBUL4AAP',
'0013400001XBSgEAAX',
'0013400001XBS1VAAX',
'0013400001XBQepAAH',
'0013400001XBPJlAAP',
'0013400001XBKGRAA5',
'0013400001XBFOUAA5',
'0013400001XBFOUAA5',
'0013400001XBAX7AAP',
'0013400001XB9bSAAT',
'0013400001XB9bSAAT',
'0013400001XB8nSAAT',
'0013400001XB8nSAAT',
'0013400001XB7NuAAL',
'0013400001XB7NuAAL',
'0013400001XB6yVAAT',
'0013400001XB53cAAD',
'0013400001XB53cAAD',
'0013400001XB222AAD',
'0013400001XB1umAAD',
'0013400001XB1umAAD',
'0013400001Wrl1cAAB',
'0013400001WrkTFAAZ',
'0013400001WrkTFAAZ',
'0013400001WriJlAAJ',
'0013400001WrgC0AAJ',
'0013400001WrgC0AAJ',
'0013400001WrfakAAB',
'0013400001WrfB6AAJ',
'0013400001WrfB6AAJ',
'0013400001WrdjmAAB',
'0013400001WrdjmAAB',
'0013400001Wrdc7AAB',
'0013400001Wrbl0AAB',
'0013400001WrauzAAB',
'0013400001WrZvhAAF',
'0013400001WrZqDAAV',
'0013400001WrXZzAAN',
'0013400001WrXZzAAN',
'0013400001WrW8VAAV',
'0013400001WrW3QAAV',
'0013400001WrUi2AAF',
'0013400001WrSyoAAF',
'0013400001WrSyoAAF',
'0013400001WrSTgAAN',
'0013400001WrSTgAAN',
'0013400001WrRWFAA3',
'0013400001WrQsHAAV',
'0013400001WrQ5eAAF',
'0013400001WrPzlAAF',
'0013400001WrPMoAAN',
'0013400001WrNzwAAF',
'0013400001WrLvKAAV',
'0013400001WrLvKAAV',
'0013400001WrLM6AAN',
'0013400001WrLH1AAN',
'0013400001WrGbaAAF',
'0013400001WrDQeAAN',
'0013400001WrCmWAAV',
'0013400001WrCmWAAV',
'0013400001WrCcRAAV',
'0013400001WrCcRAAV',
'0013400001Wr7z1AAB',
'0013400001Wr5HPAAZ',
'0013400001Wr5HPAAZ',
'0013400001Wr3T3AAJ',
'0013400001Wr1xdAAB',
'0013400001Wr1xdAAB',
'0013400001Wr1xYAAR',
'0013400001Wr1TTAAZ',
'0013400001Wr1TTAAZ',
'0013400001Wr0axAAB',
'0013400001Wr06nAAB',
'0013400001WqzmnAAB',
'0013400001WqzmnAAB',
'0013400001WqzgGAAR',
'0013400001WqzgGAAR',
'0013400001WqzSxAAJ',
'0013400001WqzSxAAJ',
'0013400001WquU0AAJ',
'0013400001WquU0AAJ',
'0013400001WquGrAAJ',
'0013400001Wqu1XAAR',
'0013400001Wqt7TAAR',
'0013400001WqqcmAAB',
'0013400001WqqcmAAB',
'0013400001WqqRDAAZ',
'0013400001WqqRDAAZ',
'0013400001WqoaoAAB',
'0013400001WqoaoAAB',
'0013400001WqoQMAAZ',
'0013400001WqoQMAAZ',
'0013400001WqoNXAAZ',
'0013400001WqoNXAAZ',
'0013400001Wqmu1AAB',
'0013400001WqmV1AAJ',
'0013400001WqkbyAAB',
'0013400001WqkbyAAB',
'0013400001Wqk7ZAAR',
'0013400001WqjlOAAR',
'0013400001WqjlOAAR',
'0013400001WqjH0AAJ',
'0013400001WqjH0AAJ',
'0013400001WqiwHAAR',
'0013400001WqiYZAAZ',
'0013400001WqhnbAAB',
'0013400001WqhnHAAR',
'0013400001Wqgo0AAB',
'0013400001WqcZqAAJ',
'0013400001WqcZqAAJ',
'0013400001Wqb84AAB',
'0013400001WqYyYAAV',
'0013400001WqYxLAAV',
'0013400001WqUydAAF',
'0013400001WjudCAAR',
'0013400001WjuQXAAZ',
'0013400001WjuJ7AAJ',
'0013400001WjuJ7AAJ',
'0013400001WjuEWAAZ',
'0013400001WjuEWAAZ',
'0013400001WjuEWAAZ',
'0013400001WjqHgAAJ',
'0013400001WjpKPAAZ',
'0013400001WjoZWAAZ',
'0013400001WjoZWAAZ',
'0013400001WjoGtAAJ',
'0013400001WjoGtAAJ',
'0013400001WjnS8AAJ',
'0013400001Wjn7jAAB',
'0013400001Wjn7jAAB',
'0013400001Wjn70AAB',
'0013400001Wjn70AAB',
'0013400001WjmffAAB',
'0013400001WjlcVAAR',
'0013400001WjlcVAAR',
'0013400001WjlSpAAJ',
'0013400001Wjl7wAAB',
'0013400001WjjCOAAZ',
'0013400001WjhPZAAZ',
'0013400001WjhPZAAZ',
'0013400001WjgygAAB',
'0013400001WjgygAAB',
'0013400001Wjb37AAB',
'0013400001Wjak5AAB',
'0013400001Wjak5AAB',
'0013400001WjaEdAAJ',
'0013400001WjXwxAAF',
'0013400001WjXVXAA3',
'0013400001WjX3iAAF',
'0013400001WjX3iAAF',
'0013400001WjUxgAAF',
'0013400001WjUnHAAV',
'0013400001WjUnHAAV',
'0013400001WjPvRAAV',
'0013400001WjPvRAAV',
'0013400001WjOp0AAF',
'0013400001VF3O3AAL',
'0013400001VF3O3AAL',
'0013400001VEzr8AAD',
'0013400001VEzr8AAD',
'0013400001VEyQYAA1',
'0013400001VEyHWAA1',
'0013400001VEyHWAA1',
'0013400001VExigAAD',
'0013400001VEx6LAAT',
'0013400001VEuARAA1',
'0013400001VEuARAA1',
'0013400001VEs2bAAD',
'0013400001VErVvAAL',
'0013400001VEqj3AAD',
'0013400001VEmhaAAD',
'0013400001VEjuIAAT',
'0013400001VEjuIAAT',
'0013400001VEhgoAAD',
'0013400001VEhgoAAD',
'0013400001VEgJSAA1',
'0013400001VEeiuAAD',
'0013400001VEegAAAT',
'0013400001VEeVHAA1',
'0013400001VEdgiAAD',
'0013400001VEaoBAAT',
'0013400001VEaDoAAL',
'0013400001VEaDoAAL',
'0013400001VEZLPAA5',
'0013400001VEZLPAA5',
'0013400001VEYLlAAP',
'0013400001VEVLbAAP',
'0013400001VEVAnAAP',
'0013400001VEVAnAAP',
'0013400001VEUuGAAX',
'0013400001VEUuGAAX',
'0013400001VESxmAAH',
'0013400001VESxmAAH',
'0013400001VESKaAAP',
'0013400001VERq6AAH',
'0013400001VER9bAAH',
'0013400001VER9bAAH',
'0013400001VEMuVAAX',
'0013400001VEMuVAAX',
'0013400001VEFORAA5',
'0013400001VEFElAAP',
'0013400001VEC8bAAH',
'0013400001VEAHyAAP',
'0013400001VEAHyAAP',
'0013400001VEADwAAP',
'0013400001VEADwAAP',
'0013400001VE9jCAAT',
'0013400001VE9jCAAT',
'0013400001VE88AAAT',
'0013400001VE7JZAA1',
'0013400001VE7IvAAL',
'0013400001VE5uhAAD',
'0013400001VE5tAAAT',
'0013400001VE5LrAAL',
'0013400001VE5LrAAL',
'0013400001VE2drAAD',
'0013400001VDzJUAA1',
'0013400001VDzJUAA1',
'0013400001VDyC5AAL',
'0013400001VDxKIAA1',
'0013400001VDxKIAA1',
'0013400001VDwYUAA1',
'0013400001VDtu3AAD',
'0013400001VDtYHAA1',
'0013400001VDqUrAAL',
'0013400001VDpuyAAD',
'0013400001VDpuyAAD',
'0013400001VDolCAAT',
'0013400001VDolCAAT',
'0013400001VDjNMAA1',
'0013400001VDjC2AAL',
'0013400001VDh8UAAT',
'0013400001VDh8UAAT',
'0013400001VDh2RAAT',
'0013400001VDh2RAAT',
'0013400001VDdjMAAT',
'0013400001VDdjMAAT',
'0013400001VDdQjAAL',
'0013400001VDdQjAAL',
'0013400001VDd8pAAD',
'0013400001VDahdAAD',
'0013400001VDahdAAD',
'0013400001VDaBVAA1',
'0013400001VDaBVAA1',
'0013400001VDZwzAAH',
'0013400001VDZwzAAH',
'0013400001VDZ8BAAX',
'0013400001VDZ8BAAX',
'0013400001VDYR6AAP',
'0013400001VDYR6AAP',
'0013400001VDYP0AAP',
'0013400001VDYP0AAP',
'0013400001VDYNYAA5',
'0013400001VDYNYAA5',
'0013400001VDY8xAAH',
'0013400001VDY8xAAH',
'0013400001VDXfJAAX',
'0013400001VDVQnAAP',
'0013400001VDVHvAAP',
'0013400001VDVHvAAP',
'0013400001VDUtfAAH',
'0013400001VDUAQAA5',
'0013400001VDUAQAA5',
'0013400001VDU5GAAX',
'0013400001VDTg1AAH',
'0013400001VDTSiAAP',
'0013400001VDTSiAAP',
'0013400001VDRLbAAP',
'0013400001VDQb9AAH',
'0013400001VDN1BAAX',
'0013400001VDMxJAAX',
'0013400001VDJTTAA5',
'0013400001VDI68AAH',
'0013400001VDHc1AAH',
'0013400001VDDUcAAP',
'0013400001VDDUcAAP',
'0013400001VD7t0AAD',
'0013400001VD6KeAAL',
'0013400001VD6KeAAL',
'0013400001VD6B8AAL',
'0013400001VD58nAAD',
'0013400001VD4JaAAL',
'0013400001VD2ucAAD',
'0013400001VCwXUAA1',
'0013400001VCstTAAT',
'0013400001VCstTAAT',
'0013400001VCrvdAAD',
'0013400001VCrvdAAD',
'0013400001VCnuuAAD',
'0013400001VCnqnAAD',
'0013400001VCnqnAAD',
'0013400001VCnYXAA1',
'0013400001VCm9oAAD',
'0013400001VCm9oAAD',
'0013400001VCkfnAAD',
'0013400001VCkfnAAD',
'0013400001VCgfUAAT',
'0013400001VCgfUAAT',
'0013400001VCg1tAAD',
'0013400001VCg1tAAD',
'0013400001VCfZzAAL',
'0013400001VCcErAAL',
'0013400001VCcErAAL',
'0013400001VCYlfAAH',
'0013400001VCYlfAAH',
'0013400001VCTAUAA5',
'0013400001VCTAUAA5',
'0013400001VCMO9AAP',
'0013400001VCMO9AAP',
'0013400001VCMMhAAP',
'0013400001VCMMhAAP',
'0013400001VCM4JAAX',
'0013400001VCM4JAAX',
'0013400001VCLdwAAH',
'0013400001VCLYGAA5',
'0013400001VCLYGAA5',
'0013400001VCKQ1AAP',
'0013400001VCKQ1AAP',
'0013400001VCKLzAAP',
'0013400001VCKLzAAP',
'0013400001VCGQ4AAP',
'0013400001VCGQ4AAP',
'0013400001VC9AwAAL',
'0013400001VC9AwAAL',
'0013400001VC818AAD',
'0013400001VC4QpAAL',
'0013400001VC2FFAA1',
'0013400001VC2FFAA1',
'0013400001VC1xuAAD',
'0013400001VC1xuAAD',
'0013400001VC0pOAAT',
'0013400001VC0dXAAT',
'0013400001VC0bqAAD',
'0013400001VC0bqAAD',
'0013400001VBymqAAD',
'0013400001VBy8KAAT',
'0013400001VBy8KAAT',
'0013400001VBwuCAAT',
'0013400001VBwuCAAT',
'0013400001VBt6gAAD',
'0013400001VBt6gAAD',
'0013400001VBrUZAA1',
'0013400001VBqb0AAD',
'0013400001VBqb0AAD',
'0013400001VBpvxAAD',
'0013400001VBpvxAAD',
'0013400001VBpsFAAT',
'0013400001VBpsFAAT',
'0013400001VBps5AAD',
'0013400001VBpb4AAD',
'0013400001VBpb4AAD',
'0013400001VBp6pAAD',
'0013400001VBp6pAAD',
'0013400001VBo42AAD',
'0013400001VBn02AAD',
'0013400001VBj07AAD',
'0013400001VBgHmAAL',
'0013400001VBftfAAD',
'0013400001VBftfAAD',
'0013400001VBZDBAA5',
'0013400001VBZDBAA5',
'0013400001VBYd7AAH',
'0013400001VBYd7AAH',
'0013400001VBXZiAAP',
'0013400001VBXJpAAP',
'0013400001VBWLjAAP',
'0013400001VBNkoAAH',
'0013400001VBNkoAAH',
'0013400001VBNYdAAP',
'0013400001VBNYdAAP',
'0013400001VBKYpAAP',
'0013400001VBKYpAAP',
'0013400001VBGnnAAH',
'0013400001VBGnnAAH',
'0013400001VBBgmAAH',
'0013400001VBBgmAAH',
'0013400001VBB7cAAH',
'0013400001VBB7cAAH',
'0013400001VB6OpAAL',
'0013400001VB6OpAAL',
'0013400001VB5UhAAL',
'0013400001VB2GFAA1',
'0013400001VB14fAAD',
'0013400001VB08AAAT',
'0013400001VAyNnAAL',
'0013400001VAyBIAA1',
'0013400001VAyBIAA1',
'0013400001VAwq5AAD',
'0013400001VAwq5AAD',
'0013400001Ul8G9AAJ',
'0013400001Ul8G9AAJ',
'0013400001Ul5wBAAR',
'0013400001Ul5ndAAB',
'0013400001Ul413AAB',
'0013400001Ul3WtAAJ',
'0013400001Ul3QlAAJ',
'0013400001Ul3QlAAJ',
'0013400001Ukx3xAAB',
'0013400001Ukx3xAAB',
'0013400001UkweOAAR',
'0013400001UktsSAAR',
'0013400001UktsSAAR',
'0013400001UktMeAAJ',
'0013400001UktMeAAJ',
'0013400001UkskOAAR',
'0013400001UkmFUAAZ',
'0013400001UkfbjAAB',
'0013400001UkeAfAAJ',
'0013400001UkeAfAAJ',
'0013400001UkdtFAAR',
'0013400001UkdtFAAR',
'0013400001UkZT9AAN',
'0013400001UkYq5AAF',
'0013400001UkWOCAA3',
'0013400001UkWOCAA3',
'0013400001UkTpHAAV',
'0013400001UkT70AAF',
'0013400001UkRqiAAF',
'0013400001UkPAmAAN',
'0013400001UkM6HAAV',
'0013400001UkM6HAAV',
'0013400001TsVSzAAN',
'0013400001TsVSzAAN',
'0013400001TsSy3AAF',
'0013400001TsPwPAAV',
'0013400001TsPALAA3',
'0013400001TsPALAA3',
'0013400001TsLv0AAF',
'0013400001TsLv0AAF',
'0013400001TsK85AAF',
'0013400001TsJriAAF',
'0013400001TsGd7AAF',
'0013400001TsFCBAA3',
'0013400001TsFCBAA3',
'0013400001TsFCBAA3',
'0013400001TsDrRAAV',
'0013400001TsDSoAAN',
'0013400001TsDSoAAN',
'0013400001TsD7vAAF',
'0013400001TsD7vAAF',
'0013400001TsD6YAAV',
'0013400001TsBTZAA3',
'0013400001TsBTZAA3',
'0013400001TsAIZAA3',
'0013400001TsAIZAA3',
'0013400001TsA3gAAF',
'0013400001TsA3gAAF',
'0013400001Ts9tlAAB',
'0013400001Ts9GeAAJ',
'0013400001Ts8YfAAJ',
'0013400001Ts8YfAAJ',
'0013400001Ts7icAAB',
'0013400001Ts6YvAAJ',
'0013400001Ts5JRAAZ',
'0013400001Ts5JRAAZ',
'0013400001Ts2huAAB',
'0013400001Ts2huAAB',
'0013400001Ts09XAAR',
'0013400001TryogAAB',
'0013400001TryogAAB',
'0013400001Try4JAAR',
'0013400001Try4JAAR',
'0013400001TrwopAAB',
'0013400001TrwWHAAZ',
'0013400001Trw1YAAR',
'0013400001TrvGaAAJ',
'0013400001TrvGaAAJ',
'0013400001TrrDUAAZ',
'0013400001TrrDUAAZ',
'0013400001TrqkrAAB',
'0013400001TrqkrAAB',
'0013400001Trmg3AAB',
'0013400001TrmaKAAR',
'0013400001TrmXBAAZ',
'0013400001TrjgbAAB',
'0013400001TrjgbAAB',
'0013400001TrjU9AAJ',
'0013400001TrjU9AAJ',
'0013400001TrjU9AAJ',
'0013400001TrjSSAAZ',
'0013400001TrjG2AAJ',
'0013400001TrjG2AAJ',
'0013400001TrhSfAAJ',
'0013400001TrhLZAAZ',
'0013400001TrhLZAAZ',
'0013400001TrgzsAAB',
'0013400001TrgzsAAB',
'0013400001TrfUkAAJ',
'0013400001TrfUkAAJ',
'0013400001TremAAAR',
'0013400001TremAAAR',
'0013400001TreV9AAJ',
'0013400001TreEIAAZ',
'0013400001TreEIAAZ',
'0013400001TrdnUAAR',
'0013400001TrdnUAAR',
'0013400001TrddFAAR',
'0013400001TrddFAAR',
'0013400001TrWQAAA3',
'0013400001TrTEvAAN',
'0013400001TrRb2AAF',
'0013400001TrRb2AAF',
'0013400001TrRJcAAN',
'0013400001TrRJcAAN',
'0013400001TrNpVAAV',
'0013400001TrNpVAAV',
'0013400001TrN4BAAV',
'0013400001TrMK1AAN',
'0013400001TrLOyAAN',
'0013400001TrLOyAAN',
'0013400001TrJu4AAF',
'0013400001TrJC0AAN',
'0013400001TrJC0AAN',
'0013400001TrIerAAF',
'0013400001TrHfPAAV',
'0013400001TrHfPAAV',
'0013400001TrFTFAA3',
'0013400001TrFTFAA3',
'0013400001TrFJ0AAN',
'0013400001TrFJ0AAN',
'0013400001TrErzAAF',
'0013400001TrErzAAF',
'0013400001TrE3pAAF',
'0013400001TrACdAAN',
'0013400001Tr9lNAAR',
'0013400001Tr9lNAAR',
'0013400001Tr9lNAAR',
'0013400001Tr4xXAAR',
'0013400001Tr0QOAAZ',
'0013400001Tqz3bAAB',
'0013400001Tqz3bAAB',
'0013400001Tqwf1AAB',
'0013400001TqswzAAB',
'0013400001TqswzAAB',
'0013400001Tqs9CAAR',
'0013400001TqrPRAAZ',
'0013400001TqrPRAAZ',
'0013400001Tqqs8AAB',
'0013400001Tqqs8AAB',
'0013400001TqqUuAAJ',
'0013400001TqoBmAAJ',
'0013400001TqoBmAAJ',
'0013400001Tqn59AAB',
'0013400001TqloCAAR',
'0013400001TqloCAAR',
'0013400001Tql6HAAR',
'0013400001Tqhp8AAB',
'0013400001Tqhp8AAB',
'0013400001Tqh6qAAB',
'0013400001TqgSgAAJ',
'0013400001Tqa4TAAR',
'0013400001Tqa4TAAR',
'0013400001TqZqvAAF',
'0013400001TqZnhAAF',
'0013400001TqZnhAAF',
'0013400001TqXJiAAN',
'0013400001TqSSnAAN',
'0013400001TqPtdAAF',
'0013400001TqPgyAAF',
'0013400001TqPgyAAF',
'0013400001TqP5zAAF',
'0013400001TqP5zAAF',
'0013400001TqO7rAAF',
'0013400001TqO7rAAF',
'0013400001TqNaYAAV',
'0013400001TqMBwAAN',
'0013400001TqMBwAAN',
'0013400001TqHogAAF',
'0013400001TqFs1AAF',
'0013400001TqFs1AAF',
'0013400001TqFGKAA3',
'0013400001TqF1tAAF',
'0013400001TqEfiAAF',
'0013400001TqEfiAAF',
'0013400001TqCmsAAF',
'0013400001TqCmsAAF',
'0013400001TqAg6AAF',
'0013400001TqA5HAAV',
'0013400001Tq7STAAZ',
'0013400001Tq53OAAR',
'0013400001Tq53OAAR',
'0013400001Tq2y8AAB',
'0013400001Tq2y8AAB',
'0013400001TpzoSAAR',
'0013400001TpvKJAAZ',
'0013400001Tpr9GAAR',
'0013400001Tpr9GAAR',
'0013400001TpqNbAAJ',
'0013400001TpqNbAAJ',
'0013400001TpoiiAAB',
'0013400001TpoiiAAB',
'0013400001TpnhaAAB',
'0013400001TpnhaAAB',
'0013400001TpkcCAAR',
'0013400001TpkcCAAR',
'0013400001TpjXdAAJ',
'0013400001TpfMjAAJ',
'0013400001TpfMjAAJ',
'0013400001TpYGgAAN',
'0013400001TpYGgAAN',
'0013400001TpY3cAAF',
'0013400001TpY3cAAF',
'0013400001TpOk5AAF',
'0013400001TpLzvAAF',
'0013400001TpJjDAAV',
'0013400001TpIKsAAN',
'0013400001TpIKYAA3',
'0013400001TpIKYAA3',
'0013400001TpHQnAAN',
'0013400001TpGZSAA3',
'0013400001TpGZSAA3',
'0013400001TpDMNAA3',
'0013400001TpDMNAA3',
'0013400001TpCeVAAV',
'0013400001TpCeVAAV',
'0013400001TpCdmAAF',
'0013400001TpCdmAAF',
'0013400001Tp9ieAAB',
'0013400001Tp9ieAAB',
'0013400001Tp2zCAAR',
'0013400001TozZzAAJ',
'0013400001TozGTAAZ',
'0013400001TozCbAAJ',
'0013400001Toz8oAAB',
'0013400001SwUP4AAN',
'0013400001SwTIbAAN',
'0013400001SwTIbAAN',
'0013400001SwTEKAA3',
'0013400001SlDHCAA3',
'0013400001Sl85MAAR',
'0013400001Sl85MAAR',
'0013400001Sl7PQAAZ',
'0013400001Sl53RAAR',
'0013400001Sl02CAAR',
'0013400001SkzLVAAZ',
'0013400001SkwYuAAJ',
'0013400001SkwYuAAJ',
'0013400001SkqHcAAJ',
'0013400001SkmA7AAJ',
'0013400001SkmA7AAJ',
'0013400001SkibkAAB',
'0013400001SkhcbAAB',
'0013400001SkhLTAAZ',
'0013400001Skfx4AAB',
'0013400001Skfx4AAB',
'0013400001SkXrLAAV',
'0013400001SkTTUAA3',
'0013400001SkMvgAAF',
'0013400001SkLbJAAV',
'0013400001SkLbJAAV',
'0013400001SkK7ZAAV',
'0013400001ST1GcAAL',
'0013400001ST1GcAAL',
'0013400001ST17kAAD',
'0013400001ST07wAAD',
'0013400001ST07wAAD',
'0013400001SSx7QAAT',
'0013400001SSx7QAAT',
'0013400001SSuSuAAL',
'0013400001SSuSuAAL',
'0013400001SStvAAAT',
'0013400001SSqVxAAL',
'0013400001SSqVxAAL',
'0013400001SSlQlAAL',
'0013400001SSlQlAAL',
'0013400001SSiAWAA1',
'0013400001SSiAWAA1',
'0013400001SSi9OAAT',
'0013400001SSi9OAAT',
'0013400001SShQJAA1',
'0013400001SSfguAAD',
'0013400001SSfQxAAL',
'0013400001SSeooAAD',
'0013400001SSdKsAAL',
'0013400001SSdC0AAL',
'0013400001SSdC0AAL',
'0013400001SSc73AAD',
'0013400001SSacrAAD',
'0013400001SSaTGAA1',
'0013400001SSaTGAA1',
'0013400001SSYbuAAH',
'0013400001SSYbuAAH',
'0013400001SSYN4AAP',
'0013400001SSYN4AAP',
'0013400001SSX7rAAH',
'0013400001SSX7rAAH',
'0013400001SSWQnAAP',
'0013400001SSPg4AAH',
'0013400001SSPecAAH',
'0013400001SSPUhAAP',
'0013400001SSOYwAAP',
'0013400001SSOYwAAP',
'0013400001SSMeyAAH',
'0013400001SSLKRAA5',
'0013400001SSLI6AAP',
'0013400001SSLI6AAP',
'0013400001SSK7QAAX',
'0013400001SSJHwAAP',
'0013400001SSJHwAAP',
'0013400001SSIJIAA5',
'0013400001SSIJIAA5',
'0013400001SSFDQAA5',
'0013400001SSFDQAA5',
'0013400001SSBcxAAH',
'0013400001SSB2pAAH',
'0013400001SSA0JAAX',
'0013400001SS9MbAAL',
'0013400001SS8o7AAD',
'0013400001SS8o7AAD',
'0013400001SS8PbAAL',
'0013400001SS6ZQAA1',
'0013400001SS69dAAD',
'0013400001SS69dAAD',
'0013400001SS2sdAAD',
'0013400001SS2HDAA1',
'0013400001SS2HDAA1',
'0013400001SS1oLAAT',
'0013400001SRzh8AAD',
'0013400001SRzh8AAD',
'0013400001SRzZdAAL',
'0013400001SRyusAAD',
'0013400001SRyusAAD',
'0013400001SRwQKAA1',
'0013400001SRvVqAAL',
'0013400001SRrZOAA1',
'0013400001SRrZOAA1',
'0013400001SRoN7AAL',
'0013400001SRmfJAAT',
'0013400001SRmQsAAL',
'0013400001SRmFuAAL',
'0013400001SRmClAAL',
'0013400001SRjRbAAL',
'0013400001SRhatAAD',
'0013400001SRhatAAD',
'0013400001SRgusAAD',
'0013400001SRgusAAD',
'0013400001SRdZaAAL',
'0013400001SRdZaAAL',
'0013400001SRbGAAA1',
'0013400001SRWTeAAP',
'0013400001SRVpoAAH',
'0013400001SRUHSAA5',
'0013400001SRUHSAA5',
'0013400001SRTUVAA5',
'0013400001SRS1TAAX',
'0013400001SRRjPAAX',
'0013400001SRQa3AAH',
'0013400001SROeZAAX',
'0013400001SRNc3AAH',
'0013400001SRMgGAAX',
'0013400001SRKLRAA5',
'0013400001SRHOnAAP',
'0013400001SRH69AAH',
'0013400001SRH69AAH',
'0013400001SRDmBAAX',
'0013400001SRDfyAAH',
'0013400001S74UzAAJ',
'0013400001S74UzAAJ',
'0013400001S71LPAAZ',
'0013400001S70rtAAB',
'0013400001S70edAAB',
'0013400001S70edAAB',
'0013400001S6zyzAAB',
'0013400001S6zyzAAB',
'0013400001S6xXjAAJ',
'0013400001S6xXjAAJ',
'0013400001S6vnWAAR',
'0013400001S6vnWAAR',
'0013400001S6rmHAAR',
'0013400001S6rmHAAR',
'0013400001S6rffAAB',
'0013400001S6rffAAB',
'0013400001S6r7EAAR',
'0013400001S6r7EAAR',
'0013400001S6YniAAF',
'0013400001S6XmXAAV',
'0013400001S6XHyAAN',
'0013400001S6XCcAAN',
'0013400001S6XCcAAN',
'0013400001S6V3cAAF',
'0013400001S6NSDAA3',
'0013400001S6MPBAA3',
'0013400001S6MPBAA3',
'0013400001S6M04AAF',
'0013400001S6G4RAAV',
'0013400001S6G4RAAV',
'0013400001S6Fn4AAF',
'0013400001S6FJqAAN',
'0013400001S6DwFAAV',
'0013400001S635XAAR',
'0013400001S61MWAAZ',
'0013400001S60dMAAR',
'0013400001S60dMAAR',
'0013400001S5zuZAAR',
'0013400001S5zWDAAZ',
'0013400001S5zWDAAZ',
'0013400001S5w1gAAB',
'0013400001S5w1gAAB',
'0013400001S5vGEAAZ',
'0013400001S5vGEAAZ',
'0013400001S5pdQAAR',
'0013400001S5pG7AAJ',
'0013400001S5o7UAAR',
'0013400001S5mxiAAB',
'0013400001S5lhfAAB',
'0013400001S5lhfAAB',
'0013400001S5ja8AAB',
'0013400001S5jJ7AAJ',
'0013400001S5jJ7AAJ',
'0013400001S5j3YAAR',
'0013400001S5hlYAAR',
'0013400001S5hFjAAJ',
'0013400001S5aRFAAZ',
'0013400001S5YrEAAV',
'0013400001S5Yo0AAF',
'0013400001S5YjtAAF',
'0013400001S5YjtAAF',
'0013400001S5XZdAAN',
'0013400001S5XZdAAN',
'0013400001S5WKIAA3',
'0013400001S5VMeAAN',
'0013400001S5V5xAAF',
'0013400001S5Ur7AAF',
'0013400001S5Ur7AAF',
'0013400001S5Rc3AAF',
'0013400001S5RN8AAN',
'0013400001S5OrWAAV',
'0013400001S5OrWAAV',
'0013400001S5OSFAA3',
'0013400001S5MYLAA3',
'0013400001S5M4BAAV',
'0013400001S5IDhAAN',
'0013400001S5FoBAAV',
'0013400001S5FoBAAV',
'0013400001S5DeCAAV',
'0013400001S5DeCAAV',
'0013400001S5ConAAF',
'0013400001S590vAAB',
'0013400001S590vAAB',
'0013400001S4wmSAAR',
'0013400001S4u8MAAR',
'0013400001S4rzTAAR',
'0013400001S4rzTAAR',
'0013400001S4pbsAAB',
'0013400001S4pbsAAB',
'0013400001S4pbsAAB',
'0013400001S4no7AAB',
'0013400001S4no7AAB',
'0013400001S4n7DAAR',
'0013400001S4n4iAAB',
'0013400001S4n4iAAB',
'0013400001S4mwjAAB',
'0013400001S4mwjAAB',
'0013400001S4euMAAR',
'0013400001S4euMAAR',
'0013400001S4cEMAAZ',
'0013400001S4ZtdAAF',
'0013400001S4ZiaAAF',
'0013400001S4ZiaAAF',
'0013400001S4UcDAAV',
'0013400001S4UcDAAV',
'0013400001S4TgxAAF',
'0013400001S4TgxAAF',
'0013400001S4RQbAAN',
'0013400001S4RQbAAN',
'0013400001S4QvnAAF',
'0013400001S4Q6CAAV',
'0013400001S4PAmAAN',
'0013400001S4K2qAAF',
'0013400001S4K2qAAF',
'0013400001S4IjtAAF',
'0013400001S4IjtAAF',
'0013400001S4F4xAAF',
'0013400001S4F4xAAF',
'0013400001S47UfAAJ',
'0013400001S3soKAAR',
'0013400001S3soKAAR',
'0013400001RaR6CAAV',
'0013400001RaKg9AAF',
'0013400001RaFtHAAV',
'0013400001RaFtHAAV',
'0013400001RaFs9AAF',
'0013400001RaFs9AAF',
'0013400001RaCedAAF',
'0013400001RaBXuAAN',
'0013400001Ra9R4AAJ',
'0013400001Ra9R4AAJ',
'0013400001Ra8OFAAZ',
'0013400001Ra6D8AAJ',
'0013400001Ra6D8AAJ',
'0013400001Ra48gAAB',
'0013400001Ra48gAAB',
'0013400001Ra2O3AAJ',
'0013400001Ra2O3AAJ',
'0013400001Ra0t9AAB',
'0013400001Ra0t9AAB',
'0013400001Ra0exAAB',
'0013400001Ra0YfAAJ',
'0013400001Ra0YfAAJ',
'0013400001RZvj8AAD',
'0013400001RZvV7AAL',
'0013400001RZvT0AAL',
'0013400001RZsDsAAL',
'0013400001RZr7UAAT',
'0013400001RZoK6AAL',
'0013400001RZoK6AAL',
'0013400001RZoFQAA1',
'0013400001RZnrnAAD',
'0013400001RZMUSAA5',
'0013400001RZMUSAA5',
'0013400001RZKT3AAP',
'0013400001RZKT3AAP',
'0013400001RZJGPAA5',
'0013400001RZJGPAA5',
'0013400001RZHy0AAH',
'0013400001RZHy0AAH',
'0013400001RZHx2AAH',
'0013400001RZFn2AAH',
'0013400001RZFPFAA5',
'0013400001RZFLhAAP',
'0013400001RZFLhAAP',
'0013400001RZEsQAAX',
'0013400001RZEJyAAP',
'0013400001RZBxOAAX',
'0013400001RZBxOAAX',
'0013400001RZAg6AAH',
'0013400001RZAO2AAP',
'0013400001RZ5vqAAD',
'0013400001RZ5vqAAD',
'0013400001RZ5IIAA1',
'0013400001RZ5IIAA1',
'0013400001RZ3bDAAT',
'0013400001RZ1YNAA1',
'0013400001RZ1NKAA1',
'0013400001RYxblAAD',
'0013400001RYxblAAD',
'0013400001RYt1aAAD',
'0013400001RYt1aAAD',
'0013400001RYrmjAAD',
'0013400001RYoCfAAL',
'0013400001RYnjsAAD',
'0013400001RYlHBAA1',
'0013400001RYizBAAT',
'0013400001RYizBAAT',
'0013400001RYi4yAAD',
'0013400001R8UJaAAN',
'0013400001R8UJaAAN',
'0013400001R8T1fAAF',
'0013400001R8SkFAAV',
'0013400001R8SkFAAV',
'0013400001R8R6cAAF',
'0013400001R8QtsAAF',
'0013400001R8OXYAA3',
'0013400001R8OXYAA3',
'0013400001R8OXYAA3',
'0013400001R8NskAAF',
'0013400001R8MS3AAN',
'0013400001R8MS3AAN',
'0013400001R8KS9AAN',
'0013400001R8JlyAAF',
'0013400001R8JlyAAF',
'0013400001R8AeUAAV',
'0013400001R89r8AAB',
'0013400001R89r8AAB',
'0013400001R88e3AAB',
'0013400001R88e3AAB',
'0013400001R88WEAAZ',
'0013400001R87rNAAR',
'0013400001R87rNAAR',
'0013400001R85NaAAJ',
'0013400001R85NaAAJ',
'0013400001R83tdAAB',
'0013400001R83cIAAR',
'0013400001R7zKjAAJ',
'0013400001R7yAuAAJ',
'0013400001R7snOAAR',
'0013400001R7snOAAR',
'0013400001R7rtQAAR',
'0013400001R7rtQAAR',
'0013400001R7rBOAAZ',
'0013400001R7nkMAAR',
'0013400001R7nkMAAR',
'0013400001R7njxAAB',
'0013400001R7mjTAAR',
'0013400001R7lzGAAR',
'0013400001R7lzGAAR',
'0013400001R7loSAAR',
'0013400001R7loSAAR',
'0013400001R7k1YAAR',
'0013400001R7k1YAAR',
'0013400001R7iXDAAZ',
'0013400001R7iXDAAZ',
'0013400001R7YnBAAV',
'0013400001R7YaWAAV',
'0013400001R7W6PAAV',
'0013400001R7Uh0AAF',
'0013400001R7Uh0AAF',
'0013400001R7Rx1AAF',
'0013400001R7Rx1AAF',
'0013400001R7RWeAAN',
'0013400001R7PqNAAV',
'0013400001R7KGgAAN',
'0013400001R7IJaAAN',
'0013400001R7IJaAAN',
'0013400001R7FaJAAV',
'0013400001R7FaJAAV',
'0013400001R7B19AAF',
'0013400001R5mBMAAZ',
'0013400001PwjAqAAJ',
'0013400001PwgqyAAB',
'0013400001PwgF9AAJ',
'0013400001Pwf17AAB',
'0013400001Pwf17AAB',
'0013400001Pwf17AAB',
'0013400001PwWp1AAF',
'0013400001PwWp1AAF',
'0013400001PwReJAAV',
'0013400001PwR0iAAF',
'0013400001PwR0iAAF',
'0013400001PwQviAAF',
'0013400001PwPWaAAN',
'0013400001PwPKeAAN',
'0013400001PwO3uAAF',
'0013400001PwNcFAAV',
'0013400001PwN9XAAV',
'0013400001PwN9XAAV',
'0013400001PwCvRAAV',
'0013400001PwBi8AAF',
'0013400001PwBWMAA3',
'0013400001PwASvAAN',
'0013400001PwASvAAN',
'0013400001Pw9QZAAZ',
'0013400001Pw7dtAAB',
'0013400001Pw7dtAAB',
'0013400001Pw7EtAAJ',
'0013400001Pw70HAAR',
'0013400001Pw5XhAAJ',
'0013400001Pw5XhAAJ',
'0013400001Pw4xjAAB',
'0013400001PvxJFAAZ',
'0013400001PvwyMAAR',
'0013400001PvwyMAAR',
'0013400001Pvws4AAB',
'0013400001Pvws4AAB',
'0013400001PvuUiAAJ',
'0013400001Pvno6AAB',
'0013400001PvlIVAAZ',
'0013400001PvkWYAAZ',
'0013400001PvkWYAAZ',
'0013400001PvikSAAR',
'0013400001PvikSAAR',
'0013400001PvhwqAAB',
'0013400001PvdWFAAZ',
'0013400001PvdWFAAZ',
'0013400001PvbTUAAZ',
'0013400001PvaMDAAZ',
'0013400001PvaMDAAZ',
'0013400001PvYbgAAF',
'0013400001PvYbgAAF',
'0013400001PvTJSAA3',
'0013400001PvQnoAAF',
'0013400001PvQjXAAV',
'0013400001PvQiPAAV',
'0013400001PvQiPAAV',
'0013400001PvQSlAAN',
'0013400001PvOxIAAV',
'0013400001PvOn8AAF',
'0013400001PvLs9AAF',
'0013400001PvL65AAF',
'0013400001PvL65AAF',
'0013400001Pv9kLAAR',
'0013400001Pv9TtAAJ',
'0013400001Pv9CxAAJ',
'0013400001Pv9CxAAJ',
'0013400001Pv7ffAAB',
'0013400001Pv6QhAAJ',
'0013400001Pv5m3AAB',
'0013400001Pv5dzAAB',
'0013400001Pv5NXAAZ',
'0013400001Pv31VAAR',
'0013400001Pv2mVAAR',
'0013400001Pv2mVAAR',
'0013400001PuxDjAAJ',
'0013400001Pux4hAAB',
'0013400001PusTXAAZ',
'0013400001PusEgAAJ',
'0013400001PuoomAAB',
'0013400001PumZ3AAJ',
'0013400001PulxeAAB',
'0013400001Pukl8AAB',
'0013400001PujbpAAB',
'0013400001PujbpAAB',
'0013400001PuhoFAAR',
'0013400001PuhoFAAR',
'0013400001Pufx9AAB',
'0013400001PudpxAAB',
'0013400001PudBqAAJ',
'0013400001PuczQAAR',
'0013400001PuczQAAR',
'0013400001PucySAAR',
'0013400001Pucm7AAB',
'0013400001Pucm7AAB',
'0013400001PubuuAAB',
'0013400001PuZgCAAV',
'0013400001PuZQfAAN',
'0013400001PuYyWAAV',
'0013400001PuYPRAA3',
'0013400001PuYIzAAN',
'0013400001PuUSWAA3',
'0013400001PuQpfAAF',
'0013400001PuQpfAAF',
'0013400001PuQliAAF',
'0013400001PuQOPAA3',
'0013400001PuQOPAA3',
'0013400001PuO6QAAV',
'0013400001PuMx5AAF',
'0013400001PuMYZAA3',
'0013400001PuMYZAA3',
'0013400001PuKyDAAV',
'0013400001PuKyDAAV',
'0013400001PuKWTAA3',
'0013400001PuKWTAA3',
'0013400001PuITbAAN',
'0013400001PuEtqAAF',
'0013400001PuE5UAAV',
'0013400001PuCFsAAN',
'0013400001PuCFsAAN',
'0013400001Pty09AAB',
'0013400001Pty09AAB',
'0013400001PtqYOAAZ',
'0013400001PtqPgAAJ',
'0013400001PtqPgAAJ',
'0013400001PtpHLAAZ',
'0013400001PtpHLAAZ',
'0013400001PtlGLAAZ',
'0013400001Osb7UAAR',
'0013400001Osb75AAB',
'0013400001OsXy5AAF',
'0013400001OsU1hAAF',
'0013400001OsRQkAAN',
'0013400001OsOVFAA3',
'0013400001OsNopAAF',
'0013400001OsNopAAF',
'0013400001OsNDAAA3',
'0013400001OsNDAAA3',
'0013400001OsGwrAAF',
'0013400001OsAQqAAN',
'0013400001OsAQqAAN',
'0013400001Os58CAAR',
'0013400001Os58CAAR',
'0013400001Os249AAB',
'0013400001Os249AAB',
'0013400001OryeHAAR',
'0013400001OryeHAAR',
'0013400001OrvxIAAR',
'0013400001OrvxIAAR',
'0013400001OrvxIAAR',
'0013400001OrswcAAB',
'0013400001OrmZOAAZ',
'0013400001OrkOVAAZ',
'0013400001OrgvoAAB',
'0013400001OreVkAAJ',
'0013400001OrdSwAAJ',
'0013400001OrdSwAAJ',
'0013400001OrdNcAAJ',
'0013400001OrdNcAAJ',
'0013400001OrZIaAAN',
'0013400001OrTbCAAV',
'0013400001OrTbCAAV',
'0013400001OrOPmAAN',
'0013400001OrOPmAAN',
'0013400001OrL49AAF',
'0013400001OrK2QAAV',
'0013400001OrHztAAF',
'0013400001OrHztAAF',
'0013400001OrFwYAAV',
'0013400001OrFw4AAF',
'0013400001OrFw4AAF',
'0013400001OrFdRAAV',
'0013400001OrFBwAAN',
'0013400001OrFBwAAN',
'0013400001OrBeUAAV',
'0013400001OrBeUAAV',
'0013400001OrA6NAAV',
'0013400001Or8mqAAB',
'0013400001Or8mqAAB',
'0013400001Or8J0AAJ',
'0013400001Or82nAAB',
'0013400001Or66SAAR',
'0013400001Or5PoAAJ',
'0013400001Or5CuAAJ',
'0013400001Or59qAAB',
'0013400001Or4pYAAR',
'0013400001Or4YXAAZ',
'0013400001Or3m3AAB',
'0013400001Or3ZdAAJ',
'0013400001Or3ZdAAJ',
'0013400001Or34BAAR',
'0013400001Or1jiAAB',
'0013400001Or1jiAAB',
'0013400001OqyjwAAB',
'0013400001OqyjwAAB',
'0013400001OqxwuAAB',
'0013400001OqxwuAAB',
'0013400001OqvjKAAR',
'0013400001OqtRTAAZ',
'0013400001OqtRTAAZ',
'0013400001OqrYmAAJ',
'0013400001OqqHYAAZ',
'0013400001OqnEOAAZ',
'0013400001OqhGuAAJ',
'0013400001OqfwPAAR',
'0013400001OqeefAAB',
'0013400001OqeefAAB',
'0013400001OqeefAAB',
'0013400001OqaNOAAZ',
'0013400001OqaNOAAZ',
'0013400001OqZESAA3',
'0013400001OqYZUAA3',
'0013400001OqWeUAAV',
'0013400001OqVvjAAF',
'0013400001OqTNgAAN',
'0013400001OqS0qAAF',
'0013400001OqJElAAN',
'0013400001OqJ4WAAV',
'0013400001OqH6rAAF',
'0013400001OqH6rAAF',
'0013400001OqGGPAA3',
'0013400001OqFLDAA3',
'0013400001Oq8FBAAZ',
'0013400001Oq7jjAAB',
'0013400001Oq4BuAAJ',
'0013400001Oq4BuAAJ',
'0013400001OpyjeAAB',
'0013400001OpyjeAAB',
'0013400001OpunmAAB',
'0013400001OpukcAAB',
'0013400001OpuTMAAZ',
'0013400001OptyrAAB',
'0013400001OWuYrAAL',
'0013400001OWrm0AAD',
'0013400001OWnIeAAL',
'0013400001OWmtPAAT',
'0013400001OWmtPAAT',
'0013400001OWkqpAAD',
'0013400001OWdNUAA1',
'0013400001OWbmnAAD',
'0013400001OWYfKAAX',
'0013400001OWYfKAAX',
'0013400001OWYXBAA5',
'0013400001OWYQoAAP',
'0013400001OWYQoAAP',
'0013400001OWXm5AAH',
'0013400001OWSRfAAP',
'0013400001OWRzRAAX',
'0013400001OWNnBAAX',
'0013400001OWNaMAAX',
'0013400001OWMuDAAX',
'0013400001OWKaLAAX',
'0013400001OWKT5AAP',
'0013400001OWJlnAAH',
'0013400001OWIUyAAP',
'0013400001OWHrbAAH',
'0013400001OWHrbAAH',
'0013400001OWHNRAA5',
'0013400001OWHNRAA5',
'0013400001OWHHdAAP',
'0013400001OWGzjAAH',
'0013400001OWF2SAAX',
'0013400001OWF2SAAX',
'0013400001OWF2SAAX',
'0013400001ORtr0AAD',
'0013400001ORtI5AAL',
'0013400001ORsu6AAD',
'0013400001ORrQ4AAL',
'0013400001ORk2pAAD',
'0013400001ORk2pAAD',
'0013400001ORjOGAA1',
'0013400001ORj1gAAD',
'0013400001ORgu5AAD',
'0013400001ORgu5AAD',
'0013400001OReTPAA1',
'0013400001OReTPAA1',
'0013400001ORdciAAD',
'0013400001ORdPoAAL',
'0013400001ORdEHAA1',
'0013400001ORcfbAAD',
'0013400001ORa5RAAT',
'0013400001ORZFaAAP',
'0013400001ORZFaAAP',
'0013400001ORYcnAAH',
'0013400001ORYcnAAH',
'0013400001ORXJIAA5',
'0013400001ORW2BAAX',
'0013400001ORUyrAAH',
'0013400001ORU9tAAH',
'0013400001Nh5srAAB',
'0013400001Nh5UfAAJ',
'0013400001Nh4LrAAJ',
'0013400001Nh4InAAJ',
'0013400001Nh0p5AAB',
'0013400001Nh0p5AAB',
'0013400001NgzFUAAZ',
'0013400001NgzFUAAZ',
'0013400001Ngz0oAAB',
'0013400001NgxcHAAR',
'0013400001NgsuiAAB',
'0013400001NgrxHAAR',
'0013400001Ngqw8AAB',
'0013400001Ngl7DAAR',
'0013400001NgcS0AAJ',
'0013400001NgcS0AAJ',
'0013400001NgYozAAF',
'0013400001NgYfsAAF',
'0013400001NgY6TAAV',
'0013400001NgWrwAAF',
'0013400001NgWipAAF',
'0013400001NgUraAAF',
'0013400001NgTKLAA3',
'0013400001NgR9nAAF',
'0013400001NgR9nAAF',
'0013400001NgLfMAAV',
'0013400001NgJPvAAN',
'0013400001NgJKvAAN',
'0013400001Nfo3hAAB',
'0013400001Nfo3hAAB',
'0013400001NfkBfAAJ',
'0013400001NfibxAAB',
'0013400001NfgyRAAR',
'0013400001Nff3RAAR',
'0013400001NfdOFAAZ',
'0013400001Nfc6KAAR',
'0013400001Nfaw3AAB',
'0013400001Nfaw3AAB',
'0013400001NfYcoAAF',
'0013400001NfYFpAAN',
'0013400001NfYA6AAN',
'0013400001NfX5uAAF',
'0013400001NfUqGAAV',
'0013400001NfNAMAA3',
'0013400001NfLCzAAN',
'0013400001NfIkAAAV',
'0013400001NfHTjAAN',
'0013400001NfBjbAAF',
'0013400001NfBj6AAF',
'0013400001NfBQ4AAN',
'0013400001NfBPkAAN',
'0013400001NfBAuAAN',
'0013400001N7SC6AAN',
'0013400001N7QJyAAN',
'0013400001N7PuZAAV',
'0013400001N7OMUAA3',
'0013400001N7OMUAA3',
'0013400001N7N0QAAV',
'0013400001N7MnbAAF',
'0013400001N7DcPAAV',
'0013400001N7BQjAAN',
'0013400001N7B6oAAF',
'0013400001N7B6oAAF',
'0013400001N7B28AAF',
'0013400001N7B28AAF',
'0013400001N7AqHAAV',
'0013400001N7AqHAAV',
'0013400001N7ApdAAF',
'0013400001N77etAAB',
'0013400001N77etAAB',
'0013400001N778GAAR',
'0013400001N76bCAAR',
'0013400001N7654AAB',
'0013400001N73rsAAB',
'0013400001N734KAAR',
'0013400001N72fDAAR',
'0013400001N72fDAAR',
'0013400001N720fAAB',
'0013400001N71QwAAJ',
'0013400001N6xyhAAB',
'0013400001N6wbQAAR',
'0013400001N6wbQAAR',
'0013400001N6tV9AAJ',
'0013400001N6skXAAR',
'0013400001N6rKlAAJ',
'0013400001N6rKlAAJ',
'0013400001N6moHAAR',
'0013400001N6moHAAR',
'0013400001N6Z9PAAV',
'0013400001N6YLZAA3',
'0013400001N6YLZAA3',
'0013400001N6Xy1AAF',
'0013400001N6Xy1AAF',
'0013400001N6XTuAAN',
'0013400001N6XTuAAN',
'0013400001N6T0vAAF',
'0013400001N6SC4AAN',
'0013400001N6SC4AAN',
'0013400001N6S3vAAF',
'0013400001N6S3vAAF',
'0013400001N6S3lAAF',
'0013400001N6S3lAAF',
'0013400001N6Rt2AAF',
'0013400001N6RfMAAV',
'0013400001N6QKpAAN',
'0013400001N6N4gAAF',
'0013400001N6EZVAA3',
'0013400001N6CLxAAN',
'0013400001N6CC2AAN',
'0013400001N6BzmAAF',
'0013400001N686OAAR',
'0013400001N67ETAAZ',
'0013400001N67ETAAZ',
'0013400001N2BSCAA3',
'0013400001N1z8QAAR',
'0013400001N1wPAAAZ',
'0013400001N1vTuAAJ',
'0013400001N1vTuAAJ',
'0013400001N1vHtAAJ',
'0013400001N1vHtAAJ',
'0013400001N1u8nAAB',
'0013400001LzcHpAAJ',
'0013400001LzZr8AAF',
'0013400001LzZr8AAF',
'0013400001LzXURAA3',
'0013400001LzXQtAAN',
'0013400001LzWekAAF',
'0013400001LzUv7AAF',
'0013400001LzRxqAAF',
'0013400001LzQEVAA3',
'0013400001LzHiCAAV',
'0013400001LzHiCAAV',
'0013400001LzFCTAA3',
'0013400001LzBi4AAF',
'0013400001LzBMcAAN',
'0013400001LzBC3AAN',
'0013400001LzBC3AAN',
'0013400001Lz97sAAB',
'0013400001Lz97sAAB',
'0013400001Lz7SgAAJ',
'0013400001Lz7SgAAJ',
'0013400001Lz6mCAAR',
'0013400001Lz6NuAAJ',
'0013400001Lz4tlAAB',
'0013400001Lz41UAAR',
'0013400001Lz2LYAAZ',
'0013400001Lz1tjAAB',
'0013400001Lz0X1AAJ',
'0013400001LyyzJAAR',
'0013400001LywBSAAZ',
'0013400001LywBSAAZ',
'0013400001LyvyiAAB',
'0013400001LyvCPAAZ',
'0013400001LyvCPAAZ',
'0013400001LytHFAAZ',
'0013400001LyrVkAAJ',
'0013400001Lyr6zAAB',
'0013400001LyqUlAAJ',
'0013400001LyoDMAAZ',
'0013400001Lymm6AAB',
'0013400001LymlIAAR',
'0013400001LymcLAAR',
'0013400001LymUWAAZ',
'0013400001LymSLAAZ',
'0013400001LymI1AAJ',
'0013400001LyjwuAAB',
'0013400001LyjwuAAB',
'0013400001LyiN3AAJ',
'0013400001Lyho3AAB',
'0013400001LyfSeAAJ',
'0013400001LydSTAAZ',
'0013400001LyaWSAAZ',
'0013400001LyZv2AAF',
'0013400001LyXdkAAF',
'0013400001LySxpAAF',
'0013400001LySkvAAF',
'0013400001LyOyjAAF',
'0013400001LyOyjAAF',
'0013400001LyMySAAV',
'0013400001LyMa1AAF',
'0013400001LyMa1AAF',
'0013400001LyK7ZAAV',
'0013400001LyK4kAAF',
'0013400001LyJDbAAN',
'0013400001LyGJOAA3',
'0013400001LyGA7AAN',
'0013400001LyF6nAAF',
'0013400001LyEsbAAF',
'0013400001KxHXmAAN',
'0013400001KxHXNAA3',
'0013400001KxHXNAA3',
'0013400001KxFKNAA3',
'0013400001KxEnDAAV',
'0013400001KxAbDAAV',
'0013400001Kx9oWAAR',
'0013400001Kx94qAAB',
'0013400001Kx94qAAB',
'0013400001Kx8ltAAB',
'0013400001Kx60lAAB',
'0013400001Kx3YkAAJ',
'0013400001Kx2iKAAR',
'0013400001Kx0SqAAJ',
'0013400001KwyeBAAR',
'0013400001KwyeBAAR',
'0013400001KwnTBAAZ',
'0013400001KwnTBAAZ',
'0013400001KwkRLAAZ',
'0013400001KwjAcAAJ',
'0013400001KwjAcAAJ',
'0013400001KwhmVAAR',
'0013400001KwhmVAAR',
'0013400001Kwg7tAAB',
'0013400001Kwb9wAAB',
'0013400001KwawnAAB',
'0013400001KwZq5AAF',
'0013400001KwYOdAAN',
'0013400001KwUWTAA3',
'0013400001KwQFxAAN',
'0013400001KwPbaAAF',
'0013400001KwPb6AAF',
'0013400001KwPb6AAF',
'0013400001KwOQVAA3',
'0013400001KwOQLAA3',
'0013400001KwOQLAA3',
'0013400001KwMOSAA3',
'0013400001KwLYMAA3',
'0013400001KwICRAA3',
'0013400001KwHtHAAV',
'0013400001KwBsyAAF',
'0013400001KwBVDAA3',
'0013400001Kw6BNAAZ',
'0013400001Kw5OSAAZ',
'0013400001Kw5OSAAZ',
'0013400001Kw04VAAR',
'0013400001KvypZAAR',
'0013400001KvybNAAR',
'0013400001Kvy33AAB',
'0013400001KvxxUAAR',
'0013400001KvvYvAAJ',
'0013400001KvvYvAAJ',
'0013400001KvvSYAAZ',
'0013400001KvttcAAB',
'0013400001KvtqdAAB',
'0013400001KvtqdAAB',
'0013400001KvpPqAAJ',
'0013400001KvpPqAAJ',
'0013400001Kvp9iAAB',
'0013400001KvoDZAAZ',
'0013400001KvnbGAAR',
'0013400001KvnbGAAR',
'0013400001KvgJ1AAJ',
'0013400001KvcDDAAZ',
'0013400001KvXeQAAV',
'0013400001KvVHhAAN',
'0013400001KvTgQAAV',
'0013400001KvTYHAA3',
'0013400001KvPxLAAV',
'0013400001KvPvoAAF',
'0013400001KvPvoAAF',
'0013400001KvPvoAAF',
'0013400001KvMPdAAN',
'0013400001KvLv4AAF',
'0013400001KvLuLAAV',
'0013400001KvJXnAAN',
'0013400001KvJWQAA3',
'0013400001KvGeRAAV',
'0013400001KvDs0AAF',
'0013400001KvDbxAAF',
'0013400001Kv8rKAAR',
'0013400001Kv8rKAAR',
'0013400001KuxvHAAR',
'0013400001KuxvHAAR',
'0013400001KuxJDAAZ',
'0013400001KuxJDAAZ',
'0013400001KunF4AAJ',
'0013400001KuleYAAR',
'0013400001KuleYAAR',
'0013400001KujP2AAJ',
'0013400001KuZ5zAAF',
'0013400001KuZ5zAAF',
'0013400001KuXhDAAV',
'0013400001KuQpmAAF',
'0013400001KuQpmAAF',
'0013400001KuMvCAAV',
'0013400001KuH7qAAF',
'0013400001KuDBTAA3',
'0013400001KuCfoAAF',
'0013400001Ku6e5AAB',
'0013400001Ku0LRAAZ',
'0013400001Ku02eAAB',
'0013400001KtzwgAAB',
'0013400001KtzwgAAB',
'0013400001KtyJDAAZ',
'0013400001KtyJDAAZ',
'0013400001Kts5tAAB',
'0013400001Kts5tAAB',
'0013400001Kts1cAAB',
'0013400001Km9WHAAZ',
'0013400001Km5GAAAZ',
'0013400001Km5GAAAZ',
'0013400001Kly5rAAB',
'0013400001KlwQaAAJ',
'0013400001KlvF2AAJ',
'0013400001KluBbAAJ',
'0013400001Klu41AAB',
'0013400001KlriPAAR',
'0013400001Klh01AAB',
'0013400001KldbTAAR',
'0013400001KlcHjAAJ',
'0013400001KlcHjAAJ',
'0013400001KlaluAAB',
'0013400001KlZo5AAF',
'0013400001KlWQbAAN',
'0013400001KlTDKAA3',
'0013400001Kl5QWAAZ',
'0013400001Kl5QWAAZ',
'0013400001Kl5D7AAJ',
'0013400001Kl5D7AAJ',
'0013400001KkxMIAAZ',
'0013400001Kkj8IAAR',
'0013400001Kki91AAB',
'0013400001Kb8VYAAZ',
'0013400001Kb8VYAAZ',
'0013400001Kb8QnAAJ',
'0013400001Kb8NoAAJ',
'0013400001Kb7Q9AAJ',
'0013400001Kb7Q9AAJ',
'0013400001Kb6bnAAB',
'0013400001Kb5KqAAJ',
'0013400001Kb3utAAB',
'0013400001Kb2l7AAB',
'0013400001KaxxFAAR',
'0013400001KawWnAAJ',
'0013400001KawFSAAZ',
'0013400001KawFSAAZ',
'0013400001KathnAAB',
'0013400001KaqTTAAZ',
'0013400001KaoFPAAZ',
'0013400001KaoFPAAZ',
'0013400001KanzlAAB',
'0013400001KamPHAAZ',
'0013400001KaeY1AAJ',
'0013400001KaToSAAV',
'0013400001KaRRgAAN',
'0013400001KaOkbAAF',
'0013400001KaOjEAAV',
'0013400001KaJcPAAV',
'0013400001KaJcPAAV',
'0013400001KaJUaAAN',
'0013400001KaGpMAAV',
'0013400001KaGpMAAV',
'0013400001KaCg4AAF',
'0013400001KaCg4AAF',
'0013400001KaBflAAF',
'0013400001KaBX8AAN',
'0013400001KaBX8AAN',
'0013400001KaB9zAAF',
'0013400001KaB9zAAF',
'0013400001KaB8DAAV',
'0013400001KaB2AAAV',
'0013400001Ka9YIAAZ',
'0013400001Ka9O3AAJ',
'0013400001Ka8EuAAJ',
'0013400001Ka61nAAB',
'0013400001Ka4G0AAJ',
'0013400001Ka4G0AAJ',
'0013400001Ka3rtAAB',
'0013400001Ka1VNAAZ',
'0013400001Ka1VNAAZ',
'0013400001Ka0cSAAR',
'0013400001Ka0UnAAJ',
'0013400001Ka0P4AAJ',
'0013400001KZw5GAAT',
'0013400001KZw5GAAT',
'0013400001KZvzcAAD',
'0013400001KZvzcAAD',
'0013400001KZsGAAA1',
'0013400001KZq4CAAT',
'0013400001KZq4CAAT',
'0013400001KZoxKAAT',
'0013400001KZoxKAAT',
'0013400001KZgDgAAL',
'0013400001KZgDgAAL',
'0013400001KZgDbAAL',
'0013400001KZg9tAAD',
'0013400001KZfRXAA1',
'0013400001KZfK7AAL',
'0013400001KZfFlAAL',
'0013400001KZeoQAAT',
'0013400001KZeoQAAT',
'0013400001KZeihAAD',
'0013400001KZeSyAAL',
'0013400001KZeK6AAL',
'0013400001KZdebAAD',
'0013400001KZbquAAD',
'0013400001KZbquAAD',
'0013400001KGgAoAAL',
'0013400001KGbKrAAL',
'0013400001KGagrAAD',
'0013400001KGYrhAAH',
'0013400001KGVZhAAP',
'0013400001KGUGBAA5',
'0013400001KGSLdAAP',
'0013400001KGPpEAAX',
'0013400001KGMgZAAX',
'0013400001KGMgZAAX',
'0013400001KGMEVAA5',
'0013400001KGIgFAAX',
'0013400001KGBM1AAP',
'0013400001KGBM1AAP',
'0013400001KG3uxAAD',
'0013400001KG0vRAAT',
'0013400001KG0qMAAT',
'0013400001KFp9yAAD',
'0013400001KFjxTAAT',
'0013400001KFgLgAAL',
'0013400001KFg6vAAD',
'0013400001KFg6vAAD',
'0013400001KFdUDAA1',
'0013400001KFWX6AAP',
'0013400001KFRa0AAH',
'0013400001KFRa0AAH',
'0013400001KFG06AAH',
'0013400001KFC5NAAX',
'0013400001KF8PfAAL',
'0013400001KF8PfAAL',
'0013400001KF6SDAA1',
'0013400001KF6INAA1',
'0013400001KF067AAD',
'0013400001KF067AAD',
'0013400001KEzZOAA1',
'0013400001KEy3YAAT',
'0013400001KEwMNAA1',
'0013400001KEuoUAAT',
'0013400001KEqpIAAT',
'0013400001KEmEcAAL',
'0013400001KEfT6AAL',
'0013400001KEbeeAAD',
'0013400001KDryaAAD',
'0013400001KDryaAAD',
'0013400001KDpmYAAT',
'0013400001KDpmYAAT',
'0013400001KDnoyAAD',
'0013400001KDlS8AAL',
'0013400001KDlS8AAL',
'0013400001KDj1WAAT',
'0013400001KDijKAAT',
'0013400001KDijKAAT',
'0013400001KDijKAAT',
'0013400001KDgbBAAT',
'0013400001K4ghtAAB',
'0013400001K4ghtAAB',
'0013400001K4aIsAAJ',
'0013400001K4K1XAAV',
'0013400001K4GmKAAV',
'0013400001K46WkAAJ',
'0013400001K46JMAAZ',
'0013400001K3zJ9AAJ',
'0013400001K3sz5AAB',
'0013400001K3sYnAAJ',
'0013400001K3istAAB',
'0013400001K3istAAB',
'0013400001K3aehAAB',
'0013400001K3ZWhAAN',
'0013400001K3PJBAA3',
'0013400001K3PJBAA3',
'0013400001K3P4VAAV',
'0013400001K3J8hAAF',
'0013400001K3HrFAAV',
'0013400001K3GElAAN',
'0013400001K3BwwAAF',
'0013400001JwIxpAAF',
'0013400001JwIxpAAF',
'0013400001Jw8NdAAJ',
'0013400001Jw7hPAAR',
'0013400001Jw3PxAAJ',
'0013400001Jw2dKAAR',
'0013400001Jw1XyAAJ',
'0013400001Jw1XyAAJ',
'0013400001Jw1V9AAJ',
'0013400001Jw1I6AAJ',
'0013400001Jvhj2AAB',
'0013400001JvZ2GAAV',
'0013400001JvZ2GAAV',
'0013400001JvODKAA3',
'0013400001JvNZyAAN',
'0013400001JvNZyAAN',
'0013400001JvN9bAAF',
'0013400001JvN9bAAF',
'0013400001JvJoLAAV',
'0013400001JvJoLAAV',
'0013400001JvJmPAAV',
'0013400001JvGVPAA3',
'0013400001JvGVPAA3',
'0013400001Ju42KAAR',
'0013400001Ju2ErAAJ',
'0013400001Ju2ErAAJ',
'0013400001Jtzn0AAB',
'0013400001Jtx27AAB',
'0013400001JtrHSAAZ',
'0013400001JtrHSAAZ',
'0013400001JtovuAAB',
'0013400001JtovuAAB',
'0013400001JtfaKAAR',
'0013400001JtfaKAAR',
'0013400001JtQsDAAV',
'0013400001JtBoKAAV',
'0013400001JtBoKAAV',
'0013400001Jt4BAAAZ',
'0013400001Jt060AAB',
'0013400001JsytrAAB',
'0013400001Jsua7AAB',
'0013400001JsrdaAAB',
'0013400001JsrCFAAZ',
'0013400001JsrCFAAZ',
'0013400001JsjZAAAZ',
'0013400001JsZoFAAV',
'0013400001JsY96AAF',
'0013400001JsY7KAAV',
'0013400001JsY1RAAV',
'0013400001JsXqJAAV',
'0013400001JsXqJAAV',
'0013400001JsWIkAAN',
'0013400001JsO4xAAF',
'0013400001JsN1MAAV',
'0013400001JsCgoAAF',
'0013400001JY46EAAT',
'0013400001JY46EAAT',
'0013400001J7r9gAAB',
'0013400001J7lHOAAZ',
'0013400001J7hhPAAR',
'0013400001J7hhPAAR',
'0013400001J7g2tAAB',
'0013400001J7fQoAAJ',
'0013400001J7WvYAAV',
'0013400001J7TjfAAF',
'0013400001J7Ry7AAF',
'0013400001J7HotAAF',
'0013400001J7DkaAAF',
'0013400001J7DXWAA3',
'0013400001J7DXWAA3',
'0013400001J7CFQAA3',
'0013400001J7CFQAA3',
'0013400001J78toAAB',
'0013400001J72M5AAJ',
'0012H00001jTptwQAC',
'0012H00001jTn3oQAC',
'0012H00001jTn3oQAC',
'0012H00001jTkNbQAK',
'0012H00001jTfcaQAC',
'0012H00001jTfajQAC',
'0012H00001jTfSfQAK',
'0012H00001jTf2mQAC',
'0012H00001jTf2mQAC',
'0012H00001jTb3qQAC',
'0012H00001jTb2xQAC',
'0012H00001jTb2xQAC',
'0012H00001jTWLzQAO',
'0012H00001jTRPrQAO',
'0012H00001jTRICQA4',
'0012H00001jTRE0QAO',
'0012H00001jTRE0QAO',
'0012H00001jTOeeQAG',
'0012H00001jTOLwQAO',
'0012H00001jTMXHQA4',
'0012H00001jTKqlQAG',
'0012H00001jTGU1QAO',
'0012H00001jTGU1QAO',
'0012H00001jTGBTQA4',
'0012H00001jTFwOQAW',
'0012H00001jTFUKQA4',
'0012H00001jTFUKQA4',
'0012H00001jTFUKQA4',
'0012H00001jTBD0QAO',
'0012H00001jTAdWQAW',
'0012H00001jTAAjQAO',
'0012H00001jT85cQAC',
'0012H00001jT7r6QAC',
'0012H00001jT4HjQAK',
'0012H00001jT34UQAS',
'0012H00001jSzTuQAK',
'0012H00001jSuzgQAC',
'0012H00001jSuydQAC',
'0012H00001jSuydQAC',
'0012H00001jSuiuQAC',
'0012H00001jSn4OQAS',
'0012H00001jSmONQA0',
'0012H00001jSlk3QAC',
'0012H00001jSjdSQAS',
'0012H00001jSauqQAC',
'0012H00001jSauqQAC',
'0012H00001jSa75QAC',
'0012H00001jSWz1QAG',
'0012H00001jSWz1QAG',
'0012H00001jSWaaQAG',
'0012H00001jSWR9QAO',
'0012H00001jSWIqQAO',
'0012H00001jSVw6QAG',
'0012H00001jSVw6QAG',
'0012H00001jSRufQAG',
'0012H00001jSRufQAG',
'0012H00001jSNmGQAW',
'0012H00001jSNmGQAW',
'0012H00001jSMyzQAG',
'0012H00001jSMyzQAG',
'0012H00001jSKGRQA4',
'0012H00001jSHb2QAG',
'0012H00001jSHYDQA4',
'0012H00001jSGmyQAG',
'0012H00001jSGmyQAG',
'0012H00001jKAeyQAG',
'0012H00001jKAamQAG',
'0012H00001jKAaDQAW',
'0012H00001jKAaDQAW',
'0012H00001jKAXxQAO',
'0012H00001jKAVcQAO',
'0012H00001jKAVcQAO',
'0012H00001jK9nXQAS',
'0012H00001jK9SeQAK',
'0012H00001jK9MWQA0',
'0012H00001jK9MWQA0',
'0012H00001jK9KfQAK',
'0012H00001jK7uuQAC',
'0012H00001jK7uuQAC',
'0012H00001jK7rvQAC',
'0012H00001jK7rvQAC',
'0012H00001jK7q4QAC',
'0012H00001jK7pGQAS',
'0012H00001jK7pGQAS',
'0012H00001jK7NbQAK',
'0012H00001jK6uFQAS',
'0012H00001jK6uFQAS',
'0012H00001jK6sTQAS',
'0012H00001jK6sTQAS',
'0012H00001jK6ZvQAK',
'0012H00001jK69TQAS',
'0012H00001jK69TQAS',
'0012H00001jK5x3QAC',
'0012H00001jK5Z6QAK',
'0012H00001jK5H7QAK',
'0012H00001jK5H7QAK',
'0012H00001jK4cbQAC',
'0012H00001jK4cbQAC',
'0012H00001jK4G1QAK',
'0012H00001jK3aUQAS',
'0012H00001jK3aUQAS',
'0012H00001jK352QAC',
'0012H00001jK352QAC',
'0012H00001jK2taQAC',
'0012H00001jK2taQAC',
'0012H00001ifRCfQAM',
'0012H00001ifQszQAE',
'0012H00001ifQRoQAM',
'0012H00001ifQRoQAM',
'0012H00001ifNy8QAE',
'0012H00001ifNy8QAE',
'0012H00001ifN2rQAE',
'0012H00001ifN2rQAE',
'0012H00001ifMxDQAU',
'0012H00001ifJYWQA2',
'0012H00001ifJYHQA2',
'0012H00001ifJSFQA2',
'0012H00001ifIeyQAE',
'0012H00001ifGbWQAU',
'0012H00001ifGbWQAU',
'0012H00001ifGbWQAU',
'0012H00001ifGbWQAU',
'0012H00001ifG2VQAU',
'0012H00001ifFf1QAE',
'0012H00001ifEWmQAM',
'0012H00001ifEWmQAM',
'0012H00001ifE6LQAU',
'0012H00001ifE6LQAU',
'0012H00001ifE23QAE',
'0012H00001ifE23QAE',
'0012H00001ifDxXQAU',
'0012H00001ifDxXQAU',
'0012H00001ifDe0QAE',
'0012H00001ifDAZQA2',
'0012H00001ifD6wQAE',
'0012H00001ifCjdQAE',
'0012H00001ifCjdQAE',
'0012H00001ifCjdQAE',
'0012H00001ifCY1QAM',
'0012H00001ifBSbQAM',
'0012H00001ifBFmQAM',
'0012H00001ifBFmQAM',
'0012H00001ifBFmQAM',
'0012H00001ifBFDQA2',
'0012H00001ifBDgQAM',
'0012H00001ifAz5QAE',
'0012H00001ifAoWQAU',
'0012H00001ifAbrQAE',
'0012H00001ifAbrQAE',
'0012H00001ifA6UQAU',
'0012H00001ifA6UQAU',
'0012H00001if9vCQAQ',
'0012H00001if9s3QAA',
'0012H00001if9s3QAA',
'0012H00001if9s3QAA',
'0012H00001if9s3QAA',
'0012H00001if9gRQAQ',
'0012H00001if9gRQAQ',
'0012H00001if9YwQAI',
'0012H00001if9YwQAI',
'0012H00001if9TYQAY',
'0012H00001if8R3QAI',
'0012H00001if8R3QAI',
'0012H00001if8R3QAI',
'0012H00001if8R3QAI',
'0012H00001if8M3QAI',
'0012H00001if8M3QAI',
'0012H00001if7fzQAA',
'0012H00001if792QAA',
'0012H00001if75jQAA',
'0012H00001if6e4QAA',
'0012H00001if6c3QAA',
'0012H00001if5qDQAQ',
'0012H00001if5ERQAY',
'0012H00001if4EBQAY',
'0012H00001if4EBQAY',
'0012H00001if3uGQAQ',
'0012H00001if3WiQAI',
'0012H00001if3LaQAI',
'0012H00001if3LaQAI',
'0012H00001if3BuQAI',
'0012H00001if2xsQAA',
'0012H00001if2xsQAA',
'0012H00001if0MBQAY',
'0012H00001if0MBQAY',
'0012H00001if0IxQAI',
'0012H00001if0IxQAI',
'0012H00001if0BmQAI',
'0012H00001if0BmQAI',
'0012H00001iez5JQAQ',
'0012H00001iez5JQAQ',
'0012H00001ieyPqQAI',
'0012H00001ieyPqQAI',
'0012H00001ieyKGQAY',
'0012H00001ieyKGQAY',
'0012H00001ieyGnQAI',
'0012H00001iexzhQAA',
'0012H00001iexzhQAA',
'0012H00001iexqfQAA',
'0012H00001iewlKQAQ',
'0012H00001iewXhQAI',
'0012H00001iew5sQAA',
'0012H00001iew5sQAA',
'0012H00001ievpBQAQ',
'0012H00001ievpBQAQ',
'0012H00001ieugSQAQ',
'0012H00001ietF6QAI',
'0012H00001ietF6QAI',
'0012H00001iesx7QAA',
'0012H00001iesx7QAA',
'0012H00001ierkqQAA',
'0012H00001ierkqQAA',
'0012H00001ier8cQAA',
'0012H00001ier8cQAA',
'0012H00001ieqyVQAQ',
'0012H00001ieqrVQAQ',
'0012H00001ieqpTQAQ',
'0012H00001ieqpTQAQ',
'0012H00001ieqp4QAA',
'0012H00001ieqp4QAA',
'0012H00001ieq2bQAA',
'0012H00001iepSgQAI',
'0012H00001ienAiQAI',
'0012H00001ienAiQAI',
'0012H00001ieluFQAQ',
'0012H00001ieluFQAQ',
'0012H00001ielcpQAA',
'0012H00001ielcpQAA',
'0012H00001ielcpQAA',
'0012H00001iel0qQAA',
'0012H00001iekp0QAA',
'0012H00001iekglQAA',
'0012H00001iekglQAA',
'0012H00001iekSyQAI',
'0012H00001iekIaQAI',
'0012H00001ieit4QAA',
'0012H00001ieit4QAA',
'0012H00001ieiXIQAY',
'0012H00001ieiXIQAY',
'0012H00001iei7LQAQ',
'0012H00001iei7LQAQ',
'0012H00001iehbnQAA',
'0012H00001iehazQAA',
'0012H00001iehazQAA',
'0012H00001ieg7DQAQ',
'0012H00001iedUTQAY',
'0012H00001iebIkQAI',
'0012H00001iebIkQAI',
'0012H00001ieUveQAE',
'0012H00001ieR1SQAU',
'0012H00001ieR1SQAU',
'0012H00001ieQpqQAE',
'0012H00001ieQpqQAE',
'0012H00001ieQiHQAU',
'0012H00001ieQU0QAM',
'0012H00001ieQU0QAM',
'0012H00001ieQFjQAM',
'0012H00001ieQ0AQAU',
'0012H00001ieQ0AQAU',
'0012H00001iePqZQAU',
'0012H00001iePq5QAE',
'0012H00001iePHtQAM',
'0012H00001ieKqtQAE',
'0012H00001ieIRIQA2',
'0012H00001ieIRIQA2',
'0012H00001ieIChQAM',
'0012H00001ieIA2QAM',
'0012H00001ieIA2QAM',
'0012H00001ieH5kQAE',
'0012H00001ieELkQAM',
'0012H00001ieDPqQAM',
'0012H00001ieDJTQA2',
'0012H00001ieDJTQA2',
'0012H00001ie9VfQAI',
'0012H00001ie7lbQAA',
'0012H00001ie5sLQAQ',
'0012H00001ie5nBQAQ',
'0012H00001ie5ljQAA',
'0012H00001ie5INQAY',
'0012H00001ie5INQAY',
'0012H00001ie2IOQAY',
'0012H00001idzylQAA',
'0012H00001idzZpQAI',
'0012H00001idzZpQAI',
'0012H00001idzXPQAY',
'0012H00001idzIjQAI',
'0012H00001idxVvQAI',
'0012H00001idvztQAA',
'0012H00001idvztQAA',
'0012H00001idvx4QAA',
'0012H00001idvx4QAA',
'0012H00001idvlOQAQ',
'0012H00001idvlOQAQ',
'0012H00001idveNQAQ',
'0012H00001idveNQAQ',
'0012H00001idvUnQAI',
'0012H00001idvUnQAI',
'0012H00001idvKYQAY',
'0012H00001idrRQQAY',
'0012H00001i25QCQAY',
'0012H00001i224hQAA',
'0012H00001i1ySiQAI',
'0012H00001i1ySiQAI',
'0012H00001i1ySJQAY',
'0012H00001i1ySJQAY',
'0012H00001i1yS9QAI',
'0012H00001i1xWoQAI',
'0012H00001i1ss7QAA',
'0012H00001i1ss7QAA',
'0012H00001i1skmQAA',
'0012H00001i1sgVQAQ',
'0012H00001i1sPeQAI',
'0012H00001i1sPeQAI',
'0012H00001i1n8JQAQ',
'0012H00001i1m2HQAQ',
'0012H00001i1lw4QAA',
'0012H00001i1lw4QAA',
'0012H00001i1hRXQAY',
'0012H00001i1hRXQAY',
'0012H00001i1hFwQAI',
'0012H00001i1hFwQAI',
'0012H00001i1gX3QAI',
'0012H00001i1gX3QAI',
'0012H00001i1gRjQAI',
'0012H00001i1gRjQAI',
'0012H00001i1gRjQAI',
'0012H00001i1gRjQAI',
'0012H00001i1gRjQAI',
'0012H00001i1g12QAA',
'0012H00001i1g12QAA',
'0012H00001i1fs6QAA',
'0012H00001i1ecgQAA',
'0012H00001i1ecgQAA',
'0012H00001i1eTtQAI',
'0012H00001i1eTtQAI',
'0012H00001i1eTtQAI',
'0012H00001i1eF8QAI',
'0012H00001i1dPHQAY',
'0012H00001i1cbgQAA',
'0012H00001i1cbgQAA',
'0012H00001i1a7oQAA',
'0012H00001i1a7oQAA',
'0012H00001i1a3mQAA',
'0012H00001i1a3mQAA',
'0012H00001i1ZtwQAE',
'0012H00001i1ZtwQAE',
'0012H00001i1YNBQA2',
'0012H00001i1YNBQA2',
'0012H00001i1YFqQAM',
'0012H00001i1YFqQAM',
'0012H00001i1WZEQA2',
'0012H00001i1WXmQAM',
'0012H00001i1WXmQAM',
'0012H00001i1WEuQAM',
'0012H00001i1WEuQAM',
'0012H00001i1WEuQAM',
'0012H00001i1QGeQAM',
'0012H00001i1N0LQAU',
'0012H00001i1LnxQAE',
'0012H00001i1LgNQAU',
'0012H00001i1LgNQAU',
'0012H00001i1Ld4QAE',
'0012H00001i1I0OQAU',
'0012H00001i1GhdQAE',
'0012H00001i1GNdQAM',
'0012H00001i1GAPQA2',
'0012H00001i1GAPQA2',
'0012H00001i1B0zQAE',
'0012H00001i1AqaQAE',
'0012H00001i1AqaQAE',
'0012H00001i19JlQAI',
'0012H00001i18uaQAA',
'0012H00001i18NnQAI',
'0012H00001i1871QAA',
'0012H00001i16KSQAY',
'0012H00001i16KSQAY',
'0012H00001i15UwQAI',
'0012H00001i10nQQAQ',
'0012H00001i10nQQAQ',
'0012H00001i0xFMQAY',
'0012H00001i0xFMQAY',
'0012H00001i0wMyQAI',
'0012H00001i0vxyQAA',
'0012H00001i0vxyQAA',
'0012H00001i0vUNQAY',
'0012H00001i0tMOQAY',
'0012H00001i0tMOQAY',
'0012H00001i0sueQAA',
'0012H00001i0sueQAA',
'0012H00001i0soMQAQ',
'0012H00001i0soMQAQ',
'0012H00001i0s2SQAQ',
'0012H00001i0s2SQAQ',
'0012H00001i0rxNQAQ',
'0012H00001i0r7qQAA',
'0012H00001i0r7qQAA',
'0012H00001i0oY9QAI',
'0012H00001i0oY9QAI',
'0012H00001i0oY9QAI',
'0012H00001i0oE8QAI',
'0012H00001i0o9NQAQ',
'0012H00001i0o9NQAQ',
'0012H00001i0o1dQAA',
'0012H00001i0o1dQAA',
'0012H00001i0mhcQAA',
'0012H00001i0gOsQAI',
'0012H00001i0cuDQAQ',
'0012H00001i0Yb5QAE',
'0012H00001i0YWeQAM',
'0012H00001i0YWeQAM',
'0012H00001i0UaQQAU',
'0012H00001i0QjJQAU',
'0012H00001i0QImQAM',
'0012H00001i0PkBQAU',
'0012H00001i0PemQAE',
'0012H00001i0PemQAE',
'0012H00001i0MTKQA2',
'0012H00001i0MBGQA2',
'0012H00001i0LIfQAM',
'0012H00001i0FnSQAU',
'0012H00001i0EKtQAM',
'0012H00001i0EKtQAM',
'0012H00001i0DqeQAE',
'0012H00001i0BblQAE',
'0012H00001i08uyQAA',
'0012H00001i07CLQAY',
'0012H00001i06qUQAQ',
'0012H00001i04S9QAI',
'0012H00001i01bSQAQ',
'0012H00001i00wAQAQ',
'0012H00001i00p4QAA',
'0012H00001hzzSTQAY',
'0012H00001hzzSTQAY',
'0012H00001hzzOvQAI',
'0012H00001hzzOvQAI',
'0012H00001hzwd7QAA',
'0012H00001hzvY9QAI',
'0012H00001hzq9UQAQ',
'0012H00001hzq9UQAQ',
'0012H00001hznaYQAQ',
'0012H00001hznDOQAY',
'0012H00001hzn5UQAQ',
'0012H00001hzmgKQAQ',
'0012H00001hzmEaQAI',
'0012H00001hzmEaQAI',
'0012H00001hzm6vQAA',
'0012H00001hzm5xQAA',
'0012H00001hzltrQAA',
'0012H00001hzlLaQAI',
'0012H00001hzhqjQAA',
'0012H00001hzhlPQAQ',
'0012H00001hzggOQAQ',
'0012H00001hpV0RQAU',
'0012H00001hpV0RQAU',
'0012H00001hpUuiQAE',
'0012H00001hpROKQA2',
'0012H00001hpRFhQAM',
'0012H00001hpRFhQAM',
'0012H00001hpRFSQA2',
'0012H00001hpRFSQA2',
'0012H00001hpQr6QAE',
'0012H00001hpQiTQAU',
'0012H00001hpQeMQAU',
'0012H00001hpQZvQAM',
'0012H00001hpQZvQAM',
'0012H00001hpQOsQAM',
'0012H00001hpQOsQAM',
'0012H00001hpOAoQAM',
'0012H00001hpLpPQAU',
'0012H00001hpL6ZQAU',
'0012H00001hpL6ZQAU',
'0012H00001hpFNZQA2',
'0012H00001hpFNZQA2',
'0012H00001hpElQQAU',
'0012H00001hpElBQAU',
'0012H00001hpElBQAU',
'0012H00001hpE3EQAU',
'0012H00001hpE3EQAU',
'0012H00001hpCjxQAE',
'0012H00001hpAv7QAE',
'0012H00001hp9x7QAA',
'0012H00001hp9x7QAA',
'0012H00001hp6vXQAQ',
'0012H00001hp6q8QAA',
'0012H00001hp6q8QAA',
'0012H00001hp3F4QAI',
'0012H00001hp3F4QAI',
'0012H00001hp39aQAA',
'0012H00001hp37FQAQ',
'0012H00001hp37FQAQ',
'0012H00001hp31CQAQ',
'0012H00001hp1utQAA',
'0012H00001hp1utQAA',
'0012H00001howVZQAY',
'0012H00001hottxQAA',
'0012H00001hotAmQAI',
'0012H00001hosxiQAA',
'0012H00001host2QAA',
'0012H00001hosXpQAI',
'0012H00001hosA7QAI',
'0012H00001hosA7QAI',
'0012H00001hoqJ7QAI',
'0012H00001hopr3QAA',
'0012H00001hokTQQAY',
'0012H00001hoiJTQAY',
'0012H00001hoaG3QAI',
'0012H00001hoZIMQA2',
'0012H00001hoZCdQAM',
'0012H00001hoXRqQAM',
'0012H00001hoX2CQAU',
'0012H00001hoX2CQAU',
'0012H00001hoUJ0QAM',
'0012H00001hoUJ0QAM',
'0012H00001hoUFcQAM',
'0012H00001hoUDlQAM',
'0012H00001hoUA8QAM',
'0012H00001hoTsnQAE',
'0012H00001hoTsnQAE',
'0012H00001hoTZWQA2',
'0012H00001hoTZWQA2',
'0012H00001hoNzRQAU',
'0012H00001hoNHUQA2',
'0012H00001hoK2qQAE',
'0012H00001hoJp3QAE',
'0012H00001hoJl1QAE',
'0012H00001hoJl1QAE',
'0012H00001hoIuqQAE',
'0012H00001hoIeJQAU',
'0012H00001hoHqsQAE',
'0012H00001hoGr1QAE',
'0012H00001hoFl1QAE',
'0012H00001hoFl1QAE',
'0012H00001hoAAWQA2',
'0012H00001ho9taQAA',
'0012H00001ho7OaQAI',
'0012H00001ho7OaQAI',
'0012H00001ho5reQAA',
'0012H00001ho5reQAA',
'0012H00001ho5ncQAA',
'0012H00001ho2dyQAA',
'0012H00001ho2dyQAA',
'0012H00001ho2EPQAY',
'0012H00001ho064QAA',
'0012H00001hnzejQAA',
'0012H00001hnzejQAA',
'0012H00001hnzejQAA',
'0012H00001hnzVIQAY',
'0012H00001hnzEMQAY',
'0012H00001hnykXQAQ',
'0012H00001hnwuoQAA',
'0012H00001hnvrjQAA',
'0012H00001hnuhIQAQ',
'0012H00001hnuhIQAQ',
'0012H00001hnuaqQAA',
'0012H00001hnuYGQAY',
'0012H00001hnuBRQAY',
'0012H00001hnrL9QAI',
'0012H00001hnqr4QAA',
'0012H00001hnplPQAQ',
'0012H00001hnplPQAQ',
'0012H00001hnmoLQAQ',
'0012H00001hnmoLQAQ',
'0012H00001hnmSaQAI',
'0012H00001hnh1sQAA',
'0012H00001hnh1YQAQ',
'0012H00001hnh1YQAQ',
'0012H00001hngsWQAQ',
'0012H00001hnei0QAA',
'0012H00001hndDdQAI',
'0012H00001hnd76QAA',
'0012H00001hnd76QAA',
'0012H00001hnd63QAA',
'0012H00001hnd63QAA',
'0012H00001hnd39QAA',
'0012H00001hnd39QAA',
'0012H00001hnbDGQAY',
'0012H00001hnYHqQAM',
'0012H00001hnXAZQA2',
'0012H00001hnXAZQA2',
'0012H00001hnWv5QAE',
'0012H00001hnWqGQAU',
'0012H00001hnURwQAM',
'0012H00001hnTaJQAU',
'0012H00001hnTaJQAU',
'0012H00001hnSRaQAM',
'0012H00001hnSRaQAM',
'0012H00001hnSRaQAM',
'0012H00001hnRltQAE',
'0012H00001hnOOXQA2',
'0012H00001hnOOXQA2',
'0012H00001hnOODQA2',
'0012H00001hnIvQQAU',
'0012H00001hnI55QAE',
'0012H00001hnFd9QAE',
'0012H00001hnFDuQAM',
'0012H00001hnFDuQAM',
'0012H00001hnDzcQAE',
'0012H00001hnBaQQAU',
'0012H00001hn7XNQAY',
'0012H00001hn7SwQAI',
'0012H00001hn6j8QAA',
'0012H00001hn6j8QAA',
'0012H00001hn6dPQAQ',
'0012H00001hn6dPQAQ',
'0012H00001hn6KSQAY',
'0012H00001hn6KSQAY',
'0012H00001hn66pQAA',
'0012H00001hn66pQAA',
'0012H00001hn3DxQAI',
'0012H00001hn0CIQAY',
'0012H00001hmzh0QAA',
'0012H00001hmzh0QAA',
'0012H00001hmyoUQAQ',
'0012H00001hmyhxQAA',
'0012H00001hmyhxQAA',
'0012H00001hmwArQAI',
'0012H00001hmvsJQAQ',
'0012H00001hmvGZQAY',
'0012H00001hmuhZQAQ',
'0012H00001hmuThQAI',
'0012H00001hmr1QQAQ',
'0012H00001hmr1QQAQ',
'0012H00001hmqkyQAA',
'0012H00001hmqkyQAA',
'0012H00001hmqkKQAQ',
'0012H00001hmqkKQAQ',
'0012H00001hmoivQAA',
'0012H00001hmodvQAA',
'0012H00001hmhC4QAI',
'0012H00001hmhC4QAI',
'0012H00001hmgyvQAA',
'0012H00001hmgyvQAA',
'0012H00001hmguZQAQ',
'0012H00001hmggwQAA',
'0012H00001hmbTJQAY',
'0012H00001hmbTJQAY',
'0012H00001hmb8pQAA',
'0012H00001hmZlpQAE',
'0012H00001hmZl6QAE',
'0012H00001hmZiXQAU',
'0012H00001hmZiXQAU',
'0012H00001hmXUrQAM',
'0012H00001hmXSgQAM',
'0012H00001hmXSgQAM',
'0012H00001hmXR9QAM',
'0012H00001hmXR9QAM',
'0012H00001hmXE0QAM',
'0012H00001hmWPgQAM',
'0012H00001hmWPgQAM',
'0012H00001hmVLEQA2',
'0012H00001hmUfwQAE',
'0012H00001hmQv2QAE',
'0012H00001hmQOXQA2',
'0012H00001hmQOXQA2',
'0012H00001hmNxUQAU',
'0012H00001hmNpLQAU',
'0012H00001hmNNCQA2',
'0012H00001hmNNCQA2',
'0012H00001hmJQnQAM',
'0012H00001hmIt5QAE',
'0012H00001hmIt5QAE',
'0012H00001hmIrsQAE',
'0012H00001hmIUKQA2',
'0012H00001hmHJ1QAM',
'0012H00001hmHJ1QAM',
'0012H00001hmCX3QAM',
'0012H00001hmCAJQA2',
'0012H00001hmBvdQAE',
'0012H00001hmBukQAE',
'0012H00001hmBukQAE',
'0012H00001hmBgdQAE',
'0012H00001hmB9tQAE',
'0012H00001hmB9tQAE',
'0012H00001hm7pvQAA',
'0012H00001hm7pvQAA',
'0012H00001hm7duQAA',
'0012H00001hm7NmQAI',
'0012H00001hm7NmQAI',
'0012H00001hm77AQAQ',
'0012H00001hm77AQAQ',
'0012H00001hm6sfQAA',
'0012H00001hm6sfQAA',
'0012H00001hm6L6QAI',
'0012H00001hm6L6QAI',
'0012H00001hm2SRQAY',
'0012H00001hm2OtQAI',
'0012H00001hm2FSQAY',
'0012H00001hm26aQAA',
'0012H00001hm26aQAA',
'0012H00001hm1OxQAI',
'0012H00001hm1OEQAY',
'0012H00001hlxREQAY',
'0012H00001hlwwfQAA',
'0012H00001hlwwaQAA',
'0012H00001hlwwaQAA',
'0012H00001hlvzJQAQ',
'0012H00001hlvqNQAQ',
'0012H00001hlvqNQAQ',
'0012H00001hlscFQAQ',
'0012H00001hlscFQAQ',
'0012H00001hlsNFQAY',
'0012H00001hlsNFQAY',
'0012H00001hljIGQAY',
'0012H00001hljIGQAY',
'0012H00001hliLXQAY',
'0012H00001hliLXQAY',
'0012H00001hlhIJQAY',
'0012H00001hlgX8QAI',
'0012H00001hlgX8QAI',
'0012H00001hlgR0QAI',
'0012H00001hlgNSQAY',
'0012H00001hlgDcQAI',
'0012H00001hlg7ZQAQ',
'0012H00001hlez7QAA',
'0012H00001hlez7QAA',
'0012H00001hlceCQAQ',
'0012H00001hlceCQAQ',
'0012H00001hlcWDQAY',
'0012H00001hlcGeQAI',
'0012H00001hlcGeQAI',
'0012H00001hlc3GQAQ',
'0012H00001hlc3GQAQ',
'0012H00001hlYzqQAE',
'0012H00001hlXrCQAU',
'0012H00001hlXrCQAU',
'0012H00001hlXZDQA2',
'0012H00001hlXQRQA2',
'0012H00001hlXQRQA2',
'0012H00001hlXNgQAM',
'0012H00001hlXD3QAM',
'0012H00001hlRlWQAU',
'0012H00001hlRlWQAU',
'0012H00001hlQp3QAE',
'0012H00001hlOzpQAE',
'0012H00001hlMe6QAE',
'0012H00001hlMe6QAE',
'0012H00001hlMa4QAE',
'0012H00001hlMSKQA2',
'0012H00001hlMSKQA2',
'0012H00001hlMNeQAM',
'0012H00001hlLlaQAE',
'0012H00001hlLlaQAE',
'0012H00001hlLfDQAU',
'0012H00001hlLfDQAU',
'0012H00001h9X7QQAU',
'0012H00001h9X7QQAU',
'0012H00001h9X5eQAE',
'0012H00001h9VuGQAU',
'0012H00001h9UwGQAU',
'0012H00001h9S6hQAE',
'0012H00001h9S4lQAE',
'0012H00001h9S4lQAE',
'0012H00001h9S3sQAE',
'0012H00001h9S1iQAE',
'0012H00001h9S1iQAE',
'0012H00001h9RagQAE',
'0012H00001h9QEKQA2',
'0012H00001h9QEKQA2',
'0012H00001h9NYkQAM',
'0012H00001h9NM0QAM',
'0012H00001h9MuQQAU',
'0012H00001h9MuQQAU',
'0012H00001h9MhgQAE',
'0012H00001h9MOtQAM',
'0012H00001h9MOtQAM',
'0012H00001h9M8WQAU',
'0012H00001h9Lt7QAE',
'0012H00001h9HuXQAU',
'0012H00001h9HuXQAU',
'0012H00001h9HPoQAM',
'0012H00001h98HnQAI',
'0012H00001h98HnQAI',
'0012H00001h94LcQAI',
'0012H00001h92vjQAA',
'0012H00001h92vjQAA',
'0012H00001h92VGQAY',
'0012H00001h8zTKQAY',
'0012H00001h8zKcQAI',
'0012H00001h8ycpQAA',
'0012H00001h8xo6QAA',
'0012H00001h8t9IQAQ',
'0012H00001h8t4DQAQ',
'0012H00001h8t4DQAQ',
'0012H00001h8soKQAQ',
'0012H00001h8sawQAA',
'0012H00001h8sawQAA',
'0012H00001h8sQIQAY',
'0012H00001h8sQIQAY',
'0012H00001h8rkCQAQ',
'0012H00001h8rSbQAI',
'0012H00001h8rSbQAI',
'0012H00001h8mlxQAA',
'0012H00001h8mGBQAY',
'0012H00001h8k5LQAQ',
'0012H00001h8k5LQAQ',
'0012H00001h8jiWQAQ',
'0012H00001h8jiWQAQ',
'0012H00001h8jPUQAY',
'0012H00001h8jPUQAY',
'0012H00001h8eXnQAI',
'0012H00001h8eVrQAI',
'0012H00001h8e0AQAQ',
'0012H00001h8ZhJQAU',
'0012H00001h8ZB4QAM',
'0012H00001h8Z8nQAE',
'0012H00001h8YZnQAM',
'0012H00001h8V72QAE',
'0012H00001h8UymQAE',
'0012H00001h8UymQAE',
'0012H00001h8TvrQAE',
'0012H00001h8QMaQAM',
'0012H00001h8Q1hQAE',
'0012H00001h8Q1hQAE',
'0012H00001h8PtOQAU',
'0012H00001h8PcNQAU',
'0012H00001h8PXdQAM',
'0012H00001h8PG7QAM',
'0012H00001h8PG7QAM',
'0012H00001h8NOnQAM',
'0012H00001h8LT2QAM',
'0012H00001h8JWJQA2',
'0012H00001h8HrAQAU',
'0012H00001h8FD8QAM',
'0012H00001h8FD8QAM',
'0012H00001h8EfVQAU',
'0012H00001h8EfVQAU',
'0012H00001h8EbxQAE',
'0012H00001h8EbxQAE',
'0012H00001h8ESvQAM',
'0012H00001h8EQ1QAM',
'0012H00001h8EKrQAM',
'0012H00001h8DXyQAM',
'0012H00001h8B1EQAU',
'0012H00001h8Ae5QAE',
'0012H00001h8ALmQAM',
'0012H00001h89cSQAQ',
'0012H00001h89cSQAQ',
'0012H00001h85QlQAI',
'0012H00001h85HPQAY',
'0012H00001h85EQQAY',
'0012H00001h851MQAQ',
'0012H00001h851MQAQ',
'0012H00001h84FDQAY',
'0012H00001h81CVQAY',
'0012H00001gx9OYQAY',
'0012H00001gx8eoQAA',
'0012H00001gx8RGQAY',
'0012H00001gx8RGQAY',
'0012H00001gx5kwQAA',
'0012H00001gx35RQAQ',
'0012H00001gx35RQAQ',
'0012H00001gx2EhQAI',
'0012H00001gwzm7QAA',
'0012H00001gwzh8QAA',
'0012H00001gwzSqQAI',
'0012H00001gwzSqQAI',
'0012H00001gwpndQAA',
'0012H00001gwpmzQAA',
'0012H00001gwpl3QAA',
'0012H00001gwpiTQAQ',
'0012H00001gwpVZQAY',
'0012H00001gwj3UQAQ',
'0012H00001gwj3UQAQ',
'0012H00001gwj2WQAQ',
'0012H00001gwiyKQAQ',
'0012H00001gwiyKQAQ',
'0012H00001gwiwnQAA',
'0012H00001gwiY7QAI',
'0012H00001gwgYyQAI',
'0012H00001gwgYyQAI',
'0012H00001gwgAdQAI',
'0012H00001gwgAdQAI',
'0012H00001gwdxHQAQ',
'0012H00001gwc7yQAA',
'0012H00001gwXgrQAE',
'0012H00001gwWwZQAU',
'0012H00001gwWwZQAU',
'0012H00001gwTcqQAE',
'0012H00001gwTYFQA2',
'0012H00001gwTOoQAM',
'0012H00001gwTOoQAM',
'0012H00001gwTEAQA2',
'0012H00001gwTEAQA2',
'0012H00001gwSa5QAE',
'0012H00001gwSa5QAE',
'0012H00001gwRofQAE',
'0012H00001gwRofQAE',
'0012H00001gwRMWQA2',
'0012H00001gwPM0QAM',
'0012H00001gwPM0QAM',
'0012H00001gwNw1QAE',
'0012H00001gwNkLQAU',
'0012H00001gwNkLQAU',
'0012H00001gwIF2QAM',
'0012H00001gwIF2QAM',
'0012H00001gwDvXQAU',
'0012H00001gwDv8QAE',
'0012H00001gwDQZQA2',
'0012H00001gwDQZQA2',
'0012H00001gwCh0QAE',
'0012H00001gwBUPQA2',
'0012H00001gw8lDQAQ',
'0012H00001gw8lDQAQ',
'0012H00001gw8YEQAY',
'0012H00001gw8YEQAY',
'0012H00001gw8KqQAI',
'0012H00001gw87IQAQ',
'0012H00001gw87IQAQ',
'0012H00001gw6hYQAQ',
'0012H00001gw6hYQAQ',
'0012H00001gw6YRQAY',
'0012H00001gw4oqQAA',
'0012H00001gw4oqQAA',
'0012H00001gw3CKQAY',
'0012H00001gw3CKQAY',
'0012H00001gw35OQAQ',
'0012H00001gw35OQAQ',
'0012H00001gw2cLQAQ',
'0012H00001gw1uiQAA',
'0012H00001gvxKhQAI',
'0012H00001gvx2OQAQ',
'0012H00001gvx2OQAQ',
'0012H00001gvwmVQAQ',
'0012H00001gvvzSQAQ',
'0012H00001gvu03QAA',
'0012H00001gvrVWQAY',
'0012H00001gvrMAQAY',
'0012H00001gvp1UQAQ',
'0012H00001gvoYXQAY',
'0012H00001gvoYXQAY',
'0012H00001gvo85QAA',
'0012H00001gvo85QAA',
'0012H00001gvng1QAA',
'0012H00001gvn9MQAQ',
'0012H00001gvkjHQAQ',
'0012H00001gvkjHQAQ',
'0012H00001gvjlCQAQ',
'0012H00001gvieUQAQ',
'0012H00001gvieUQAQ',
'0012H00001gvetAQAQ',
'0012H00001gven2QAA',
'0012H00001gven2QAA',
'0012H00001gveWGQAY',
'0012H00001gveWGQAY',
'0012H00001gve9lQAA',
'0012H00001gve9lQAA',
'0012H00001gve7uQAA',
'0012H00001gve7uQAA',
'0012H00001gvaclQAA',
'0012H00001gvaclQAA',
'0012H00001gvZWwQAM',
'0012H00001gvZLUQA2',
'0012H00001gvZLUQA2',
'0012H00001gvY3oQAE',
'0012H00001gvURIQA2',
'0012H00001gvQnNQAU',
'0012H00001gvOKlQAM',
'0012H00001gvOKlQAM',
'0012H00001gvOCXQA2',
'0012H00001gvOCXQA2',
'0012H00001gvLSbQAM',
'0012H00001gvJUIQA2',
'0012H00001gvJUIQA2',
'0012H00001gvEmWQAU',
'0012H00001gvEmWQAU',
'0012H00001gvECDQA2',
'0012H00001gvDoVQAU',
'0012H00001gvDoVQAU',
'0012H00001gvDfJQAU',
'0012H00001gvDfJQAU',
'0012H00001gvDdXQAU',
'0012H00001gv9FoQAI',
'0012H00001gv9FoQAI',
'0012H00001gv95KQAQ',
'0012H00001gv8qjQAA',
'0012H00001gv8p7QAA',
'0012H00001gv8dpQAA',
'0012H00001gv8dpQAA',
'0012H00001gv3zbQAA',
'0012H00001gv3zbQAA',
'0012H00001gv3UJQAY',
'0012H00001guxRwQAI',
'0012H00001guxHzQAI',
'0012H00001guxE8QAI',
'0012H00001guxDyQAI',
'0012H00001guxAfQAI',
'0012H00001guxAQQAY',
'0012H00001guxAQQAY',
'0012H00001gux8UQAQ',
'0012H00001gux8UQAQ',
'0012H00001guwKaQAI',
'0012H00001guwKaQAI',
'0012H00001gutOdQAI',
'0012H00001gutHDQAY',
'0012H00001gut0MQAQ',
'0012H00001gusjGQAQ',
'0012H00001gusjGQAQ',
'0012H00001gumOHQAY',
'0012H00001gumOHQAY',
'0012H00001gujmVQAQ',
'0012H00001gug4VQAQ',
'0012H00001gufthQAA',
'0012H00001gufthQAA',
'0012H00001gufRdQAI',
'0012H00001gufRdQAI',
'0012H00001gueZnQAI',
'0012H00001gueYzQAI',
'0012H00001gueYzQAI',
'0012H00001gudmHQAQ',
'0012H00001gudmHQAQ',
'0012H00001gudmHQAQ',
'0012H00001gub06QAA',
'0012H00001gub06QAA',
'0012H00001gualzQAA',
'0012H00001guaYlQAI',
'0012H00001guaYlQAI',
'0012H00001guNBoQAM',
'0012H00001guJTjQAM',
'0012H00001guJLpQAM',
'0012H00001guJCJQA2',
'0012H00001guIuZQAU',
'0012H00001guIVyQAM',
'0012H00001guIVyQAM',
'0012H00001guI3uQAE',
'0012H00001guI3uQAE',
'0012H00001guHrUQAU',
'0012H00001guE0zQAE',
'0012H00001guE0zQAE',
'0012H00001guDCKQA2',
'0012H00001guCxoQAE',
'0012H00001guCxoQAE',
'0012H00001gu97yQAA',
'0012H00001gu97yQAA',
'0012H00001gu92UQAQ',
'0012H00001gu92UQAQ',
'0012H00001gu90dQAA',
'0012H00001gu7DkQAI',
'0012H00001gu7DkQAI',
'0012H00001gu5FtQAI',
'0012H00001gu5FtQAI',
'0012H00001gu4qFQAQ',
'0012H00001gu4qFQAQ',
'0012H00001gu4e9QAA',
'0012H00001gu360QAA',
'0012H00001gtxahQAA',
'0012H00001gtxahQAA',
'0012H00001gtpwGQAQ',
'0012H00001gtpwGQAQ',
'0012H00001gtpvIQAQ',
'0012H00001gtpf5QAA',
'0012H00001gtlmlQAA',
'0012H00001gtl74QAA',
'0012H00001gtl74QAA',
'0012H00001gtjjpQAA',
'0012H00001gth44QAA',
'0012H00001gth44QAA',
'0012H00001gtgqlQAA',
'0012H00001gtgqlQAA',
'0012H00001gtgPVQAY',
'0012H00001gtgPVQAY',
'0012H00001gtfzqQAA',
'0012H00001gtfW0QAI',
'0012H00001gtYvHQAU',
'0012H00001gtYvHQAU',
'0012H00001gtYPbQAM',
'0012H00001gtYDFQA2',
'0012H00001gtTygQAE',
'0012H00001gtSenQAE',
'0012H00001gtSenQAE',
'0012H00001gtSUIQA2',
'0012H00001gtSUIQA2',
'0012H00001gtSToQAM',
'0012H00001gtQ8AQAU',
'0012H00001gtQ8AQAU',
'0012H00001gtPivQAE',
'0012H00001gtPYCQA2',
'0012H00001gtPOWQA2',
'0012H00001gtPOWQA2',
'0012H00001gtOrIQAU',
'0012H00001gtOhwQAE',
'0012H00001gtKfwQAE',
'0012H00001gtKfwQAE',
'0012H00001gtKd2QAE',
'0012H00001gtIWOQA2',
'0012H00001gtIEoQAM',
'0012H00001gtIEoQAM',
'0012H00001gtHbXQAU',
'0012H00001gtHbXQAU',
'0012H00001gtHHNQA2',
'0012H00001gtGHfQAM',
'0012H00001gtGFeQAM',
'0012H00001gtG1hQAE',
'0012H00001gtFb9QAE',
'0012H00001gtFb9QAE',
'0012H00001gtBkCQAU',
'0012H00001gtBkCQAU',
'0012H00001gtBfHQAU',
'0012H00001gtAuuQAE',
'0012H00001gt8A5QAI',
'0012H00001gt8A5QAI',
'0012H00001gt6lsQAA',
'0012H00001gt4G4QAI',
'0012H00001gt49pQAA',
'0012H00001gt49pQAA',
'0012H00001gt3tTQAQ',
'0012H00001gt3ocQAA',
'0012H00001gt3ocQAA',
'0012H00001gt3lxQAA',
'0012H00001gt3LLQAY',
'0012H00001gt3LLQAY',
'0012H00001gt35SQAQ',
'0012H00001gsz0dQAA',
'0012H00001gsz0dQAA',
'0012H00001gL98mQAC',
'0012H00001gL98mQAC',
'0012H00001gL38CQAS',
'0012H00001gKzv0QAC',
'0012H00001gKzkgQAC',
'0012H00001gKzkgQAC',
'0012H00001gKzTzQAK',
'0012H00001gKygdQAC',
'0012H00001gKxOJQA0',
'0012H00001gKtLyQAK',
'0012H00001gKsRqQAK',
'0012H00001gKsRqQAK',
'0012H00001gKqISQA0',
'0012H00001gKqISQA0',
'0012H00001gKoW9QAK',
'0012H00001gKoW9QAK',
'0012H00001gKkYiQAK',
'0012H00001gKkYiQAK',
'0012H00001gKkGjQAK',
'0012H00001gKkGjQAK',
'0012H00001gKgdsQAC',
'0012H00001gKgXpQAK',
'0012H00001gKgXpQAK',
'0012H00001gKgB0QAK',
'0012H00001gKgADQA0',
'0012H00001gKfwtQAC',
'0012H00001gKfNFQA0',
'0012H00001gKdt4QAC',
'0012H00001gKcFMQA0',
'0012H00001gKcFMQA0',
'0012H00001gKcCDQA0',
'0012H00001gKbzOQAS',
'0012H00001gKbu4QAC',
'0012H00001gKbu4QAC',
'0012H00001gKWVuQAO',
'0012H00001gKWSRQA4',
'0012H00001gKWBBQA4',
'0012H00001gKWANQA4',
'0012H00001gKWANQA4',
'0012H00001gKW9zQAG',
'0012H00001gKW9zQAG',
'0012H00001gKUCCQA4',
'0012H00001gKSZTQA4',
'0012H00001gKSZTQA4',
'0012H00001gKP4xQAG',
'0012H00001gKOj5QAG',
'0012H00001gKOiHQAW',
'0012H00001gKOiHQAW',
'0012H00001gKK5kQAG',
'0012H00001gKJquQAG',
'0012H00001gKJL3QAO',
'0012H00001gKHRYQA4',
'0012H00001gKEGwQAO',
'0012H00001gKDTuQAO',
'0012H00001gKDTuQAO',
'0012H00001gKBByQAO',
'0012H00001gKASeQAO',
'0012H00001gK77sQAC',
'0012H00001gK6tRQAS',
'0012H00001gK2V6QAK',
'0012H00001gK2V6QAK',
'0012H00001gK2TjQAK',
'0012H00001gK2TjQAK',
'0012H00001gK1fjQAC',
'0012H00001gK1fjQAC',
'0012H00001gK1ExQAK',
'0012H00001gK1ExQAK',
'0012H00001gJyB9QAK',
'0012H00001gJvUNQA0',
'0012H00001gJvUNQA0',
'0012H00001gJun4QAC',
'0012H00001gJuQeQAK',
'0012H00001gJu7mQAC',
'0012H00001gJstjQAC',
'0012H00001gJsPPQA0',
'0012H00001gJsPPQA0',
'0012H00001gJrAOQA0',
'0012H00001gJoNOQA0',
'0012H00001gJoNOQA0',
'0012H00001gJnXmQAK',
'0012H00001gJnNNQA0',
'0012H00001gJmT8QAK',
'0012H00001gJmT8QAK',
'0012H00001gJjTFQA0',
'0012H00001gJjGzQAK',
'0012H00001gJj2iQAC',
'0012H00001gJj2iQAC',
'0012H00001gJj0wQAC',
'0012H00001gJj0wQAC',
'0012H00001gJizAQAS',
'0012H00001gJizAQAS',
'0012H00001gJiTsQAK',
'0012H00001gJi0RQAS',
'0012H00001gJexqQAC',
'0012H00001gJeMBQA0',
'0012H00001gJdqFQAS',
'0012H00001gJYwmQAG',
'0012H00001gJYwmQAG',
'0012H00001gJYeAQAW',
'0012H00001gJWP2QAO',
'0012H00001gJT2jQAG',
'0012H00001gJT2FQAW',
'0012H00001gJSxoQAG',
'0012H00001gJOwNQAW',
'0012H00001gJOwNQAW',
'0012H00001gJOqzQAG',
'0012H00001gJOqzQAG',
'0012H00001gJOhNQAW',
'0012H00001gJKTBQA4',
'0012H00001gJK6MQAW',
'0012H00001gJFxiQAG',
'0012H00001gJFwVQAW',
'0012H00001gJF8pQAG',
'0012H00001gJF8pQAG',
'0012H00001gJEWHQA4',
'0012H00001gJEUGQA4',
'0012H00001gJAmBQAW',
'0012H00001gJAVoQAO',
'0012H00001gJ6KNQA0',
'0012H00001gJ6FDQA0',
'0012H00001gJ6FDQA0',
'0012H00001gJ4htQAC',
'0012H00001gJ03gQAC',
'0012H00001gIxdlQAC',
'0012H00001gIxcOQAS',
'0012H00001gIxUUQA0',
'0012H00001gIxUUQA0',
'0012H00001gIxFAQA0',
'0012H00001gIwulQAC',
'0012H00001gIwulQAC',
'0012H00001gIwaXQAS',
'0012H00001gIw0JQAS',
'0012H00001gIvrWQAS',
'0012H00001gIvDHQA0',
'0012H00001gIsaIQAS',
'0012H00001gIsaIQAS',
'0012H00001gIsK0QAK',
'0012H00001gIsK0QAK',
'0012H00001gIs9vQAC',
'0012H00001gIs9vQAC',
'0012H00001gIrMuQAK',
'0012H00001gIqxyQAC',
'0012H00001gIqeIQAS',
'0012H00001gInlpQAC',
'0012H00001gInPyQAK',
'0012H00001gInMaQAK',
'0012H00001gInMaQAK',
'0012H00001gIjzxQAC',
'0012H00001gIhWjQAK',
'0012H00001gIgrCQAS',
'0012H00001gIgrCQAS',
'0012H00001gIeWHQA0',
'0012H00001gIeC7QAK',
'0012H00001gIdOjQAK',
'0012H00001gIdOjQAK',
'0012H00001gIdHOQA0',
'0012H00001gIdHOQA0',
'0012H00001gId4yQAC',
'0012H00001gId4yQAC',
'0012H00001gIcm1QAC',
'0012H00001gIcm1QAC',
'0012H00001gIbadQAC',
'0012H00001gIbWCQA0',
'0012H00001gIZDDQA4',
'0012H00001gIYSqQAO',
'0012H00001gIYE5QAO',
'0012H00001gIY2OQAW',
'0012H00001gIY2OQAW',
'0012H00001gIXLoQAO',
'0012H00001gIWJrQAO',
'0012H00001gITArQAO',
'0012H00001gISk4QAG',
'0012H00001gISdcQAG',
'0012H00001gISdcQAG',
'0012H00001gISOhQAO',
'0012H00001gISOhQAO',
'0012H00001gIPL9QAO',
'0012H00001gILN1QAO',
'0012H00001gILN1QAO',
'0012H00001gIICFQA4',
'0012H00001gIICFQA4',
'0012H00001gIHgxQAG',
'0012H00001gIGKbQAO',
'0012H00001gIGBtQAO',
'0012H00001gIDEjQAO',
'0012H00001gID7sQAG',
'0012H00001gID79QAG',
'0012H00001gIC73QAG',
'0012H00001gI81kQAC',
'0012H00001gI81kQAC',
'0012H00001gI7z5QAC',
'0012H00001gI7tbQAC',
'0012H00001gI7tbQAC',
'0012H00001gI7fjQAC',
'0012H00001gI7fjQAC',
'0012H00001gI6niQAC',
'0012H00001gI6niQAC',
'0012H00001gI6WlQAK',
'0012H00001gI6WlQAK',
'0012H00001gI6WlQAK',
'0012H00001gI2xeQAC',
'0012H00001gI2qJQAS',
'0012H00001gI2euQAC',
'0012H00001gI2euQAC',
'0012H00001gI2adQAC',
'0012H00001gI2UVQA0',
'0012H00001gI1sCQAS',
'0012H00001gHwz7QAC',
'0012H00001gHtOXQA0',
'0012H00001gHsTgQAK',
'0012H00001gHsTgQAK',
'0012H00001gHldOQAS',
'0012H00001gHlbNQAS',
'0012H00001gHlbNQAS',
'0012H00001gHlUWQA0',
'0012H00001gHlUWQA0',
'0012H00001gHjX4QAK',
'0012H00001gHjX4QAK',
'0012H00001gHiDwQAK',
'0012H00001gHfVJQA0',
'0012H00001gHeb1QAC',
'0012H00001gHeb1QAC',
'0012H00001gHeaDQAS',
'0012H00001gHdYGQA0',
'0012H00001gHdYGQA0',
'0012H00001gHdSIQA0',
'0012H00001gHdSIQA0',
'0012H00001gHcpVQAS',
'0012H00001gHcpVQAS',
'0012H00001gHbMwQAK',
'0012H00001gHX6oQAG',
'0012H00001gHWvlQAG',
'0012H00001gHVi2QAG',
'0012H00001gHQxOQAW',
'0012H00001gHQOsQAO',
'0012H00001gHM0RQAW',
'0012H00001gHM0RQAW',
'0012H00001gHGRNQA4',
'0012H00001gHGRNQA4',
'0012H00001gHG6UQAW',
'0012H00001gHG5gQAG',
'0012H00001gHG4dQAG',
'0012H00001gHFnhQAG',
'0012H00001gHFnhQAG',
'0012H00001gHCGFQA4',
'0012H00001gHCGFQA4',
'0012H00001gH6B4QAK',
'0012H00001gH5cTQAS',
'0012H00001gH5cTQAS',
'0012H00001gH5Z0QAK',
'0012H00001gH5Z0QAK',
'0012H00001gH5MkQAK',
'0012H00001gH5MkQAK',
'0012H00001gH4ShQAK',
'0012H00001fb2EpQAI',
'0012H00001fayz8QAA',
'0012H00001fayz8QAA',
'0012H00001faymHQAQ',
'0012H00001fayPoQAI',
'0012H00001fayPoQAI',
'0012H00001fatvLQAQ',
'0012H00001fatsHQAQ',
'0012H00001fatbBQAQ',
'0012H00001fatYHQAY',
'0012H00001fatG0QAI',
'0012H00001faswcQAA',
'0012H00001fasnBQAQ',
'0012H00001fasLWQAY',
'0012H00001fasLWQAY',
'0012H00001farmgQAA',
'0012H00001fapY8QAI',
'0012H00001fanxkQAA',
'0012H00001fanxkQAA',
'0012H00001fansBQAQ',
'0012H00001fansBQAQ',
'0012H00001fanleQAA',
'0012H00001fanleQAA',
'0012H00001fanlAQAQ',
'0012H00001fanlAQAQ',
'0012H00001fanhhQAA',
'0012H00001fanhhQAA',
'0012H00001fandVQAQ',
'0012H00001fandVQAQ',
'0012H00001fanchQAA',
'0012H00001fanTBQAY',
'0012H00001fanTBQAY',
'0012H00001famNCQAY',
'0012H00001falK2QAI',
'0012H00001fajRuQAI',
'0012H00001fajRuQAI',
'0012H00001fajQNQAY',
'0012H00001fajQNQAY',
'0012H00001fafwoQAA',
'0012H00001fafwoQAA',
'0012H00001fafunQAA',
'0012H00001fafZpQAI',
'0012H00001fafEcQAI',
'0012H00001faZxjQAE',
'0012H00001faZVaQAM',
'0012H00001faYF2QAM',
'0012H00001faYF2QAM',
'0012H00001faXfTQAU',
'0012H00001faWsvQAE',
'0012H00001faSgqQAE',
'0012H00001faSfTQAU',
'0012H00001faSCvQAM',
'0012H00001faPo3QAE',
'0012H00001faPo3QAE',
'0012H00001faLYGQA2',
'0012H00001faL75QAE',
'0012H00001faL75QAE',
'0012H00001faL3DQAU',
'0012H00001faL3DQAU',
'0012H00001faKYeQAM',
'0012H00001faBn2QAE',
'0012H00001faBn2QAE',
'0012H00001faBMPQA2',
'0012H00001fa7KyQAI',
'0012H00001fa5RcQAI',
'0012H00001fa47VQAQ',
'0012H00001fa47VQAQ',
'0012H00001fa3xfQAA',
'0012H00001fZzYQQA0',
'0012H00001fZzYQQA0',
'0012H00001fZsHLQA0',
'0012H00001fZsHLQA0',
'0012H00001fZsDPQA0',
'0012H00001fZs6XQAS',
'0012H00001fZs6XQAS',
'0012H00001fZqFgQAK',
'0012H00001fZqFgQAK',
'0012H00001fZnQbQAK',
'0012H00001fZmgiQAC',
'0012H00001fZmgiQAC',
'0012H00001fZl7XQAS',
'0012H00001fZibPQAS',
'0012H00001fZgylQAC',
'0012H00001fZgylQAC',
'0012H00001fZgwfQAC',
'0012H00001fZgsJQAS',
'0012H00001fZf6EQAS',
'0012H00001fZdHtQAK',
'0012H00001fZdHtQAK',
'0012H00001fZdFnQAK',
'0012H00001fZdFnQAK',
'0012H00001fZdEKQA0',
'0012H00001fZcs5QAC',
'0012H00001fZcnUQAS',
'0012H00001fZcfVQAS',
'0012H00001fZcLHQA0',
'0012H00001fZcLHQA0',
'0012H00001fZcDRQA0',
'0012H00001fZYGzQAO',
'0012H00001fZYGzQAO',
'0012H00001fZY0cQAG',
'0012H00001fZXtgQAG',
'0012H00001fZXX1QAO',
'0012H00001fZXPbQAO',
'0012H00001fZXPbQAO',
'0012H00001fZSnJQAW',
'0012H00001fZSnJQAW',
'0012H00001fZQzPQAW',
'0012H00001fZOg9QAG',
'0012H00001fZOLzQAO',
'0012H00001fZOJoQAO',
'0012H00001fZOJoQAO',
'0012H00001fZMl7QAG',
'0012H00001fZMl7QAG',
'0012H00001fZL6kQAG',
'0012H00001fZHTHQA4',
'0012H00001fZDNEQA4',
'0012H00001fZCdpQAG',
'0012H00001fZCdpQAG',
'0012H00001fZ7OZQA0',
'0012H00001fZ7GuQAK',
'0012H00001fZ7GuQAK',
'0012H00001fZ6GKQA0',
'0012H00001fZ6GKQA0',
'0012H00001fZ5lvQAC',
'0012H00001fZ5lvQAC',
'0012H00001fZ0lwQAC',
'0012H00001fYxj1QAC',
'0012H00001fYwYVQA0',
'0012H00001fYwMWQA0',
'0012H00001fYtlgQAC',
'0012H00001fYlPjQAK',
'0012H00001fYh25QAC',
'0012H00001fYh25QAC',
'0012H00001fYct4QAC',
'0012H00001fYbxSQAS',
'0012H00001fYbxSQAS',
'0012H00001fYWYrQAO',
'0012H00001fYVUeQAO',
'0012H00001fYVUeQAO',
'0012H00001fYVR6QAO',
'0012H00001fYUueQAG',
'0012H00001fYUueQAG',
'0012H00001fYSmPQAW',
'0012H00001fYSmPQAW',
'0012H00001fYRiLQAW',
'0012H00001fYRiLQAW',
'0012H00001fYQiIQAW',
'0012H00001fYQiIQAW',
'0012H00001fYPtcQAG',
'0012H00001fYPtcQAG',
'0012H00001fYKwEQAW',
'0012H00001fYKvzQAG',
'0012H00001fYKsWQAW',
'0012H00001fYKsWQAW',
'0012H00001fYJNOQA4',
'0012H00001fYIWYQA4',
'0012H00001fYFikQAG',
'0012H00001fYFikQAG',
'0012H00001fYEvcQAG',
'0012H00001fYEhaQAG',
'0012H00001fYEhaQAG',
'0012H00001fYESVQA4',
'0012H00001fY87IQAS',
'0012H00001fY87IQAS',
'0012H00001fY70PQAS',
'0012H00001fY70PQAS',
'0012H00001fY6BWQA0',
'0012H00001fY6BWQA0',
'0012H00001fY3GIQA0',
'0012H00001fY3BcQAK',
'0012H00001fXwq4QAC',
'0012H00001fXwq4QAC',
'0012H00001fXwoSQAS',
'0012H00001fXuZaQAK',
'0012H00001fXuXjQAK',
'0012H00001fXr3CQAS',
'0012H00001fXp1iQAC',
'0012H00001fXp1iQAC',
'0012H00001fXoxHQAS',
'0012H00001fXorEQAS',
'0012H00001fXoqLQAS',
'0012H00001fXoqLQAS',
'0012H00001fXnjEQAS',
'0012H00001fXjzSQAS',
'0012H00001fXjrJQAS',
'0012H00001fXjrJQAS',
'0012H00001fXjrBQAS',
'0012H00001fXgUcQAK',
'0012H00001fXgUcQAK',
'0012H00001fXa6GQAS',
'0012H00001fXXijQAG',
'0012H00001fXXijQAG',
'0012H00001fXXUIQA4',
'0012H00001fXW3GQAW',
'0012H00001fXUmYQAW',
'0012H00001fXUawQAG',
'0012H00001fXUTWQA4',
'0012H00001fXUTWQA4',
'0012H00001fXU97QAG',
'0012H00001fXU97QAG',
'0012H00001fXTzCQAW',
'0012H00001fXSelQAG',
'0012H00001fXSelQAG',
'0012H00001fXSJOQA4',
'0012H00001fXRZBQA4',
'0012H00001fXRZBQA4',
'0012H00001fXO0NQAW',
'0012H00001fXO0NQAW',
'0012H00001fXNgXQAW',
'0012H00001fXNgXQAW',
'0012H00001fXNEsQAO',
'0012H00001fXJ4PQAW',
'0012H00001fXJ4PQAW',
'0012H00001fXHKTQA4',
'0012H00001fXHKTQA4',
'0012H00001fXFyqQAG',
'0012H00001fXCr9QAG',
'0012H00001fXCmYQAW',
'0012H00001fXCmYQAW',
'0012H00001fXCXnQAO',
'0012H00001fXCSsQAO',
'0012H00001fXCSsQAO',
'0012H00001fX7MVQA0',
'0012H00001fX7BSQA0',
'0012H00001fX6sgQAC',
'0012H00001fX6sgQAC',
'0012H00001fX6hDQAS',
'0012H00001fX1EuQAK',
'0012H00001fX1EuQAK',
'0012H00001fX0thQAC',
'0012H00001fX0thQAC',
'0012H00001fX0fBQAS',
'0012H00001fX0dFQAS',
'0012H00001fX0dFQAS',
'0012H00001fX0EPQA0',
'0012H00001fX0EPQA0',
'0012H00001fWzA7QAK',
'0012H00001fWzA7QAK',
'0012H00001fWvnAQAS',
'0012H00001fWv8qQAC',
'0012H00001fWv8qQAC',
'0012H00001fWussQAC',
'0012H00001fWqvYQAS',
'0012H00001fWqp1QAC',
'0012H00001fWqomQAC',
'0012H00001fWqhvQAC',
'0012H00001f3TUlQAM',
'0012H00001f3T6GQAU',
'0012H00001f3SziQAE',
'0012H00001f3QiuQAE',
'0012H00001f3QiuQAE',
'0012H00001f3PoSQAU',
'0012H00001f3PoSQAU',
'0012H00001f3OXQQA2',
'0012H00001f3LfgQAE',
'0012H00001f3KsLQAU',
'0012H00001f3KZJQA2',
'0012H00001f3HquQAE',
'0012H00001f3FXCQA2',
'0012H00001f3FXCQA2',
'0012H00001f3FJdQAM',
'0012H00001f3FACQA2',
'0012H00001f3F4sQAE',
'0012H00001f3F4sQAE',
'0012H00001f3F3GQAU',
'0012H00001f3E0EQAU',
'0012H00001f370eQAA',
'0012H00001f370eQAA',
'0012H00001f35R3QAI',
'0012H00001f35QeQAI',
'0012H00001f35QeQAI',
'0012H00001f35H8QAI',
'0012H00001f35E9QAI',
'0012H00001f34wAQAQ',
'0012H00001f34tVQAQ',
'0012H00001f34tVQAQ',
'0012H00001f34qqQAA',
'0012H00001f34qqQAA',
'0012H00001f34e6QAA',
'0012H00001f34e6QAA',
'0012H00001f3477QAA',
'0012H00001f3477QAA',
'0012H00001f33pcQAA',
'0012H00001f33nqQAA',
'0012H00001f33XsQAI',
'0012H00001f33XsQAI',
'0012H00001f3262QAA',
'0012H00001f3262QAA',
'0012H00001f31ioQAA',
'0012H00001f31hMQAQ',
'0012H00001f2yYpQAI',
'0012H00001f2yYpQAI',
'0012H00001f2yTLQAY',
'0012H00001f2yTLQAY',
'0012H00001f2yM0QAI',
'0012H00001f2yKmQAI',
'0012H00001f2yFNQAY',
'0012H00001f2y8lQAA',
'0012H00001f2y8lQAA',
'0012H00001f2y5DQAQ',
'0012H00001f2xzPQAQ',
'0012H00001f2xiEQAQ',
'0012H00001f2wEhQAI',
'0012H00001f2wEhQAI',
'0012H00001f2w4XQAQ',
'0012H00001f2tOJQAY',
'0012H00001f2t65QAA',
'0012H00001f2t65QAA',
'0012H00001f2oXGQAY',
'0012H00001f2oAlQAI',
'0012H00001f2lKnQAI',
'0012H00001f2i48QAA',
'0012H00001f2hjeQAA',
'0012H00001f2hHpQAI',
'0012H00001f2hHpQAI',
'0012H00001f2gHjQAI',
'0012H00001f2gGWQAY',
'0012H00001f2dtBQAQ',
'0012H00001f2dtBQAQ',
'0012H00001f2bEjQAI',
'0012H00001f2ZhPQAU',
'0012H00001f2YzhQAE',
'0012H00001f2YzIQAU',
'0012H00001f2YzIQAU',
'0012H00001f2YnlQAE',
'0012H00001f2YnlQAE',
'0012H00001f2XrhQAE',
'0012H00001f2XFiQAM',
'0012H00001f2W9OQAU',
'0012H00001f2RTjQAM',
'0012H00001f2RTjQAM',
'0012H00001f2R87QAE',
'0012H00001f2R87QAE',
'0012H00001f2NrSQAU',
'0012H00001f2LsTQAU',
'0012H00001f2Ln4QAE',
'0012H00001f2LlSQAU',
'0012H00001f2LV5QAM',
'0012H00001f2LV5QAM',
'0012H00001f2LK2QAM',
'0012H00001f2LK2QAM',
'0012H00001f2G2mQAE',
'0012H00001f2FDVQA2',
'0012H00001f2FDVQA2',
'0012H00001f2E6wQAE',
'0012H00001f2E0FQAU',
'0012H00001f2E0FQAU',
'0012H00001f2DcYQAU',
'0012H00001f2DcYQAU',
'0012H00001f2BBAQA2',
'0012H00001f2AxDQAU',
'0012H00001f2AxDQAU',
'0012H00001f2Ai3QAE',
'0012H00001f2Ai3QAE',
'0012H00001f29XsQAI',
'0012H00001f29XsQAI',
'0012H00001f27DbQAI',
'0012H00001f25HuQAI',
'0012H00001f250tQAA',
'0012H00001f214wQAA',
'0012H00001f214wQAA',
'0012H00001f20zhQAA',
'0012H00001f206cQAA',
'0012H00001f1zYuQAI',
'0012H00001f1zBMQAY',
'0012H00001f1zBMQAY',
'0012H00001f1yjcQAA',
'0012H00001f1ySRQAY',
'0012H00001f1uGRQAY',
'0012H00001f1uGRQAY',
'0012H00001f1onlQAA',
'0012H00001f1onMQAQ',
'0012H00001f1nr8QAA',
'0012H00001f1nr8QAA',
'0012H00001f1nqtQAA',
'0012H00001f1nTHQAY',
'0012H00001f1kXhQAI',
'0012H00001f1kXhQAI',
'0012H00001f1kP4QAI',
'0012H00001f1kIhQAI',
'0012H00001f1kIhQAI',
'0012H00001f1jbsQAA',
'0012H00001f1g9vQAA',
'0012H00001f1g47QAA',
'0012H00001f1g0PQAQ',
'0012H00001f1fxzQAA',
'0012H00001f1fxzQAA',
'0012H00001f1fleQAA',
'0012H00001f1fleQAA',
'0012H00001f1f9aQAA',
'0012H00001f1f9aQAA',
'0012H00001f1bYqQAI',
'0012H00001f1bYqQAI',
'0012H00001f1bEqQAI',
'0012H00001f1bEHQAY',
'0012H00001f1bEHQAY',
'0012H00001f1XWWQA2',
'0012H00001f1XWWQA2',
'0012H00001f1X1uQAE',
'0012H00001f1X1uQAE',
'0012H00001f1WlfQAE',
'0012H00001f1WeyQAE',
'0012H00001f1WeyQAE',
'0012H00001f1WTHQA2',
'0012H00001f1WRaQAM',
'0012H00001f1WRaQAM',
'0012H00001f1WInQAM',
'0012H00001f1WFeQAM',
'0012H00001f1WFeQAM',
'0012H00001f1W1rQAE',
'0012H00001f1W1rQAE',
'0012H00001f1VxLQAU',
'0012H00001f1V9lQAE',
'0012H00001f1UTyQAM',
'0012H00001f1UKNQA2',
'0012H00001f1Tx4QAE',
'0012H00001f1TXVQA2',
'0012H00001f1TSkQAM',
'0012H00001f1PGuQAM',
'0012H00001f1PGuQAM',
'0012H00001f1OwRQAU',
'0012H00001f1OwRQAU',
'0012H00001f1ODkQAM',
'0012H00001f1KsyQAE',
'0012H00001f1KaLQAU',
'0012H00001f1KaLQAU',
'0012H00001f1KZrQAM',
'0012H00001f1KZrQAM',
'0012H00001f1KZrQAM',
'0012H00001f1IXAQA2',
'0012H00001f1HeFQAU',
'0012H00001f1HNOQA2',
'0012H00001f1HMzQAM',
'0012H00001f1HMzQAM',
'0012H00001f1HHzQAM',
'0012H00001f1HHzQAM',
'0012H00001f1FtmQAE',
'0012H00001f1Fs5QAE',
'0012H00001f1D7WQAU',
'0012H00001f1BzvQAE',
'0012H00001f1BqyQAE',
'0012H00001f1BpRQAU',
'0012H00001f1Bg6QAE',
'0012H00001f1B7PQAU',
'0012H00001f1B6lQAE',
'0012H00001f1AsZQAU',
'0012H00001f17FUQAY',
'0012H00001f1700QAA',
'0012H00001f1700QAA',
'0012H00001f16vyQAA',
'0012H00001f16vyQAA',
'0012H00001f16aCQAQ',
'0012H00001f16AsQAI',
'0012H00001f10ucQAA',
'0012H00001f10ucQAA',
'0012H00001f10n7QAA',
'0012H00001f10n7QAA',
'0012H00001f10n2QAA',
'0012H00001f10l6QAA',
'0012H00001f10f8QAA',
'0012H00001f10f8QAA',
'0012H00001f10OCQAY',
'0012H00001f10OCQAY',
'0012H00001f0ziaQAA',
'0012H00001f0zhSQAQ',
'0012H00001f0wjTQAQ',
'0012H00001f0wT1QAI',
'0012H00001f0wKdQAI',
'0012H00001f0wGRQAY',
'0012H00001f0wB7QAI',
'0012H00001f0u30QAA',
'0012H00001f0rZ3QAI',
'0012H00001f0rBQQAY',
'0012H00001f0rBQQAY',
'0012H00001f0qm1QAA',
'0012H00001f0qfGQAQ',
'0012H00001f0qeWQAQ',
'0012H00001f0qeWQAQ',
'0012H00001f0peOQAQ',
'0012H00001f0pYbQAI',
'0012H00001f0pYbQAI',
'0012H00001f0mF2QAI',
'0012H00001f0lTlQAI',
'0012H00001f0lLcQAI',
'0012H00001f0lLcQAI',
'0012H00001f0lFUQAY',
'0012H00001f0l8mQAA',
'0012H00001f0iSJQAY',
'0012H00001f0gGYQAY',
'0012H00001f0g7rQAA',
'0012H00001f0YiEQAU',
'0012H00001f0YiEQAU',
'0012H00001f0YhzQAE',
'0012H00001f0YhzQAE',
'0012H00001f0YUHQA2',
'0012H00001f0Y9YQAU',
'0012H00001f0Y9YQAU',
'0012H00001f0X1eQAE',
'0012H00001f0TLOQA2',
'0012H00001f0TDyQAM',
'0012H00001f0TDyQAM',
'0012H00001f0TDPQA2',
'0012H00001f0SvzQAE',
'0012H00001f0RQwQAM',
'0012H00001f0NoDQAU',
'0012H00001f0NVfQAM',
'0012H00001f0NMNQA2',
'0012H00001f0NMNQA2',
'0012H00001f0NM8QAM',
'0012H00001f0NM8QAM',
'0012H00001f0N4xQAE',
'0012H00001f0N4xQAE',
'0012H00001f0MRMQA2',
'0012H00001f0MRMQA2',
'0012H00001f0LRuQAM',
'0012H00001f0IF1QAM',
'0012H00001f0I5vQAE',
'0012H00001f0I5vQAE',
'0012H00001f0I5QQAU',
'0012H00001f0I3FQAU',
'0012H00001f0I3FQAU',
'0012H00001f0HsCQAU',
'0012H00001f0FWDQA2',
'0012H00001f09a5QAA',
'0012H00001f0957QAA',
'0012H00001f077QQAQ',
'0012H00001f077QQAQ',
'0012H00001f06wXQAQ',
'0012H00001f06wXQAQ',
'0012H00001f06wDQAQ',
'0012H00001f06wDQAQ',
'0012H00001f06jTQAQ',
'0012H00001f06jTQAQ',
'0012H00001f02CkQAI',
'0012H00001ezyRlQAI',
'0012H00001ezxjbQAA',
'0012H00001ezwrmQAA',
'0012H00001ezu8pQAA',
'0012H00001ezu8pQAA',
'0012H00001ezu8kQAA',
'0012H00001eztt1QAA',
'0012H00001eztpOQAQ',
'0012H00001eztpOQAQ',
'0012H00001eztoLQAQ',
'0012H00001ezpwEQAQ',
'0012H00001ezjvEQAQ',
'0012H00001ezjvEQAQ',
'0012H00001ezjkaQAA',
'0012H00001ezjFDQAY',
'0012H00001ezjFDQAY',
'0012H00001ezhBEQAY',
'0012H00001ezhBEQAY',
'0012H00001ezh5pQAA',
'0012H00001ezeieQAA',
'0012H00001eze9UQAQ',
'0012H00001ezdtrQAA',
'0012H00001ezc5XQAQ',
'0012H00001ezXEcQAM',
'0012H00001ezXEcQAM',
'0012H00001ezXE4QAM',
'0012H00001ezXE4QAM',
'0012H00001ezX5fQAE',
'0012H00001ezWzmQAE',
'0012H00001ezUQQQA2',
'0012H00001ezUGzQAM',
'0012H00001ezUGzQAM',
'0012H00001ezU6GQAU',
'0012H00001ezSasQAE',
'0012H00001ezQ7jQAE',
'0012H00001ezPnoQAE',
'0012H00001ezPnoQAE',
'0012H00001ezPixQAE',
'0012H00001ezPixQAE',
'0012H00001ezPYiQAM',
'0012H00001ezPYiQAM',
'0012H00001ezPSVQA2',
'0012H00001ezPSVQA2',
'0012H00001ezNAJQA2',
'0012H00001ezNAJQA2',
'0012H00001ezLZ2QAM',
'0012H00001ezLZ2QAM',
'0012H00001ezLXaQAM',
'0012H00001ezKirQAE',
'0012H00001ezKH2QAM',
'0012H00001ezJkmQAE',
'0012H00001eReTyQAK',
'0012H00001eReTyQAK',
'0012H00001eReJLQA0',
'0012H00001eReCPQA0',
'0012H00001eRe0XQAS',
'0012H00001eRdyWQAS',
'0012H00001eRZtlQAG',
'0012H00001eRZtlQAG',
'0012H00001eRZ4wQAG',
'0012H00001eRZ4wQAG',
'0012H00001eRXqyQAG',
'0012H00001eRWcFQAW',
'0012H00001eRWcFQAW',
'0012H00001eRULQQA4',
'0012H00001eRTk0QAG',
'0012H00001eRTk0QAG',
'0012H00001eRTYjQAO',
'0012H00001eRR2pQAG',
'0012H00001eROW3QAO',
'0012H00001eROW3QAO',
'0012H00001eRNRWQA4',
'0012H00001eRNQiQAO',
'0012H00001eRNQiQAO',
'0012H00001eRNMCQA4',
'0012H00001eRN14QAG',
'0012H00001eRMxHQAW',
'0012H00001eRMxHQAW',
'0012H00001eRMjeQAG',
'0012H00001eRMjeQAG',
'0012H00001eRLOQQA4',
'0012H00001eRLOQQA4',
'0012H00001eRLAoQAO',
'0012H00001eRKaBQAW',
'0012H00001eRG16QAG',
'0012H00001eRFoMQAW',
'0012H00001eR6hxQAC',
'0012H00001eR2HzQAK',
'0012H00001eR1w3QAC',
'0012H00001eR1fWQAS',
'0012H00001eR1fWQAS',
'0012H00001eR0mNQAS',
'0012H00001eQuC3QAK',
'0012H00001eQr7mQAC',
'0012H00001eQpfXQAS',
'0012H00001eQpciQAC',
'0012H00001eQp7aQAC',
'0012H00001eQp6TQAS',
'0012H00001eQp6TQAS',
'0012H00001eQohNQAS',
'0012H00001eQohNQAS',
'0012H00001eQmwzQAC',
'0012H00001eQmwzQAC',
'0012H00001eQmndQAC',
'0012H00001eQl0GQAS',
'0012H00001eQl0GQAS',
'0012H00001eQjVlQAK',
'0012H00001eQjVlQAK',
'0012H00001eQjAOQA0',
'0012H00001eQizaQAC',
'0012H00001eQha5QAC',
'0012H00001eQha5QAC',
'0012H00001eQe4ZQAS',
'0012H00001eQcnwQAC',
'0012H00001eQcnwQAC',
'0012H00001eQcOrQAK',
'0012H00001eQcNtQAK',
'0012H00001eQcNtQAK',
'0012H00001eQaiDQAS',
'0012H00001eQXdIQAW',
'0012H00001eQW9RQAW',
'0012H00001eQW9RQAW',
'0012H00001eQVU9QAO',
'0012H00001eQVAXQA4',
'0012H00001eQTSdQAO',
'0012H00001eQM8uQAG',
'0012H00001eQLpnQAG',
'0012H00001eQLopQAG',
'0012H00001eQLOmQAO',
'0012H00001eQLOmQAO',
'0012H00001eQKbbQAG',
'0012H00001eQJxVQAW',
'0012H00001eQHCSQA4',
'0012H00001eQH94QAG',
'0012H00001eQH94QAG',
'0012H00001eQGlWQAW',
'0012H00001eQGlWQAW',
'0012H00001eQEgyQAG',
'0012H00001eQEgyQAG',
'0012H00001eQCA7QAO',
'0012H00001eQC9iQAG',
'0012H00001eQC9iQAG',
'0012H00001eQ4NXQA0',
'0012H00001eQ4NNQA0',
'0012H00001eQ3T0QAK',
'0012H00001eQ0ChQAK',
'0012H00001eQ0ChQAK',
'0012H00001ePyX2QAK',
'0012H00001ePyX2QAK',
'0012H00001ePtlHQAS',
'0012H00001ePtTlQAK',
'0012H00001ePrixQAC',
'0012H00001ePrIfQAK',
'0012H00001ePrIfQAK',
'0012H00001ePpibQAC',
'0012H00001ePpfnQAC',
'0012H00001ePkodQAC',
'0012H00001ePkfvQAC',
'0012H00001ePkedQAC',
'0012H00001ePkcIQAS',
'0012H00001ePkcIQAS',
'0012H00001ePk6gQAC',
'0012H00001ePk6gQAC',
'0012H00001ePipAQAS',
'0012H00001ePiZbQAK',
'0012H00001ePiHXQA0',
'0012H00001ePg2LQAS',
'0012H00001ePg2LQAS',
'0012H00001ePg1rQAC',
'0012H00001ePg1rQAC',
'0012H00001ePf5ZQAS',
'0012H00001ePeDvQAK',
'0012H00001ePeAwQAK',
'0012H00001ePeAwQAK',
'0012H00001ePb2LQAS',
'0012H00001ePb2LQAS',
'0012H00001ePYuoQAG',
'0012H00001ePXJWQA4',
'0012H00001ePXGOQA4',
'0012H00001ePVmgQAG',
'0012H00001ePV1VQAW',
'0012H00001ePV1VQAW',
'0012H00001ePUw7QAG',
'0012H00001ePQyXQAW',
'0012H00001ePQyXQAW',
'0012H00001ePPUgQAO',
'0012H00001ePPUgQAO',
'0012H00001ePNP2QAO',
'0012H00001ePKQeQAO',
'0012H00001ePKQeQAO',
'0012H00001ePJq3QAG',
'0012H00001ePJbCQAW',
'0012H00001ePJQYQA4',
'0012H00001ePIBhQAO',
'0012H00001ePIBhQAO',
'0012H00001ePI6XQAW',
'0012H00001ePI4vQAG',
'0012H00001ePI39QAG',
'0012H00001ePI39QAG',
'0012H00001ePHN8QAO',
'0012H00001ePHN8QAO',
'0012H00001ePG6LQAW',
'0012H00001ePG6LQAW',
'0012H00001ePFkhQAG',
'0012H00001ePFkhQAG',
'0012H00001ePE7RQAW',
'0012H00001ePDtFQAW',
'0012H00001ePDtFQAW',
'0012H00001ePDsMQAW',
'0012H00001ePDbaQAG',
'0012H00001ePDSnQAO',
'0012H00001ePBmgQAG',
'0012H00001eP9fxQAC',
'0012H00001eP98AQAS',
'0012H00001eP8gGQAS',
'0012H00001eP70OQAS',
'0012H00001eP6aVQAS',
'0012H00001eP4qgQAC',
'0012H00001eP4qgQAC',
'0012H00001eP4oaQAC',
'0012H00001eP4nmQAC',
'0012H00001eP4nEQAS',
'0012H00001eP4nEQAS',
'0012H00001eP4H7QAK',
'0012H00001eP2s1QAC',
'0012H00001eP2g1QAC',
'0012H00001eP2g1QAC',
'0012H00001eOyuXQAS',
'0012H00001eOyqVQAS',
'0012H00001eOylfQAC',
'0012H00001eOxfHQAS',
'0012H00001eOvnJQAS',
'0012H00001eOvfeQAC',
'0012H00001eOv4DQAS',
'0012H00001eOv4DQAS',
'0012H00001eOsUPQA0',
'0012H00001eOsUPQA0',
'0012H00001eOrgHQAS',
'0012H00001eOr0BQAS',
'0012H00001eOr0BQAS',
'0012H00001eOqtAQAS',
'0012H00001eOqoeQAC',
'0012H00001eOqoeQAC',
'0012H00001eOmmIQAS',
'0012H00001eOmmIQAS',
'0012H00001eOmQbQAK',
'0012H00001eOmPeQAK',
'0012H00001eOmHeQAK',
'0012H00001eOmHeQAK',
'0012H00001eOmEuQAK',
'0012H00001eOi4lQAC',
'0012H00001eOcVVQA0',
'0012H00001eOcVVQA0',
'0012H00001eOcVVQA0',
'0012H00001eOcHiQAK',
'0012H00001eOcHiQAK',
'0012H00001eObutQAC',
'0012H00001eObutQAC',
'0012H00001eObtHQAS',
'0012H00001eObCSQA0',
'0012H00001eObCSQA0',
'0012H00001eOSrxQAG',
'0012H00001eORZ9QAO',
'0012H00001eORZ9QAO',
'0012H00001eOOhXQAW',
'0012H00001eON31QAG',
'0012H00001eOLGwQAO',
'0012H00001eOLGwQAO',
'0012H00001eOITSQA4',
'0012H00001eOITSQA4',
'0012H00001eOISeQAO',
'0012H00001eOIOcQAO',
'0012H00001eOI1xQAG',
'0012H00001eOHNZQA4',
'0012H00001eOHFPQA4',
'0012H00001eOHFPQA4',
'0012H00001eOGJLQA4',
'0012H00001eOGHFQA4',
'0012H00001eOFSbQAO',
'0012H00001eOBnSQAW',
'0012H00001eOBVxQAO',
'0012H00001eOBVxQAO',
'0012H00001eO9s1QAC',
'0012H00001eO7NuQAK',
'0012H00001eO7NuQAK',
'0012H00001eO6SjQAK',
'0012H00001eO6SjQAK',
'0012H00001eO5jeQAC',
'0012H00001eO5jeQAC',
'0012H00001eO4flQAC',
'0012H00001eO29EQAS',
'0012H00001eO1XyQAK',
'0012H00001eNzOVQA0',
'0012H00001eNxdiQAC',
'0012H00001eNxdiQAC',
'0012H00001eNxQKQA0',
'0012H00001eNxQKQA0',
'0012H00001eNxIGQA0',
'0012H00001eNwCCQA0',
'0012H00001eNwCCQA0',
'0012H00001eNtbEQAS',
'0012H00001eNtbEQAS',
'0012H00001eNt2dQAC',
'0012H00001eNrKaQAK',
'0012H00001eNrK1QAK',
'0012H00001eNqy5QAC',
'0012H00001eNo32QAC',
'0012H00001eNo32QAC',
'0012H00001eNnqcQAC',
'0012H00001eNnqcQAC',
'0012H00001eNkChQAK',
'0012H00001eNkChQAK',
'0012H00001eNk7qQAC',
'0012H00001eNiPlQAK',
'0012H00001eNiPlQAK',
'0012H00001eNhvMQAS',
'0012H00001eNgDlQAK',
'0012H00001eNdlpQAC',
'0012H00001eNa2NQAS',
'0012H00001eNZaTQAW',
'0012H00001eNY5DQAW',
'0012H00001eNY5DQAW',
'0012H00001eNY3lQAG',
'0012H00001eNY3gQAG',
'0012H00001eNXwVQAW',
'0012H00001e6gLQQAY',
'0012H00001e6gKrQAI',
'0012H00001e6gHJQAY',
'0012H00001e6fLjQAI',
'0012H00001e6cL6QAI',
'0012H00001e6cL6QAI',
'0012H00001e6ZrsQAE',
'0012H00001e6ZrsQAE',
'0012H00001e6ZqfQAE',
'0012H00001e6ZbkQAE',
'0012H00001e6ZbkQAE',
'0012H00001e6WJnQAM',
'0012H00001e6WJnQAM',
'0012H00001e6VxIQAU',
'0012H00001e6VxIQAU',
'0012H00001e6VgvQAE',
'0012H00001e6VgvQAE',
'0012H00001e6SSAQA2',
'0012H00001e6SSAQA2',
'0012H00001e6SOSQA2',
'0012H00001e6SOSQA2',
'0012H00001e6S4mQAE',
'0012H00001e6ObrQAE',
'0012H00001e6NNKQA2',
'0012H00001e6NNKQA2',
'0012H00001e6Mo1QAE',
'0012H00001e6Mo1QAE',
'0012H00001e6Lj4QAE',
'0012H00001e6Ji9QAE',
'0012H00001e6Ji9QAE',
'0012H00001e6JfKQAU',
'0012H00001e6JfKQAU',
'0012H00001e6HCLQA2',
'0012H00001e6H0UQAU',
'0012H00001e6H0UQAU',
'0012H00001e6GzRQAU',
'0012H00001e6GzRQAU',
'0012H00001e6EoWQAU',
'0012H00001e6DqCQAU',
'0012H00001e6DpJQAU',
'0012H00001e6DpJQAU',
'0012H00001e6DDFQA2',
'0012H00001e6DC7QAM',
'0012H00001e6CzcQAE',
'0012H00001e6CwTQAU',
'0012H00001e6CwTQAU',
'0012H00001e6BWiQAM',
'0012H00001e6BNbQAM',
'0012H00001e6BNbQAM',
'0012H00001e6B7IQAU',
'0012H00001e6B7IQAU',
'0012H00001e6AaQQAU',
'0012H00001e6AaQQAU',
'0012H00001e6AT9QAM',
'0012H00001e6ARXQA2',
'0012H00001e6A52QAE',
'0012H00001e6A52QAE',
'0012H00001e68v6QAA',
'0012H00001e675rQAA',
'0012H00001e675rQAA',
'0012H00001e65woQAA',
'0012H00001e65ThQAI',
'0012H00001e65SyQAI',
'0012H00001e65JhQAI',
'0012H00001e65IyQAI',
'0012H00001e65IyQAI',
'0012H00001e64K5QAI',
'0012H00001e64K5QAI',
'0012H00001e64K5QAI',
'0012H00001e60moQAA',
'0012H00001e60mUQAQ',
'0012H00001e60DtQAI',
'0012H00001e5zzsQAA',
'0012H00001e5wrgQAA',
'0012H00001e5wp5QAA',
'0012H00001e5wmfQAA',
'0012H00001e5vqWQAQ',
'0012H00001e5vggQAA',
'0012H00001e5sQGQAY',
'0012H00001e5q6rQAA',
'0012H00001e5pmeQAA',
'0012H00001e5lolQAA',
'0012H00001e5lolQAA',
'0012H00001e5iArQAI',
'0012H00001e5iArQAI',
'0012H00001e5i0rQAA',
'0012H00001e5i08QAA',
'0012H00001e5i08QAA',
'0012H00001e5hzoQAA',
'0012H00001e5hzoQAA',
'0012H00001e5hcaQAA',
'0012H00001e5e1qQAA',
'0012H00001e5e1qQAA',
'0012H00001e5e1CQAQ',
'0012H00001e5dorQAA',
'0012H00001e5dorQAA',
'0012H00001e5dmCQAQ',
'0012H00001e5cGFQAY',
'0012H00001e5ZQvQAM',
'0012H00001e5ZNIQA2',
'0012H00001e5XeHQAU',
'0012H00001e5XaKQAU',
'0012H00001e5UnVQAU',
'0012H00001e5UnVQAU',
'0012H00001e5UmhQAE',
'0012H00001e5UmhQAE',
'0012H00001e5Rg8QAE',
'0012H00001e5Rg8QAE',
'0012H00001e5QWbQAM',
'0012H00001e5PytQAE',
'0012H00001e5PytQAE',
'0012H00001e5NpKQAU',
'0012H00001e5NpKQAU',
'0012H00001e5NczQAE',
'0012H00001e5NXLQA2',
'0012H00001e5NB5QAM',
'0012H00001e5NAvQAM',
'0012H00001e5N02QAE',
'0012H00001e5N02QAE',
'0012H00001e5HfsQAE',
'0012H00001e5HfsQAE',
'0012H00001e5FKMQA2',
'0012H00001e5FHhQAM',
'0012H00001e5F8VQAU',
'0012H00001e5F8VQAU',
'0012H00001e5EP1QAM',
'0012H00001e5EP1QAM',
'0012H00001e587cQAA',
'0012H00001e577YQAQ',
'0012H00001e56LDQAY',
'0012H00001e5655QAA',
'0012H00001e55XSQAY',
'0012H00001e55XSQAY',
'0012H00001e55WAQAY',
'0012H00001e555wQAA',
'0012H00001e50ZrQAI',
'0012H00001e50VGQAY',
'0012H00001e5075QAA',
'0012H00001e4wl7QAA',
'0012H00001e4wl7QAA',
'0012H00001e4vpVQAQ',
'0012H00001e4qsjQAA',
'0012H00001e4qsjQAA',
'0012H00001e4lw2QAA',
'0012H00001e4lYUQAY',
'0012H00001e4lYUQAY',
'0012H00001e4lWTQAY',
'0012H00001e4hVvQAI',
'0012H00001e4hIXQAY',
'0012H00001e4hDwQAI',
'0012H00001e4hDwQAI',
'0012H00001e4hCPQAY',
'0012H00001e4g6GQAQ',
'0012H00001e4g6GQAQ',
'0012H00001e4fTOQAY',
'0012H00001e4fTOQAY',
'0012H00001e4cvtQAA',
'0012H00001e4cvtQAA',
'0012H00001e4ZKZQA2',
'0012H00001e4XnXQAU',
'0012H00001e4Xm5QAE',
'0012H00001e4XfdQAE',
'0012H00001e4XfdQAE',
'0012H00001e4Wm4QAE',
'0012H00001e4Wm4QAE',
'0012H00001e4Vv3QAE',
'0012H00001e4Vv3QAE',
'0012H00001e4UyOQAU',
'0012H00001e4Tt6QAE',
'0012H00001e4Tt6QAE',
'0012H00001e4RvZQAU',
'0012H00001e4PlSQAU',
'0012H00001e4PlSQAU',
'0012H00001e4PhkQAE',
'0012H00001e4PhkQAE',
'0012H00001e4OJTQA2',
'0012H00001e4MAnQAM',
'0012H00001e4MAnQAM',
'0012H00001e4L9TQAU',
'0012H00001e4I3NQAU',
'0012H00001e4Hu1QAE',
'0012H00001e4HiyQAE',
'0012H00001e4HYKQA2',
'0012H00001e4HYKQA2',
'0012H00001e4HXqQAM',
'0012H00001e4HXqQAM',
'0012H00001e4EmiQAE',
'0012H00001e4CuaQAE',
'0012H00001e4CqdQAE',
'0012H00001e4CU3QAM',
'0012H00001e4AeBQAU',
'0012H00001e4Ab7QAE',
'0012H00001e4Ab7QAE',
'0012H00001e49rjQAA',
'0012H00001e49rjQAA',
'0012H00001e48aRQAQ',
'0012H00001e48aRQAQ',
'0012H00001e45qHQAQ',
'0012H00001e45V9QAI',
'0012H00001e42HYQAY',
'0012H00001e41PlQAI',
'0012H00001e40mKQAQ',
'0012H00001e40lqQAA',
'0012H00001e40lqQAA',
'0012H00001e3zNVQAY',
'0012H00001e3xMYQAY',
'0012H00001e3tCPQAY',
'0012H00001e3tCPQAY',
'0012H00001e3sKNQAY',
'0012H00001e3sKNQAY',
'0012H00001e3sKNQAY',
'0012H00001e3qfxQAA',
'0012H00001e3qRqQAI',
'0012H00001e3pWeQAI',
'0012H00001e3o7sQAA',
'0012H00001e3o7sQAA',
'0012H00001e3mThQAI',
'0012H00001e3mLnQAI',
'0012H00001e3ksuQAA',
'0012H00001e3j3RQAQ',
'0012H00001e3j3RQAQ',
'0012H00001e3idJQAQ',
'0012H00001e3hSAQAY',
'0012H00001dpLl7QAE',
'0012H00001dpLl7QAE',
'0012H00001dpKJ7QAM',
'0012H00001dpJ9gQAE',
'0012H00001dpGVxQAM',
'0012H00001dpGVxQAM',
'0012H00001dpGPfQAM',
'0012H00001dpGPfQAM',
'0012H00001dpFPPQA2',
'0012H00001dpFPPQA2',
'0012H00001dpDZ3QAM',
'0012H00001dpDE6QAM',
'0012H00001dpCbwQAE',
'0012H00001dpB7CQAU',
'0012H00001dpB3AQAU',
'0012H00001dp9lKQAQ',
'0012H00001dp9lKQAQ',
'0012H00001dp7RSQAY',
'0012H00001dp7RSQAY',
'0012H00001dp2VtQAI',
'0012H00001dp2VtQAI',
'0012H00001dp1cZQAQ',
'0012H00001dp0MuQAI',
'0012H00001dov6yQAA',
'0012H00001dottUQAQ',
'0012H00001dottUQAQ',
'0012H00001dotmsQAA',
'0012H00001dooqfQAA',
'0012H00001dolayQAA',
'0012H00001dolQ1QAI',
'0012H00001dolQ1QAI',
'0012H00001dokjfQAA',
'0012H00001dokjfQAA',
'0012H00001dokjfQAA',
'0012H00001dohbdQAA',
'0012H00001dohVGQAY',
'0012H00001dohVGQAY',
'0012H00001dogv8QAA',
'0012H00001dogv8QAA',
'0012H00001dodZzQAI',
'0012H00001dodZzQAI',
'0012H00001dodWbQAI',
'0012H00001dobBgQAI',
'0012H00001doZJiQAM',
'0012H00001doZJiQAM',
'0012H00001doZBFQA2',
'0012H00001doWR0QAM',
'0012H00001doWR0QAM',
'0012H00001doRDmQAM',
'0012H00001doRDmQAM',
'0012H00001doPK9QAM',
'0012H00001doPDPQA2',
'0012H00001doPDPQA2',
'0012H00001doPAJQA2',
'0012H00001doMJFQA2',
'0012H00001doJSxQAM',
'0012H00001doJSxQAM',
'0012H00001doI5sQAE',
'0012H00001doGiZQAU',
'0012H00001doGiZQAU',
'0012H00001doG2rQAE',
'0012H00001doG1AQAU',
'0012H00001doG1AQAU',
'0012H00001doFxhQAE',
'0012H00001doFxhQAE',
'0012H00001doFwtQAE',
'0012H00001doFwtQAE',
'0012H00001doCQGQA2',
'0012H00001doCJyQAM',
'0012H00001doCJyQAM',
'0012H00001doAfOQAU',
'0012H00001do9N9QAI',
'0012H00001do9LmQAI',
'0012H00001do7hgQAA',
'0012H00001do7hgQAA',
'0012H00001do7L1QAI',
'0012H00001do7L1QAI',
'0012H00001do5KtQAI',
'0012H00001do5KtQAI',
'0012H00001do2lcQAA',
'0012H00001do2eHQAQ',
'0012H00001do2eHQAQ',
'0012H00001do26oQAA',
'0012H00001do0vaQAA',
'0012H00001do0vaQAA',
'0012H00001do0baQAA',
'0012H00001do0baQAA',
'0012H00001do0QNQAY',
'0012H00001dnyvnQAA',
'0012H00001dnvXnQAI',
'0012H00001dnvXnQAI',
'0012H00001dnuFTQAY',
'0012H00001dnsK2QAI',
'0012H00001dnsFvQAI',
'0012H00001dnrtzQAA',
'0012H00001dnrtzQAA',
'0012H00001dnqmEQAQ',
'0012H00001dnqmEQAQ',
'0012H00001dnqlQQAQ',
'0012H00001dnpe9QAA',
'0012H00001dnpOsQAI',
'0012H00001dnnybQAA',
'0012H00001dnnt2QAA',
'0012H00001dnnt2QAA',
'0012H00001dnkvAQAQ',
'0012H00001dnkvAQAQ',
'0012H00001dnkr4QAA',
'0012H00001dnkr4QAA',
'0012H00001dnkjOQAQ',
'0012H00001dnkflQAA',
'0012H00001dnf4QQAQ',
'0012H00001dnev5QAA',
'0012H00001dnev5QAA',
'0012H00001dnNcUQAU',
'0012H00001dnNcUQAU',
'0012H00001dnG4eQAE',
'0012H00001dnG4eQAE',
'0012H00001dnFTxQAM',
'0012H00001dnE3PQAU',
'0012H00001dnE3PQAU',
'0012H00001dnCveQAE',
'0012H00001dnCveQAE',
'0012H00001dmxLHQAY',
'0012H00001dmvxdQAA',
'0012H00001dmvxdQAA',
'0012H00001dmvjqQAA',
'0012H00001dmvjqQAA',
'0012H00001dmvT4QAI',
'0012H00001dmvT4QAI',
'0012H00001dmvPbQAI',
'0012H00001dmvPbQAI',
'0012H00001dmtCaQAI',
'0012H00001dmrQpQAI',
'0012H00001dmq7cQAA',
'0012H00001dmoMaQAI',
'0012H00001dmoHzQAI',
'0012H00001dmoCBQAY',
'0012H00001dmnzlQAA',
'0012H00001dmi3jQAA',
'0012H00001dmhnXQAQ',
'0012H00001dmhnXQAQ',
'0012H00001dmhlLQAQ',
'0012H00001dmhlLQAQ',
'0012H00001dmhj0QAA',
'0012H00001dmhj0QAA',
'0012H00001dmfyuQAA',
'0012H00001dmf7CQAQ',
'0012H00001dmeYqQAI',
'0012H00001dmeQ4QAI',
'0012H00001dmcpuQAA',
'0012H00001dmcgYQAQ',
'0012H00001dmcgYQAQ',
'0012H00001dmcb4QAA',
'0012H00001dmRcuQAE',
'0012H00001dmP7zQAE',
'0012H00001dmNG6QAM',
'0012H00001dmNG6QAM',
'0012H00001dmN7YQAU',
'0012H00001dmN3MQAU',
'0012H00001dmN3MQAU',
'0012H00001dmHppQAE',
'0012H00001dmGjWQAU',
'0012H00001dmD7YQAU',
'0012H00001dmCpAQAU',
'0012H00001dm9EGQAY',
'0012H00001dm9EGQAY',
'0012H00001dm7MDQAY',
'0012H00001dm7LZQAY',
'0012H00001dm5zeQAA',
'0012H00001dm5zeQAA',
'0012H00001dm4yuQAA',
'0012H00001dm3pRQAQ',
'0012H00001dm3pRQAQ',
'0012H00001dm3pRQAQ',
'0012H00001dm3ngQAA',
'0012H00001dm3VWQAY',
'0012H00001dm3HeQAI',
'0012H00001dm2owQAA',
'0012H00001dm2owQAA',
'0012H00001dm2m7QAA',
'0012H00001dlzjoQAA',
'0012H00001dlzjoQAA',
'0012H00001dlwMMQAY',
'0012H00001dlv4wQAA',
'0012H00001dlv4wQAA',
'0012H00001dluFxQAI',
'0012H00001dltKmQAI',
'0012H00001dlsssQAA',
'0012H00001dlssnQAA',
'0012H00001dlssiQAA',
'0012H00001dlssYQAQ',
'0012H00001dlssEQAQ',
'0012H00001dlsrzQAA',
'0012H00001dlsrkQAA',
'0012H00001dlsraQAA',
'0012H00001dlsrWQAQ',
'0012H00001dlsrVQAQ',
'0012H00001dlsrQQAQ',
'0012H00001dlsrLQAQ',
'0012H00001dlsrBQAQ',
'0012H00001dlsr6QAA',
'0012H00001dlsr1QAA',
'0012H00001dlsqxQAA',
'0012H00001dlsqwQAA',
'0012H00001dlsqnQAA',
'0012H00001dlsqmQAA',
'0012H00001dlsqXQAQ',
'0012H00001dlsqIQAQ',
'0012H00001dlsqDQAQ',
'0012H00001dlsq3QAA',
'0012H00001dlspyQAA',
'0012H00001dlspeQAA',
'0012H00001dlspcQAA',
'0012H00001dlspbQAA',
'0012H00001dlspaQAA',
'0012H00001dlspPQAQ',
'0012H00001dlspKQAQ',
'0012H00001dlspGQAQ',
'0012H00001dlsp5QAA',
'0012H00001dlsoqQAA',
'0012H00001dlsogQAA',
'0012H00001dlsoJQAQ',
'0012H00001dlsnZQAQ',
'0012H00001dlsnLQAQ',
'0012H00001dlsnKQAQ',
'0012H00001dlsnEQAQ',
'0012H00001dlsnBQAQ',
'0012H00001dlsn9QAA',
'0012H00001dlsmzQAA',
'0012H00001dlsmwQAA',
'0012H00001dlsmvQAA',
'0012H00001dlsmkQAA',
'0012H00001dlsmhQAA',
'0012H00001dlsmgQAA',
'0012H00001dlsmbQAA',
'0012H00001dlsmVQAQ',
'0012H00001dlsmHQAQ',
'0012H00001dlsmBQAQ',
'0012H00001dlslnQAA',
'0012H00001dlslhQAA',
'0012H00001dlslXQAQ',
'0012H00001dlslJQAQ',
'0012H00001dlslIQAQ',
'0012H00001dlskBQAQ',
'0012H00001dlsjwQAA',
'0012H00001dlsh2QAA',
'0012H00001dlsgsQAA',
'0012H00001dlsgdQAA',
'0012H00001dlsgYQAQ',
'0012H00001dlsaQQAQ',
'0012H00001dlsZOQAY',
'0012H00001dlsZ4QAI',
'0012H00001dlsHxQAI',
'0012H00001dlqk3QAA',
'0012H00001dlqk3QAA',
'0012H00001dlmpTQAQ',
'0012H00001dlmpTQAQ',
'0012H00001dll1wQAA',
'0012H00001dll1wQAA',
'0012H00001dlkvPQAQ',
'0012H00001dAZ2IQAW',
'0012H00001dAXdRQAW',
'0012H00001dAXdRQAW',
'0012H00001dATCRQA4',
'0012H00001dASqzQAG',
'0012H00001dASiCQAW',
'0012H00001dASMzQAO',
'0012H00001dASMzQAO',
'0012H00001dASMfQAO',
'0012H00001dASMfQAO',
'0012H00001dAROzQAO',
'0012H00001dAP2cQAG',
'0012H00001dAO6YQAW',
'0012H00001dAN00QAG',
'0012H00001dAMWoQAO',
'0012H00001dAKtvQAG',
'0012H00001dAI5jQAG',
'0012H00001dAG4ZQAW',
'0012H00001dAG4ZQAW',
'0012H00001dAFMcQAO',
'0012H00001dACAfQAO',
'0012H00001dACAfQAO',
'0012H00001dAB5yQAG',
'0012H00001dA9ubQAC',
'0012H00001dA7vrQAC',
'0012H00001dA6zIQAS',
'0012H00001dA5yOQAS',
'0012H00001dA2ODQA0',
'0012H00001d5nHwQAI',
'0012H00001d5kOuQAI',
'0012H00001d5kOuQAI',
'0012H00001d5jtDQAQ',
'0012H00001d5jk1QAA',
'0012H00001d5jk1QAA',
'0012H00001d5hUfQAI',
'0012H00001d5grOQAQ',
'0012H00001d5g3OQAQ',
'0012H00001d5g3OQAQ',
'0012H00001d5fHAQAY',
'0012H00001d5fHAQAY',
'0012H00001d5ezzQAA',
'0012H00001d5ZaQQAU',
'0012H00001d5ZaQQAU',
'0012H00001d5ZRYQA2',
'0012H00001d5WsWQAU',
'0012H00001d5VVvQAM',
'0012H00001d5VGWQA2',
'0012H00001d5U9eQAE',
'0012H00001d5U0SQAU',
'0012H00001d5QrIQAU',
'0012H00001d5QrIQAU',
'0012H00001d5QpqQAE',
'0012H00001d5QpqQAE',
'0012H00001d5QlKQAU',
'0012H00001d5PvJQAU',
'0012H00001d5MZ6QAM',
'0012H00001d5MZ6QAM',
'0012H00001d5M5VQAU',
'0012H00001d5I73QAE',
'0012H00001d5I73QAE',
'0012H00001d5FdVQAU',
'0012H00001d5FdVQAU',
'0012H00001d5DlXQAU',
'0012H00001d5DfeQAE',
'0012H00001d5DfeQAE',
'0012H00001d5CrFQAU',
'0012H00001d5CrFQAU',
'0012H00001d5Cq7QAE',
'0012H00001d5Cq7QAE',
'0012H00001d5CmPQAU',
'0012H00001d5CmPQAU',
'0012H00001d5ChZQAU',
'0012H00001d5CNyQAM',
'0012H00001d5CNyQAM',
'0012H00001d58qNQAQ',
'0012H00001d58pPQAQ',
'0012H00001d58cvQAA',
'0012H00001d58cvQAA',
'0012H00001d55EVQAY',
'0012H00001d55EVQAY',
'0012H00001d55DmQAI',
'0012H00001d55DmQAI',
'0012H00001d55CPQAY',
'0012H00001d55CPQAY',
'0012H00001d5509QAA',
'0012H00001d54v9QAA',
'0012H00001d54v9QAA',
'0012H00001d54tmQAA',
'0012H00001d54tmQAA',
'0012H00001d54sFQAQ',
'0012H00001d54kzQAA',
'0012H00001d54hgQAA',
'0012H00001d54hgQAA',
'0012H00001d54dZQAQ',
'0012H00001d54dZQAQ',
'0012H00001d52YTQAY',
'0012H00001d52YTQAY',
'0012H00001d511YQAQ',
'0012H00001d4yywQAA',
'0012H00001d4xLyQAI',
'0012H00001d4wy6QAA',
'0012H00001d4wy6QAA',
'0012H00001d4wtaQAA',
'0012H00001d4wtaQAA',
'0012H00001d4skAQAQ',
'0012H00001d4skAQAQ',
'0012H00001d4sidQAA',
'0012H00001d4pkMQAQ',
'0012H00001d4pkMQAQ',
'0012H00001d4p38QAA',
'0012H00001d4p38QAA',
'0012H00001d4nAbQAI',
'0012H00001d4mXoQAI',
'0012H00001d4lVmQAI',
'0012H00001d4jwMQAQ',
'0012H00001d4deWQAQ',
'0012H00001d4anQQAQ',
'0012H00001d4anQQAQ',
'0012H00001d4ZDPQA2',
'0012H00001d4ZDPQA2',
'0012H00001d4XklQAE',
'0012H00001d4XRAQA2',
'0012H00001d4XRAQA2',
'0012H00001d4VO0QAM',
'0012H00001d4UllQAE',
'0012H00001d4ULOQA2',
'0012H00001d4QEMQA2',
'0012H00001d4PjiQAE',
'0012H00001d4NE4QAM',
'0012H00001d4MsJQAU',
'0012H00001d4MsJQAU',
'0012H00001d4LxvQAE',
'0012H00001d4LNnQAM',
'0012H00001d4LNnQAM',
'0012H00001d4J87QAE',
'0012H00001d4J87QAE',
'0012H00001d4HyfQAE',
'0012H00001d4HqHQAU',
'0012H00001d4HqHQAU',
'0012H00001d4HlvQAE',
'0012H00001d4HgbQAE',
'0012H00001d4EquQAE',
'0012H00001d4EquQAE',
'0012H00001d4B77QAE',
'0012H00001d4AfHQAU',
'0012H00001d4AdaQAE',
'0012H00001d49PAQAY',
'0012H00001d48czQAA',
'0012H00001d48czQAA',
'0012H00001d48I1QAI',
'0012H00001d47XAQAY',
'0012H00001d45RKQAY',
'0012H00001d43wNQAQ',
'0012H00001d43wNQAQ',
'0012H00001d42iiQAA',
'0012H00001d3zxoQAA',
'0012H00001d3zxoQAA',
'0012H00001d3zufQAA',
'0012H00001d3zufQAA',
'0012H00001d3zdAQAQ',
'0012H00001d3zdAQAQ',
'0012H00001d3zZwQAI',
'0012H00001d3zQkQAI',
'0012H00001d3zQkQAI',
'0012H00001d3wmVQAQ',
'0012H00001d3tntQAA',
'0012H00001d3tC4QAI',
'0012H00001d3rRCQAY',
'0012H00001d3rHCQAY',
'0012H00001d3rHCQAY',
'0012H00001d3ocbQAA',
'0012H00001d3ocbQAA',
'0012H00001d3nPvQAI',
'0012H00001d3nN1QAI',
'0012H00001d3m5zQAA',
'0012H00001d3izoQAA',
'0012H00001d3izoQAA',
'0012H00001d3MFqQAM',
'0012H00001d3MFqQAM',
'0012H00001d3JyOQAU',
'0012H00001d3JyOQAU',
'0012H00001d3JrIQAU',
'0012H00001d3JjTQAU',
'0012H00001d3JjTQAU',
'0012H00001d3JJGQA2',
'0012H00001d3JJGQA2',
'0012H00001d3JEHQA2',
'0012H00001d3HvbQAE',
'0012H00001d3HvbQAE',
'0012H00001d3HIFQA2',
'0012H00001d3Gv1QAE',
'0012H00001d3FQRQA2',
'0012H00001d3DhpQAE',
'0012H00001d3DhpQAE',
'0012H00001d3DccQAE',
'0012H00001d3DccQAE',
'0012H00001d3D0cQAE',
'0012H00001d3D0cQAE',
'0012H00001d3CopQAE',
'0012H00001d3CoaQAE',
'0012H00001d3AylQAE',
'0012H00001d38ueQAA',
'0012H00001d38ueQAA',
'0012H00001d38ueQAA',
'0012H00001d35xLQAQ',
'0012H00001d35vFQAQ',
'0012H00001d35skQAA',
'0012H00001d35skQAA',
'0012H00001d34bTQAQ',
'0012H00001d34bTQAQ',
'0012H00001d32eKQAQ',
'0012H00001d2z0tQAA',
'0012H00001d2z0tQAA',
'0012H00001d2yLgQAI',
'0012H00001d2wfOQAQ',
'0012H00001d2wfOQAQ',
'0012H00001d2wFuQAI',
'0012H00001d2vZtQAI',
'0012H00001d2twdQAA',
'0012H00001d2twdQAA',
'0012H00001d2jwgQAA',
'0012H00001d2jfVQAQ',
'0012H00001d2jfVQAQ',
'0012H00001d2jIRQAY',
'0012H00001d2jIRQAY',
'0012H00001d2hZDQAY',
'0012H00001d2gMVQAY',
'0012H00001d2fYaQAI',
'0012H00001d2fYaQAI',
'0012H00001d2eu1QAA',
'0012H00001d2eUwQAI',
'0012H00001d2cksQAA',
'0012H00001d2cKQQAY',
'0012H00001d2b4qQAA',
'0012H00001d2YPMQA2',
'0012H00001d2YPMQA2',
'0012H00001d2VY6QAM',
'0012H00001d2VY6QAM',
'0012H00001d2UWKQA2',
'0012H00001d2UWKQA2',
'0012H00001d2UWKQA2',
'0012H00001d2T65QAE',
'0012H00001d2T65QAE',
'0012H00001d2PGoQAM',
'0012H00001d2PGoQAM',
'0012H00001d2OglQAE',
'0012H00001d2Kj7QAE',
'0012H00001d2KfFQAU',
'0012H00001d2KfFQAU',
'0012H00001d2KPgQAM',
'0012H00001d2KPgQAM',
'0012H00001d2JSPQA2',
'0012H00001d2JSPQA2',
'0012H00001d2HkgQAE',
'0012H00001d2HkgQAE',
'0012H00001d2GnFQAU',
'0012H00001d2GfkQAE',
'0012H00001d2G0lQAE',
'0012H00001d2FPGQA2',
'0012H00001d2F3AQAU',
'0012H00001d2F3AQAU',
'0012H00001d2DrmQAE',
'0012H00001d2DrmQAE',
'0012H00001d2DTQQA2',
'0012H00001d2AQTQA2',
'0012H00001d2AQTQA2',
'0012H00001d28VMQAY',
'0012H00001d279yQAA',
'0012H00001ctCu4QAE',
'0012H00001ctCL4QAM',
'0012H00001ctCF6QAM',
'0012H00001ctCF6QAM',
'0012H00001ctBp8QAE',
'0012H00001ctBPPQA2',
'0012H00001ct6TbQAI',
'0012H00001ct6TbQAI',
'0012H00001ct6MBQAY',
'0012H00001ct6MBQAY',
'0012H00001ct6DJQAY',
'0012H00001ct0qPQAQ',
'0012H00001cswI9QAI',
'0012H00001cswEqQAI',
'0012H00001cswBwQAI',
'0012H00001csvv0QAA',
'0012H00001csvhSQAQ',
'0012H00001csvhSQAQ',
'0012H00001csujcQAA',
'0012H00001csuToQAI',
'0012H00001csuToQAI',
'0012H00001csuMdQAI',
'0012H00001csuMdQAI',
'0012H00001csr8YQAQ',
'0012H00001csr3EQAQ',
'0012H00001csqugQAA',
'0012H00001cspgJQAQ',
'0012H00001cspgJQAQ',
'0012H00001csm68QAA',
'0012H00001csm4SQAQ',
'0012H00001cslgAQAQ',
'0012H00001cslUxQAI',
'0012H00001cslNhQAI',
'0012H00001cslNhQAI',
'0012H00001cslDNQAY',
'0012H00001cslDNQAY',
'0012H00001cslC0QAI',
'0012H00001csl8rQAA',
'0012H00001cshnlQAA',
'0012H00001csfenQAA',
'0012H00001csfenQAA',
'0012H00001csf1QQAQ',
'0012H00001csf1QQAQ',
'0012H00001csdWbQAI',
'0012H00001csdWbQAI',
'0012H00001csbRvQAI',
'0012H00001csagaQAA',
'0012H00001csWKwQAM',
'0012H00001csWJUQA2',
'0012H00001csWJUQA2',
'0012H00001csVTZQA2',
'0012H00001csVSLQA2',
'0012H00001csR9EQAU',
'0012H00001csGeyQAE',
'0012H00001csFLWQA2',
'0012H00001csFLWQA2',
'0012H00001csB2tQAE',
'0012H00001csB2tQAE',
'0012H00001cs8JNQAY',
'0012H00001cs8IoQAI',
'0012H00001cs5mHQAQ',
'0012H00001cs5mHQAQ',
'0012H00001cs5Y5QAI',
'0012H00001cs5Y5QAI',
'0012H00001cs4pFQAQ',
'0012H00001cs4TYQAY',
'0012H00001cs4TYQAY',
'0012H00001cs35QQAQ',
'0012H00001cs35QQAQ',
'0012H00001cs1rDQAQ',
'0012H00001cs1geQAA',
'0012H00001cs19BQAQ',
'0012H00001cs19BQAQ',
'0012H00001cs0NCQAY',
'0012H00001cs0NCQAY',
'0012H00001cs05SQAQ',
'0012H00001crzPCQAY',
'0012H00001crzPCQAY',
'0012H00001crzBoQAI',
'0012H00001crtMGQAY',
'0012H00001crlZTQAY',
'0012H00001crlQRQAY',
'0012H00001crlNIQAY',
'0012H00001crlLqQAI',
'0012H00001crTewQAE',
'0012H00001crTb9QAE',
'0012H00001crTb9QAE',
'0012H00001crT9yQAE',
'0012H00001crT9yQAE',
'0012H00001crORzQAM',
'0012H00001crO0ZQAU',
'0012H00001crN33QAE',
'0012H00001crMVzQAM',
'0012H00001crMVzQAM',
'0012H00001crLZnQAM',
'0012H00001crK7aQAE',
'0012H00001crK7aQAE',
'0012H00001crJTaQAM',
'0012H00001crEBFQA2',
'0012H00001crE8pQAE',
'0012H00001crE8pQAE',
'0012H00001crDtMQAU',
'0012H00001crDJDQA2',
'0012H00001crCn2QAE',
'0012H00001crCn2QAE',
'0012H00001cr9jbQAA',
'0012H00001cr98pQAA',
'0012H00001cr4iiQAA',
'0012H00001cr4PCQAY',
'0012H00001cr3ziQAA',
'0012H00001cr3ziQAA',
'0012H00001cr3sKQAQ',
'0012H00001cqyz4QAA',
'0012H00001cqyTIQAY',
'0012H00001cqyP1QAI',
'0012H00001cqxlGQAQ',
'0012H00001cqxlGQAQ',
'0012H00001cqviZQAQ',
'0012H00001cqvUNQAY',
'0012H00001cqvAYQAY',
'0012H00001cqsxtQAA',
'0012H00001cqsTMQAY',
'0012H00001cqs1rQAA',
'0012H00001cqqRrQAI',
'0012H00001cqqPWQAY',
'0012H00001cqqCSQAY',
'0012H00001cqlidQAA',
'0012H00001cqhWOQAY',
'0012H00001cqhWOQAY',
'0012H00001cqfyjQAA',
'0012H00001cqbmoQAA',
'0012H00001cqbmoQAA',
'0012H00001cqbhoQAA',
'0012H00001cqbR2QAI',
'0012H00001cqbR2QAI',
'0012H00001cqXbwQAE',
'0012H00001cqXbwQAE',
'0012H00001cqXUbQAM',
'0012H00001cqWlgQAE',
'0012H00001cqWKLQA2',
'0012H00001cqWKLQA2',
'0012H00001cqVawQAE',
'0012H00001cqVawQAE',
'0012H00001cqVawQAE',
'0012H00001cqRZkQAM',
'0012H00001cqQlBQAU',
'0012H00001cqQlBQAU',
'0012H00001cqQeKQAU',
'0012H00001cqQeKQAU',
'0012H00001cqMw0QAE',
'0012H00001cqMw0QAE',
'0012H00001cqMmoQAE',
'0012H00001cqMmoQAE',
'0012H00001cqMK1QAM',
'0012H00001cqMK1QAM',
'0012H00001cqLDOQA2',
'0012H00001cqEEMQA2',
'0012H00001cq9k3QAA',
'0012H00001cq86lQAA',
'0012H00001cq4OqQAI',
'0012H00001cq2uzQAA',
'0012H00001cq2uzQAA',
'0012H00001cq26vQAA',
'0012H00001cq0LOQAY',
'0012H00001cpztoQAA',
'0012H00001cpzZAQAY',
'0012H00001cpzZAQAY',
'0012H00001cpzAjQAI',
'0012H00001cpzAjQAI',
'0012H00001cpxPuQAI',
'0012H00001cpxKLQAY',
'0012H00001cpuzwQAA',
'0012H00001cpunaQAA',
'0012H00001cpuc8QAA',
'0012H00001cpuWyQAI',
'0012H00001cpqrQQAQ',
'0012H00001cplCeQAI',
'0012H00001cpknBQAQ',
'0012H00001cpkNbQAI',
'0012H00001cpj5qQAA',
'0012H00001cpfVsQAI',
'0012H00001cpeurQAA',
'0012H00001cpec4QAA',
'0012H00001cpe51QAA',
'0012H00001cpe51QAA',
'0012H00001cpdbWQAQ',
'0012H00001cpdVmQAI',
'0012H00001cpd7bQAA',
'0012H00001cpamhQAA',
'0012H00001cpaGPQAY',
'0012H00001cpaBKQAY',
'0012H00001cpaAgQAI',
'0012H00001cpaAgQAI',
'0012H00001cpZlHQAU',
'0012H00001cpZlHQAU',
'0012H00001cpZ22QAE',
'0012H00001cpYJ7QAM',
'0012H00001cpVkrQAE',
'0012H00001cpV99QAE',
'0012H00001cpV99QAE',
'0012H00001cpUyQQAU',
'0012H00001cpUs8QAE',
'0012H00001cpTzhQAE',
'0012H00001cpQPQQA2',
'0012H00001cpQ7LQAU',
'0012H00001cpPmSQAU',
'0012H00001cpPmSQAU',
'0012H00001cpPbjQAE',
'0012H00001cpP5EQAU',
'0012H00001cpOvnQAE',
'0012H00001cpOvnQAE',
'0012H00001cpLCeQAM',
'0012H00001cpKNbQAM',
'0012H00001cpJIPQA2',
'0012H00001cpGRIQA2',
'0012H00001cpFrPQAU',
'0012H00001cpFrPQAU',
'0012H00001cpFqMQAU',
'0012H00001cpFiXQAU',
'0012H00001cpCMAQA2',
'0012H00001cpBpUQAU',
'0012H00001cp7kLQAQ',
'0012H00001cp6wLQAQ',
'0012H00001cp6wLQAQ',
'0012H00001cp6O4QAI',
'0012H00001cp6CwQAI',
'0012H00001cp5bgQAA',
'0012H00001cp5bgQAA',
'0012H00001cp4xWQAQ',
'0012H00001ckE4QQAU',
'0012H00001ckDXlQAM',
'0012H00001ckDXlQAM',
'0012H00001ckDWiQAM',
'0012H00001ckBroQAE',
'0012H00001ckBroQAE',
'0012H00001ckBGFQA2',
'0012H00001ckBGFQA2',
'0012H00001ckASUQA2',
'0012H00001ckASUQA2',
'0012H00001ckAIfQAM',
'0012H00001ck9nlQAA',
'0012H00001ck7ZNQAY',
'0012H00001ck7LfQAI',
'0012H00001ck73bQAA',
'0012H00001ck5jMQAQ',
'0012H00001ck5ErQAI',
'0012H00001ck5ErQAI',
'0012H00001ck4mEQAQ',
'0012H00001ck43EQAQ',
'0012H00001ck43EQAQ',
'0012H00001ck3nBQAQ',
'0012H00001ck1qhQAA',
'0012H00001ck1lcQAA',
'0012H00001cjwArQAI',
'0012H00001cjtBKQAY',
'0012H00001cjrqbQAA',
'0012H00001cjrFVQAY',
'0012H00001cjrFVQAY',
'0012H00001cjqVrQAI',
'0012H00001cjp8XQAQ',
'0012H00001cjp8XQAQ',
'0012H00001cjlA6QAI',
'0012H00001cjlA6QAI',
'0012H00001cjg3mQAA',
'0012H00001cjg3mQAA',
'0012H00001cjddUQAQ',
'0012H00001cjcwLQAQ',
'0012H00001cjcrBQAQ',
'0012H00001cPpOMQA0',
'0012H00001cPlaxQAC',
'0012H00001cPknbQAC',
'0012H00001cPk04QAC',
'0012H00001cPhA1QAK',
'0012H00001cPgA0QAK',
'0012H00001cPemgQAC',
'0012H00001cPeZhQAK',
'0012H00001cPdnHQAS',
'0012H00001cPdnHQAS',
'0012H00001cPc9cQAC',
'0012H00001cPc9cQAC',
'0012H00001cPaMhQAK',
'0012H00001cPXSBQA4',
'0012H00001cPVQBQA4',
'0012H00001cPTPUQA4',
'0012H00001cPOvKQAW',
'0012H00001cPMQYQA4',
'0012H00001cPLYnQAO',
'0012H00001cPL76QAG',
'0012H00001cPJiPQAW',
'0012H00001cPHhPQAW',
'0012H00001cPHhPQAW',
'0012H00001cPDSfQAO',
'0012H00001cPDSLQA4',
'0012H00001cPDSLQA4',
'0012H00001cPAmHQAW',
'0012H00001cP6C5QAK',
'0012H00001cP6C5QAK',
'0012H00001cP2LIQA0',
'0012H00001cP2LIQA0',
'0012H00001cP1loQAC',
'0012H00001cP1loQAC',
'0012H00001cP0diQAC',
'0012H00001cP0diQAC',
'0012H00001cP0c6QAC',
'0012H00001cP0c6QAC',
'0012H00001cOvegQAC',
'0012H00001cOuBiQAK',
'0012H00001cOuBiQAK',
'0012H00001cOsDiQAK',
'0012H00001cOsDiQAK',
'0012H00001cOpsSQAS',
'0012H00001cOowOQAS',
'0012H00001cOicIQAS',
'0012H00001cOcKvQAK',
'0012H00001cOc65QAC',
'0012H00001cOc65QAC',
'0012H00001cObtVQAS',
'0012H00001cOb7gQAC',
'0012H00001cOb7gQAC',
'0012H00001cOag6QAC',
'0012H00001cOYz3QAG',
'0012H00001cOUoHQAW',
'0012H00001cOUIfQAO',
'0012H00001cOUIfQAO',
'0012H00001cOUFlQAO',
'0012H00001cOUFlQAO',
'0012H00001cOU3zQAG',
'0012H00001cOU3pQAG',
'0012H00001cOTy6QAG',
'0012H00001cOTy6QAG',
'0012H00001cOTokQAG',
'0012H00001cOTokQAG',
'0012H00001cOTlRQAW',
'0012H00001cOTlRQAW',
'0012H00001cOTj7QAG',
'0012H00001cOTRbQAO',
'0012H00001cORu2QAG',
'0012H00001cORu2QAG',
'0012H00001cORhXQAW',
'0012H00001cORf2QAG',
'0012H00001cORIwQAO',
'0012H00001cORIwQAO',
'0012H00001cOR4AQAW',
'0012H00001cOOiPQAW',
'0012H00001cOOiPQAW',
'0012H00001cOOTAQA4',
'0012H00001cOODGQA4',
'0012H00001cONx2QAG',
'0012H00001cONx2QAG',
'0012H00001cOJzJQAW',
'0012H00001cOGHzQAO',
'0012H00001cOFaHQAW',
'0012H00001cOFHFQA4',
'0012H00001cOD9SQAW',
'0012H00001cOD9SQAW',
'0012H00001cOCvfQAG',
'0012H00001cOCSEQA4',
'0012H00001cOBBTQA4',
'0012H00001cOAurQAG',
'0012H00001cOAurQAG',
'0012H00001cOA76QAG',
'0012H00001cO7yMQAS',
'0012H00001cO6wUQAS',
'0012H00001cO5mcQAC',
'0012H00001cO3VXQA0',
'0012H00001cNygcQAC',
'0012H00001cNygcQAC',
'0012H00001cNwVDQA0',
'0012H00001cNtsnQAC',
'0012H00001cNtsnQAC',
'0012H00001cNtJsQAK',
'0012H00001cNstpQAC',
'0012H00001cNstpQAC',
'0012H00001cNsr0QAC',
'0012H00001cNs2HQAS',
'0012H00001cNrbaQAC',
'0012H00001cNr3tQAC',
'0012H00001cNmiGQAS',
'0012H00001cNmEkQAK',
'0012H00001cNlr7QAC',
'0012H00001cNlr7QAC',
'0012H00001cNkfyQAC',
'0012H00001cNjrAQAS',
'0012H00001cNjpYQAS',
'0012H00001cNjpTQAS',
'0012H00001cNiGrQAK',
'0012H00001cNiGrQAK',
'0012H00001cNiEXQA0',
'0012H00001cNiEXQA0',
'0012H00001cNiA0QAK',
'0012H00001cNiA0QAK',
'0012H00001cNhpvQAC',
'0012H00001cNhfvQAC',
'0012H00001cNh1IQAS',
'0012H00001cNh1IQAS',
'0012H00001cNeQAQA0',
'0012H00001cNcgZQAS',
'0012H00001cNaK2QAK',
'0012H00001cNZhtQAG',
'0012H00001cNZhtQAG',
'0012H00001cNZVsQAO',
'0012H00001cNR9CQAW',
'0012H00001cNQveQAG',
'0012H00001cNOKuQAO',
'0012H00001cNOKuQAO',
'0012H00001cNNeBQAW',
'0012H00001cNLfHQAW',
'0012H00001cNK9nQAG',
'0012H00001cNHWLQA4',
'0012H00001cNHGIQA4',
'0012H00001cNHGIQA4',
'0012H00001cNFcVQAW',
'0012H00001cNDgzQAG',
'0012H00001cNDgzQAG',
'0012H00001cN9dIQAS',
'0012H00001cN8DPQA0',
'0012H00001cN87kQAC',
'0012H00001cN7vyQAC',
'0012H00001cN7CoQAK',
'0012H00001cN6MUQA0',
'0012H00001cN5cMQAS',
'0012H00001cN3u3QAC',
'0012H00001cN3u3QAC',
'0012H00001cN3sqQAC',
'0012H00001cN3sqQAC',
'0012H00001cN3CfQAK',
'0012H00001cN3AZQA0',
'0012H00001cN2rYQAS',
'0012H00001cN2Q7QAK',
'0012H00001cN2O6QAK',
'0012H00001cN1D1QAK',
'0012H00001cN13BQAS',
'0012H00001cMy9JQAS',
'0012H00001cMxIPQA0',
'0012H00001cMwP6QAK',
'0012H00001cMv9SQAS',
'0012H00001cMo6VQAS',
'0012H00001cMo45QAC',
'0012H00001cMmQiQAK',
'0012H00001cMlNyQAK',
'0012H00001cMl0ZQAS',
'0012H00001cMl0ZQAS',
'0012H00001cMkCyQAK',
'0012H00001cMjwvQAC',
'0012H00001cMiSRQA0',
'0012H00001cMeTIQA0',
'0012H00001cMeTIQA0',
'0012H00001cMbQnQAK',
'0012H00001cMbQnQAK',
'0012H00001cMZduQAG',
'0012H00001cMWP6QAO',
'0012H00001cM8jvQAC',
'0012H00001cM8jvQAC',
'0012H00001cLldyQAC',
'0012H00001cLldyQAC',
'0012H00001cHNclQAG',
'0012H00001cHN8kQAG',
'0012H00001cHN8QQAW',
'0012H00001cHN8GQAW',
'0012H00001cHN8BQAW',
'0012H00001cHN8AQAW',
'0012H00001cHN80QAG',
'0012H00001cHN7sQAG',
'0012H00001cHN7SQAW',
'0012H00001cHN7LQAW',
'0012H00001cHN7EQAW',
'0012H00001cHN6eQAG',
'0012H00001cHN6TQAW',
'0012H00001cHN6SQAW',
'0012H00001cHN6RQAW',
'0012H00001cHN5zQAG',
'0012H00001cHN5wQAG',
'0012H00001cHN5uQAG',
'0012H00001cHN5lQAG',
'0012H00001cHJ26QAG',
'0012H00001cHFpDQAW',
'0012H00001cHDiyQAG',
'0012H00001cH9GnQAK',
'0012H00001cH97bQAC',
'0012H00001cH0EHQA0',
'0012H00001cGzt1QAC',
'0012H00001cGy48QAC',
'0012H00001cGxAJQA0',
'0012H00001cGxAJQA0',
'0012H00001cGvwLQAS',
'0012H00001cGvwLQAS',
'0012H00001cGvqXQAS',
'0012H00001cGvqXQAS',
'0012H00001cGlb5QAC',
'0012H00001cGkuKQAS',
'0012H00001cGkuKQAS',
'0012H00001cGkmGQAS',
'0012H00001cGjFkQAK',
'0012H00001cGijtQAC',
'0012H00001cGijtQAC',
'0012H00001cGdqIQAS',
'0012H00001cGaKYQA0',
'0012H00001cGaKYQA0',
'0012H00001cGYT8QAO',
'0012H00001cGTFfQAO',
'0012H00001cGTFfQAO',
'0012H00001cGT5GQAW',
'0012H00001cGT5GQAW',
'0012H00001cGSfXQAW',
'0012H00001cGSfXQAW',
'0012H00001cGSEMQA4',
'0012H00001cGS9WQAW',
'0012H00001cGS9WQAW',
'0012H00001cGRlKQAW',
'0012H00001cGLmPQAW',
'0012H00001cGKrnQAG',
'0012H00001cGKl6QAG',
'0012H00001cGFAxQAO',
'0012H00001cGFAxQAO',
'0012H00001cGD6sQAG',
'0012H00001cGD6sQAG',
'0012H00001cG4tgQAC',
'0012H00001cG3RpQAK',
'0012H00001cG3RpQAK',
'0012H00001cG1zBQAS',
'0012H00001cG1zBQAS',
'0012H00001cG1vxQAC',
'0012H00001cG1vxQAC',
'0012H00001cG1vEQAS',
'0012H00001cG1vEQAS',
'0012H00001cG1erQAC',
'0012H00001cG06AQAS',
'0012H00001cG06AQAS',
'0012H00001cFx4IQAS',
'0012H00001cFx4IQAS',
'0012H00001cFvsXQAS',
'0012H00001cFvsXQAS',
'0012H00001cFtXiQAK',
'0012H00001cFsmSQAS',
'0012H00001cFrocQAC',
'0012H00001cFmZXQA0',
'0012H00001cFmZXQA0',
'0012H00001cFm03QAC',
'0012H00001cFm03QAC',
'0012H00001cFlgIQAS',
'0012H00001cFlgIQAS',
'0012H00001cFl1KQAS',
'0012H00001cFkqvQAC',
'0012H00001cFiXNQA0',
'0012H00001cFhHaQAK',
'0012H00001cFgraQAC',
'0012H00001cFdfcQAC',
'0012H00001cFZTlQAO',
'0012H00001cFXCJQA4',
'0012H00001cFWj2QAG',
'0012H00001cFRvCQAW',
'0012H00001cFRTcQAO',
'0012H00001cFRSKQA4',
'0012H00001cFRQOQA4',
'0012H00001cFNtDQAW',
'0012H00001cFNssQAG',
'0012H00001cFMT3QAO',
'0012H00001cFMT3QAO',
'0012H00001cFMFpQAO',
'0012H00001cFMFpQAO',
'0012H00001cFM6EQAW',
'0012H00001cFJfYQAW',
'0012H00001cFH0nQAG',
'0012H00001cFFVYQA4',
'0012H00001cFESdQAO',
'0012H00001cFDUqQAO',
'0012H00001cFDNLQA4',
'0012H00001cF9mbQAC',
'0012H00001cF7NkQAK',
'0012H00001cF7NkQAK',
'0012H00001cF6msQAC',
'0012H00001cF6eeQAC',
'0012H00001cF6YlQAK',
'0012H00001cF66wQAC',
'0012H00001cF5K4QAK',
'0012H00001cF4sjQAC',
'0012H00001cEzmkQAC',
'0012H00001cEyyeQAC',
'0012H00001cExmmQAC',
'0012H00001cExWFQA0',
'0012H00001cEwyDQAS',
'0012H00001cEwUrQAK',
'0012H00001cEwUrQAK',
'0012H00001cErYSQA0',
'0012H00001cErLcQAK',
'0012H00001cEqo9QAC',
'0012H00001cEqcNQAS',
'0012H00001cEpy8QAC',
'0012H00001cEppkQAC',
'0012H00001cEpR9QAK',
'0012H00001cEpR9QAK',
'0012H00001cEpOKQA0',
'0012H00001cEp6LQAS',
'0012H00001cEohkQAC',
'0012H00001cElMcQAK',
'0012H00001cEklWQAS',
'0012H00001cEjWZQA0',
'0012H00001cEh3yQAC',
'0012H00001cEfnfQAC',
'0012H00001cEfloQAC',
'0012H00001cEfRKQA0',
'0012H00001cEfRKQA0',
'0012H00001cEf9pQAC',
'0012H00001cEexeQAC',
'0012H00001cEdVtQAK',
'0012H00001cEdTdQAK',
'0012H00001cEdTdQAK',
'0012H00001cEZFNQA4',
'0012H00001cEYa5QAG',
'0012H00001cEYa5QAG',
'0012H00001cEXSAQA4',
'0012H00001cEShGQAW',
'0012H00001cESMDQA4',
'0012H00001cERTWQA4',
'0012H00001cERTWQA4',
'0012H00001cEQFiQAO',
'0012H00001cEQFiQAO',
'0012H00001cEPkkQAG',
'0012H00001cEPdlQAG',
'0012H00001cEPdlQAG',
'0012H00001cELNDQA4',
'0012H00001cEKvJQAW',
'0012H00001cEKjDQAW',
'0012H00001cEJBFQA4',
'0012H00001cEIEhQAO',
'0012H00001cEI0uQAG',
'0012H00001cEGtYQAW',
'0012H00001cEGtYQAW',
'0012H00001cEF2EQAW',
'0012H00001cEEsxQAG',
'0012H00001cEDM2QAO',
'0012H00001cEDKpQAO',
'0012H00001cEBB7QAO',
'0012H00001cEBAEQA4',
'0012H00001cEB0dQAG',
'0012H00001cEATLQA4',
'0012H00001cE7VtQAK',
'0012H00001cE77MQAS',
'0012H00001cE5wrQAC',
'0012H00001cE4v0QAC',
'0012H00001cE4eOQAS',
'0012H00001cE21SQAS',
'0012H00001cE1ImQAK',
'0012H00001cDzGfQAK',
'0012H00001cDzGfQAK',
'0012H00001cDwmDQAS',
'0012H00001cDwmDQAS',
'0012H00001cDwTLQA0',
'0012H00001cDvuLQAS',
'0012H00001cDuN6QAK',
'0012H00001cDtlHQAS',
'0012H00001cDmPYQA0',
'0012H00001cDkJTQA0',
'0012H00001cDkJTQA0',
'0012H00001cDdMmQAK',
'0012H00001cDd5CQAS',
'0012H00001cDd1AQAS',
'0012H00001cDcm0QAC',
'0012H00001cDcWHQA0',
'0012H00001cDcSyQAK',
'0012H00001cDWyqQAG',
'0012H00001cDWyqQAG',
'0012H00001cDWI1QAO',
'0012H00001cDVdOQAW',
'0012H00001cDV5kQAG',
'0012H00001cDOOdQAO',
'0012H00001cDOCXQA4',
'0012H00001cDMtyQAG',
'0012H00001cDITgQAO',
'0012H00001cDIKUQA4',
'0012H00001cDI13QAG',
'0012H00001cDGmVQAW',
'0012H00001cDGEEQA4',
'0012H00001cDGEEQA4',
'0012H00001bo3H5QAI',
'0012H00001bo2dKQAQ',
'0012H00001bo1RmQAI',
'0012H00001bo1LUQAY',
'0012H00001bnxToQAI',
'0012H00001bnrujQAA',
'0012H00001bnojiQAA',
'0012H00001bnojiQAA',
'0012H00001bnojiQAA',
'0012H00001bnnYAQAY',
'0012H00001bnnLpQAI',
'0012H00001bnh3pQAA',
'0012H00001bngs9QAA',
'0012H00001bngekQAA',
'0012H00001bngWMQAY',
'0012H00001bngWMQAY',
'0012H00001bnev5QAA',
'0012H00001bneosQAA',
'0012H00001bneltQAA',
'0012H00001bncBZQAY',
'0012H00001bncBZQAY',
'0012H00001bnavWQAQ',
'0012H00001bnavWQAQ',
'0012H00001bnYr7QAE',
'0012H00001bnYr7QAE',
'0012H00001bnGiMQAU',
'0012H00001bnF5dQAE',
'0012H00001bnF0iQAE',
'0012H00001bnElTQAU',
'0012H00001bnEjwQAE',
'0012H00001bnDP3QAM',
'0012H00001bn9NMQAY',
'0012H00001bn9I7QAI',
'0012H00001bn9I7QAI',
'0012H00001bn8w6QAA',
'0012H00001bn8w6QAA',
'0012H00001bn8raQAA',
'0012H00001bn8raQAA',
'0012H00001bn52PQAQ',
'0012H00001bn52PQAQ',
'0012H00001bn3lnQAA',
'0012H00001bn3lnQAA',
'0012H00001bn38pQAA',
'0012H00001bn38pQAA',
'0012H00001bn2ozQAA',
'0012H00001bn1kgQAA',
'0012H00001bmwoSQAQ',
'0012H00001bmwC9QAI',
'0012H00001bmwC9QAI',
'0012H00001bmv2mQAA',
'0012H00001bmuvMQAQ',
'0012H00001bmu72QAA',
'0012H00001bmpuDQAQ',
'0012H00001bmpuDQAQ',
'0012H00001bmpsqQAA',
'0012H00001bmpfhQAA',
'0012H00001bmpdvQAA',
'0012H00001bmoNwQAI',
'0012H00001bmevAQAQ',
'0012H00001bmdFlQAI',
'0012H00001bmcpnQAA',
'0012H00001bmcpnQAA',
'0012H00001bmbSJQAY',
'0012H00001bmYF6QAM',
'0012H00001bmXAjQAM',
'0012H00001bmWZJQA2',
'0012H00001bmW3cQAE',
'0012H00001bmVmbQAE',
'0012H00001bmVMnQAM',
'0012H00001bmTYwQAM',
'0012H00001bmQghQAE',
'0012H00001bmQf0QAE',
'0012H00001bmMy7QAE',
'0012H00001bmMRSQA2',
'0012H00001bmMRSQA2',
'0012H00001bmMPMQA2',
'0012H00001bmMPMQA2',
'0012H00001bmM2mQAE',
'0012H00001bmLykQAE',
'0012H00001bm9SsQAI',
'0012H00001bm9AtQAI',
'0012H00001bm7j8QAA',
'0012H00001bm6mbQAA',
'0012H00001bm6mbQAA',
'0012H00001bm6MhQAI',
'0012H00001bm6MhQAI',
'0012H00001bm6C8QAI',
'0012H00001bm65lQAA',
'0012H00001bm4y5QAA',
'0012H00001bm1ptQAA',
'0012H00001blz2LQAQ',
'0012H00001blwMLQAY',
'0012H00001blwMLQAY',
'0012H00001blugJQAQ',
'0012H00001bluKhQAI',
'0012H00001blu79QAA',
'0012H00001blnyGQAQ',
'0012H00001bln43QAA',
'0012H00001bln43QAA',
'0012H00001bliJcQAI',
'0012H00001blhcOQAQ',
'0012H00001blgHKQAY',
'0012H00001blXkJQAU',
'0012H00001blX9lQAE',
'0012H00001blX9lQAE',
'0012H00001blX3iQAE',
'0012H00001blWkqQAE',
'0012H00001blWkqQAE',
'0012H00001blT7HQAU',
'0012H00001blSt0QAE',
'0012H00001blSERQA2',
'0012H00001blKKiQAM',
'0012H00001blJldQAE',
'0012H00001blJ5wQAE',
'0012H00001blI2cQAE',
'0012H00001blFgZQAU',
'0012H00001blDt6QAE',
'0012H00001blDOdQAM',
'0012H00001blCrJQAU',
'0012H00001blCHQQA2',
'0012H00001blC2pQAE',
'0012H00001bl7NFQAY',
'0012H00001bl2k1QAA',
'0012H00001bl2k1QAA',
'0012H00001bkx7OQAQ',
'0012H00001bkwpBQAQ',
'0012H00001bkwpBQAQ',
'0012H00001bkwCNQAY',
'0012H00001bkwCNQAY',
'0012H00001bkvUpQAI',
'0012H00001bkvUpQAI',
'0012H00001bkqpcQAA',
'0012H00001bkqGhQAI',
'0012H00001bkq3iQAA',
'0012H00001bkpE6QAI',
'0012H00001bkgCaQAI',
'0012H00001bkgAoQAI',
'0012H00001bkgAoQAI',
'0012H00001bkeFcQAI',
'0012H00001bkdv3QAA',
'0012H00001bkd9EQAQ',
'0012H00001bkd9EQAQ',
'0012H00001bkY5SQAU',
'0012H00001bkXESQA2',
'0012H00001bkWxWQAU',
'0012H00001bkWxWQAU',
'0012H00001bkWhnQAE',
'0012H00001bkVWFQA2',
'0012H00001bkQUWQA2',
'0012H00001bkQUWQA2',
'0012H00001bkP1EQAU',
'0012H00001bkOsXQAU',
'0012H00001bkIt4QAE',
'0012H00001bkIt4QAE',
'0012H00001bkIBCQA2',
'0012H00001bkH6RQAU',
'0012H00001bkFMCQA2',
'0012H00001bk9PNQAY',
'0012H00001bk9PNQAY',
'0012H00001bk7rgQAA',
'0012H00001bk7rgQAA',
'0012H00001bk7o7QAA',
'0012H00001bjyzuQAA',
'0012H00001bjyDVQAY',
'0012H00001bjwulQAA',
'0012H00001bjwqjQAA',
'0012H00001bjvSWQAY',
'0012H00001bjvMTQAY',
'0012H00001bjvMTQAY',
'0012H00001bR7KNQA0',
'0012H00001bR3LGQA0',
'0012H00001bR33DQAS',
'0012H00001bR316QAC',
'0012H00001bR2sOQAS',
'0012H00001bR28VQAS',
'0012H00001bR1usQAC',
'0012H00001bR1ONQA0',
'0012H00001bQzrrQAC',
'0012H00001bQtcAQAS',
'0012H00001bQt5QQAS',
'0012H00001bQt5QQAS',
'0012H00001bQmRcQAK',
'0012H00001bQmRcQAK',
'0012H00001bQllRQAS',
'0012H00001bQllRQAS',
'0012H00001bQkK0QAK',
'0012H00001bQkK0QAK',
'0012H00001bQfSYQA0',
'0012H00001bQf7kQAC',
'0012H00001bQeCtQAK',
'0012H00001bQcnxQAC',
'0012H00001bQcjRQAS',
'0012H00001bQcjRQAS',
'0012H00001bQcXaQAK',
'0012H00001bQcEYQA0',
'0012H00001bQa6hQAC',
'0012H00001bQYROQA4',
'0012H00001bQTKIQA4',
'0012H00001bQT4FQAW',
'0012H00001bQRaYQAW',
'0012H00001bQNJQQA4',
'0012H00001bQN7yQAG',
'0012H00001bQMySQAW',
'0012H00001bQMSbQAO',
'0012H00001bQMSbQAO',
'0012H00001bQJzkQAG',
'0012H00001bQHbhQAG',
'0012H00001bQCdYQAW',
'0012H00001bQADmQAO',
'0012H00001bQ9lJQAS',
'0012H00001bQ9lJQAS',
'0012H00001bQ9UHQA0',
'0012H00001bQ6uIQAS',
'0012H00001bQ4T4QAK',
'0012H00001bQ3K1QAK',
'0012H00001bQ3K1QAK',
'0012H00001bQ2xgQAC',
'0012H00001bQ2o5QAC',
'0012H00001bQ2o5QAC',
'0012H00001bQ2QmQAK',
'0012H00001bQ2QmQAK',
'0012H00001bPvl4QAC',
'0012H00001bPvl4QAC',
'0012H00001bPvkpQAC',
'0012H00001bPvkpQAC',
'0012H00001bPvZDQA0',
'0012H00001bPvZDQA0',
'0012H00001bPvQaQAK',
'0012H00001bPuI1QAK',
'0012H00001bPq3SQAS',
'0012H00001bPq3SQAS',
'0012H00001bPoo7QAC',
'0012H00001bPoo7QAC',
'0012H00001bPoHXQA0',
'0012H00001bPksMQAS',
'0012H00001bPkjiQAC',
'0012H00001bPgIMQA0',
'0012H00001bPb96QAC',
'0012H00001bPXgdQAG',
'0012H00001bPXgdQAG',
'0012H00001bPWh1QAG',
'0012H00001bPWh1QAG',
'0012H00001bPUzaQAG',
'0012H00001bPQ1gQAG',
'0012H00001bPOpKQAW',
'0012H00001bPOM6QAO',
'0012H00001bPODQQA4',
'0012H00001bPLgrQAG',
'0012H00001bPLgrQAG',
'0012H00001bPL6zQAG',
'0012H00001bPG4DQAW',
'0012H00001bPG4DQAW',
'0012H00001bPCCqQAO',
'0012H00001bP9noQAC',
'0012H00001bP9YAQA0',
'0012H00001bP9FSQA0',
'0012H00001bP9FSQA0',
'0012H00001bP9FDQA0',
'0012H00001bP7o0QAC',
'0012H00001bP1CwQAK',
'0012H00001arJ2QQAU',
'0012H00001arIYLQA2',
'0012H00001arH6pQAE',
'0012H00001arH6pQAE',
'0012H00001arGw7QAE',
'0012H00001arF6xQAE',
'0012H00001arEIxQAM',
'0012H00001arAdmQAE',
'0012H00001arATNQA2',
'0012H00001arATNQA2',
'0012H00001ar9bfQAA',
'0012H00001ar8DDQAY',
'0012H00001ar8DDQAY',
'0012H00001ar3KcQAI',
'0012H00001ar38cQAA',
'0012H00001ar1ztQAA',
'0012H00001ar1wyQAA',
'0012H00001ar1wyQAA',
'0012H00001ar0QbQAI',
'0012H00001ar0QbQAI',
'0012H00001aqwKyQAI',
'0012H00001aqwKyQAI',
'0012H00001aquLQQAY',
'0012H00001aqtruQAA',
'0012H00001aqsMzQAI',
'0012H00001aqsMzQAI',
'0012H00001aqnMmQAI',
'0012H00001aqmPfQAI',
'0012H00001aqm57QAA',
'0012H00001aqm57QAA',
'0012H00001aqluOQAQ',
'0012H00001aqlVcQAI',
'0012H00001aql6rQAA',
'0012H00001aql6rQAA',
'0012H00001aql5oQAA',
'0012H00001aql2QQAQ',
'0012H00001aqk6HQAQ',
'0012H00001aqfKIQAY',
'0012H00001aqZPrQAM',
'0012H00001aqZD7QAM',
'0012H00001aqZD7QAM',
'0012H00001aqYVAQA2',
'0012H00001aqURFQA2',
'0012H00001aqUJeQAM',
'0012H00001aqTvmQAE',
'0012H00001aqTFRQA2',
'0012H00001aqSepQAE',
'0012H00001aqReZQAU',
'0012H00001aqPdeQAE',
'0012H00001aqDZ0QAM',
'0012H00001aqDBSQA2',
'0012H00001aqD9MQAU',
'0012H00001aqCsLQAU',
'0012H00001aqCrNQAU',
'0012H00001aqAQ4QAM',
'0012H00001aqA26QAE',
'0012H00001aqA26QAE',
'0012H00001aq7SkQAI',
'0012H00001aq6rPQAQ',
'0012H00001aq6rPQAQ',
'0012H00001aq6cyQAA',
'0012H00001aq2OmQAI',
'0012H00001aq2OmQAI',
'0012H00001apzGLQAY',
'0012H00001apyl3QAA',
'0012H00001apwt1QAA',
'0012H00001apwt1QAA',
'0012H00001apuI8QAI',
'0012H00001apsdJQAQ',
'0012H00001aprgZQAQ',
'0012H00001aprgZQAQ',
'0012H00001aprcmQAA',
'0012H00001aprIIQAY',
'0012H00001apqzzQAA',
'0012H00001appgmQAA',
'0012H00001appIaQAI',
'0012H00001appIaQAI',
'0012H00001apkXzQAI',
'0012H00001apkQAQAY',
'0012H00001apkIaQAI',
'0012H00001apjhfQAA',
'0012H00001apjefQAA',
'0012H00001apjefQAA',
'0012H00001apj5RQAQ',
'0012H00001apj4SQAQ',
'0012H00001apdVpQAI',
'0012H00001apdVpQAI',
'0012H00001apd7xQAA',
'0012H00001apd4FQAQ',
'0012H00001apd4FQAQ',
'0012H00001apccQQAQ',
'0012H00001apccQQAQ',
'0012H00001apbncQAA',
'0012H00001apUbmQAE',
'0012H00001apTp9QAE',
'0012H00001apTZaQAM',
'0012H00001apJYeQAM',
'0012H00001apGs7QAE',
'0012H00001apD7NQAU',
'0012H00001apD2rQAE',
'0012H00001apD2rQAE',
'0012H00001apCeQQAU',
'0012H00001ap9UmQAI',
'0012H00001ap4VbQAI',
'0012H00001ap4VbQAI',
'0012H00001ap4KDQAY',
'0012H00001ap4KDQAY',
'0012H00001ap48HQAQ',
'0012H00001ap3ZvQAI',
'0012H00001ap3SzQAI',
'0012H00001aozhvQAA',
'0012H00001aoyoMQAQ',
'0012H00001aoynyQAA',
'0012H00001aoy1tQAA',
'0012H00001aoy1tQAA',
'0012H00001aoy1PQAQ',
'0012H00001aoy1PQAQ',
'0012H00001aoxzYQAQ',
'0012H00001aoqcMQAQ',
'0012H00001aoqD2QAI',
'0012H00001aopoWQAQ',
'0012H00001aopoWQAQ',
'0012H00001aopJEQAY',
'0012H00001aokogQAA',
'0012H00001aokWXQAY',
'0012H00001aokWXQAY',
'0012H00001aojusQAA',
'0012H00001aoisgQAA',
'0012H00001aof5vQAA',
'0012H00001aoeyLQAQ',
'0012H00001aoeweQAA',
'0012H00001aodmYQAQ',
'0012H00001aoYTqQAM',
'0012H00001aoYPKQA2',
'0012H00001aoXjKQAU',
'0012H00001aoTUtQAM',
'0012H00001aoTUtQAM',
'0012H00001aoT9HQAU',
'0012H00001aoSklQAE',
'0012H00001aoScIQAU',
'0012H00001aoQzyQAE',
'0012H00001aoJlIQAU',
'0012H00001aoJlIQAU',
'0012H00001aoJhqQAE',
'0012H00001aoJhqQAE',
'0012H00001aoJA8QAM',
'0012H00001aoHojQAE',
'0012H00001aoEeZQAU',
'0012H00001aoEeZQAU',
'0012H00001aoDaXQAU',
'0012H00001aoDaXQAU',
'0012H00001aoDIDQA2',
'0012H00001aoDIDQA2',
'0012H00001aoCiFQAU',
'0012H00001aoCiFQAU',
'0012H00001aoBqgQAE',
'0012H00001aoBqgQAE',
'0012H00001aoBdmQAE',
'0012H00001aoAmIQAU',
'0012H00001ao84OQAQ',
'0012H00001ao6bpQAA',
'0012H00001ao6bpQAA',
'0012H00001ao66mQAA',
'0012H00001ao66mQAA',
'0012H00001ao39AQAQ',
'0012H00001ao39AQAQ',
'0012H00001ao1UFQAY',
'0012H00001ao1UFQAY',
'0012H00001ao1CCQAY',
'0012H00001ao1CCQAY',
'0012H00001anzWkQAI',
'0012H00001anzWkQAI',
'0012H00001anz48QAA',
'0012H00001ansOeQAI',
'0012H00001anroRQAQ',
'0012H00001anroRQAQ',
'0012H00001anrXuQAI',
'0012H00001anoiyQAA',
'0012H00001anoiyQAA',
'0012H00001anl37QAA',
'0012H00001aniZSQAY',
'0012H00001anhUqQAI',
'0012H00001anhUqQAI',
'0012H00001angmyQAA',
'0012H00001and7vQAA',
'0012H00001and7vQAA',
'0012H00001ancxHQAQ',
'0012H00001ancxHQAQ',
'0012H00001ancuXQAQ',
'0012H00001anbBqQAI',
'0012H00001anbBqQAI',
'0012H00001anaa6QAA',
'0012H00001anXTLQA2',
'0012H00001anWnGQAU',
'0012H00001anWnGQAU',
'0012H00001anW0cQAE',
'0012H00001anVjqQAE',
'0012H00001anVjqQAE',
'0012H00001anV2cQAE',
'0012H00001anUfJQAU',
'0012H00001anUfJQAU',
'0012H00001anTTqQAM',
'0012H00001anQ7DQAU',
'0012H00001anQ7DQAU',
'0012H00001anPpOQAU',
'0012H00001anPpOQAU',
'0012H00001anPceQAE',
'0012H00001anKnXQAU',
'0012H00001anKnXQAU',
'0012H00001anJurQAE',
'0012H00001anJurQAE',
'0012H00001anJsRQAU',
'0012H00001anJUjQAM',
'0012H00001anJRaQAM',
'0012H00001anJFyQAM',
'0012H00001anHlmQAE',
'0012H00001anDWdQAM',
'0012H00001anDWdQAM',
'0012H00001anCNGQA2',
'0012H00001anCM3QAM',
'0012H00001anCEdQAM',
'0012H00001anCEdQAM',
'0012H00001aglIiQAI',
'0012H00001agkWAQAY',
'0012H00001agkWAQAY',
'0012H00001agjUNQAY',
'0012H00001agjUNQAY',
'0012H00001aghZGQAY',
'0012H00001aghZGQAY',
'0012H00001agdWHQAY',
'0012H00001agdWHQAY',
'0012H00001agd4cQAA',
'0012H00001agd4cQAA',
'0012H00001agc2rQAA',
'0012H00001aga3dQAA',
'0012H00001agSRNQA2',
'0012H00001agSRNQA2',
'0012H00001agSRNQA2',
'0012H00001agS8fQAE',
'0012H00001agRkDQAU',
'0012H00001agReyQAE',
'0012H00001agRUtQAM',
'0012H00001agQiQQAU',
'0012H00001agQHyQAM',
'0012H00001agQHyQAM',
'0012H00001agPUEQA2',
'0012H00001agPUEQA2',
'0012H00001agM1rQAE',
'0012H00001agJMNQA2',
'0012H00001agJMNQA2',
'0012H00001agIz9QAE',
'0012H00001agHhvQAE',
'0012H00001agHaaQAE',
'0012H00001agH5xQAE',
'0012H00001agGxfQAE',
'0012H00001agBg8QAE',
'0012H00001agA7CQAU',
'0012H00001agA7CQAU',
'0012H00001agA1EQAU',
'0012H00001ag9f3QAA',
'0012H00001ag8s6QAA',
'0012H00001ag8h8QAA',
'0012H00001ag8h8QAA',
'0012H00001ag7LPQAY',
'0012H00001ag17AQAQ',
'0012H00001afzxEQAQ',
'0012H00001afzxEQAQ',
'0012H00001afy7fQAA',
'0012H00001afxtdQAA',
'0012H00001afwAhQAI',
'0012H00001afsZWQAY',
'0012H00001afq0NQAQ',
'0012H00001afq0NQAQ',
'0012H00001afpKHQAY',
'0012H00001afpJ4QAI',
'0012H00001afoW2QAI',
'0012H00001afo7wQAA',
'0012H00001aflxXQAQ',
'0012H00001afckIQAQ',
'0012H00001afckIQAQ',
'0012H00001afbu2QAA',
'0012H00001afbu2QAA',
'0012H00001afbPKQAY',
'0012H00001afbPKQAY',
'0012H00001afaBBQAY',
'0012H00001afa4jQAA',
'0012H00001afa4jQAA',
'0012H00001afZinQAE',
'0012H00001afZinQAE',
'0012H00001afZG6QAM',
'0012H00001afYk4QAE',
'0012H00001afT3DQAU',
'0012H00001afSijQAE',
'0012H00001afSijQAE',
'0012H00001afPC4QAM',
'0012H00001afPC4QAM',
'0012H00001afP95QAE',
'0012H00001afP95QAE',
'0012H00001afLFEQA2',
'0012H00001afJ4JQAU',
'0012H00001afGWyQAM',
'0012H00001afGOHQA2',
'0012H00001afF79QAE',
'0012H00001afEVoQAM',
'0012H00001af5BlQAI',
'0012H00001aex5nQAA',
'0012H00001aewuVQAQ',
'0012H00001aewlYQAQ',
'0012H00001aentMQAQ',
'0012H00001aeDWpQAM',
'0012H00001aeDWpQAM',
'0012H00001aeCbeQAE',
'0012H00001aeBulQAE',
'0012H00001aeBuLQAU',
'0012H00001aeAUWQA2',
'0012H00001ae7chQAA',
'0012H00001ae7chQAA',
'0012H00001ae6orQAA',
'0012H00001ae6orQAA',
'0012H00001ae4ylQAA',
'0012H00001ae1upQAA',
'0012H00001ae1aVQAQ',
'0012H00001ae1aVQAQ',
'0012H00001ae1TFQAY',
'0012H00001adzDVQAY',
'0012H00001adzDVQAY',
'0012H00001adz4NQAQ',
'0012H00001adykSQAQ',
'0012H00001adwHOQAY',
'0012H00001advXAQAY',
'0012H00001admQnQAI',
'0012H00001admKaQAI',
'0012H00001admKaQAI',
'0012H00001adhMbQAI',
'0012H00001adhMbQAI',
'0012H00001adgJWQAY',
'0012H00001adg9bQAA',
'0012H00001adg2aQAA',
'0012H00001adfImQAI',
'0012H00001addH3QAI',
'0012H00001addH3QAI',
'0012H00001adbuSQAQ',
'0012H00001adbuSQAQ',
'0012H00001adaIXQAY',
'0012H00001adZoNQAU',
'0012H00001adZoNQAU',
'0012H00001adVBcQAM',
'0012H00001adUhbQAE',
'0012H00001adUhbQAE',
'0012H00001adRyxQAE',
'0012H00001adOarQAE',
'0012H00001adNwcQAE',
'0012H00001adNwcQAE',
'0012H00001adNoxQAE',
'0012H00001adMaoQAE',
'0012H00001adLtGQAU',
'0012H00001adKI3QAM',
'0012H00001adGjwQAE',
'0012H00001adEchQAE',
'0012H00001adEchQAE',
'0012H00001adEGWQA2',
'0012H00001adEAxQAM',
'0012H00001adEAxQAM',
'0012H00001adCOiQAM',
'0012H00001adCOiQAM',
'0012H00001ad882QAA',
'0012H00001ad7jNQAQ',
'0012H00001ad7aeQAA',
'0012H00001ad7aeQAA',
'0012H00001ad778QAA',
'0012H00001ad778QAA',
'0012H00001ad3D7QAI',
'0012H00001ad1nDQAQ',
'0012H00001acwVbQAI',
'0012H00001acwQWQAY',
'0012H00001acwQWQAY',
'0012H00001acvq3QAA',
'0012H00001acvq3QAA',
'0012H00001acv6FQAQ',
'0012H00001acv6FQAQ',
'0012H00001acuErQAI',
'0012H00001acuErQAI',
'0012H00001acoB2QAI',
'0012H00001acnLkQAI',
'0012H00001acnLBQAY',
'0012H00001acmNQQAY',
'0012H00001acmNQQAY',
'0012H00001ackk3QAA',
'0012H00001acezxQAA',
'0012H00001accWnQAI',
'0012H00001accWnQAI',
'0012H00001acc5vQAA',
'0012H00001acc5vQAA',
'0012H00001acbepQAA',
'0012H00001acay0QAA',
'0012H00001acabaQAA',
'0012H00001acYVuQAM',
'0012H00001acXeCQAU',
'0012H00001acXeCQAU',
'0012H00001acXCIQA2',
'0012H00001acXCIQA2',
'0012H00001acVEqQAM',
'0012H00001acUZ4QAM',
'0012H00001acQwTQAU',
'0012H00001acPYUQA2',
'0012H00001acPYUQA2',
'0012H00001acOq8QAE',
'0012H00001acOq8QAE',
'0012H00001acOkFQAU',
'0012H00001acOMSQA2',
'0012H00001acO2vQAE',
'0012H00001acNUtQAM',
'0012H00001acMSSQA2',
'0012H00001acMSSQA2',
'0012H00001acKhlQAE',
'0012H00001acKhlQAE',
'0012H00001acKAJQA2',
'0012H00001acJUvQAM',
'0012H00001acJUvQAM',
'0012H00001acGp6QAE',
'0012H00001acB6vQAE',
'0012H00001acAjSQAU',
'0012H00001ac6dAQAQ',
'0012H00001ac5LoQAI',
'0012H00001ac3D9QAI',
'0012H00001ac2u7QAA',
'0012H00001ac2u7QAA',
'0012H00001aby8YQAQ',
'0012H00001abxnkQAA',
'0012H00001abxnkQAA',
'0012H00001abx9QQAQ',
'0012H00001abx9QQAQ',
'0012H00001abwU8QAI',
'0012H00001abw2nQAA',
'0012H00001abqFiQAI',
'0012H00001abqD8QAI',
'0012H00001aboxxQAA',
'0012H00001abo1UQAQ',
'0012H00001aFUGnQAO',
'0012H00001aFS0cQAG',
'0012H00001aFOzoQAG',
'0012H00001aFLZYQA4',
'0012H00001aFKpzQAG',
'0012H00001aFKpzQAG',
'0012H00001aFKpzQAG',
'0012H00001aFKZIQA4',
'0012H00001aFKRnQAO',
'0012H00001aFINAQA4',
'0012H00001aFHjUQAW',
'0012H00001aFHU5QAO',
'0012H00001aFHU5QAO',
'0012H00001aFHSEQA4',
'0012H00001aF7phQAC',
'0012H00001aF7QaQAK',
'0012H00001aF5tqQAC',
'0012H00001aF5oMQAS',
'0012H00001aF5TTQA0',
'0012H00001aF3AnQAK',
'0012H00001aF3AnQAK',
'0012H00001aEyuWQAS',
'0012H00001aEx40QAC',
'0012H00001aEwHhQAK',
'0012H00001aEm21QAC',
'0012H00001aEm21QAC',
'0012H00001aEluqQAC',
'0012H00001aEkVpQAK',
'0012H00001aEkTAQA0',
'0012H00001aEillQAC',
'0012H00001aEhhnQAC',
'0012H00001aEgjTQAS',
'0012H00001aEbulQAC',
'0012H00001aEbtsQAC',
'0012H00001aEazHQAS',
'0012H00001aEazHQAS',
'0012H00001aEanKQAS',
'0012H00001aEanKQAS',
'0012H00001aEZgrQAG',
'0012H00001aEZWnQAO',
'0012H00001aEZ6pQAG',
'0012H00001aETy2QAG',
'0012H00001aETatQAG',
'0012H00001aETKvQAO',
'0012H00001aETKvQAO',
'0012H00001aEOktQAG',
'0012H00001aEO6oQAG',
'0012H00001aEK3rQAG',
'0012H00001aEK3rQAG',
'0012H00001aEIVaQAO',
'0012H00001aEGVXQA4',
'0012H00001aEGVXQA4',
'0012H00001aEF88QAG',
'0012H00001aEF88QAG',
'0012H00001aEDYOQA4',
'0012H00001aE995QAC',
'0012H00001aE995QAC',
'0012H00001aE836QAC',
'0012H00001aE7xIQAS',
'0012H00001aE7drQAC',
'0012H00001aE7FLQA0',
'0012H00001aE6tZQAS',
'0012H00001aE6iRQAS',
'0012H00001aE4W0QAK',
'0012H00001aDu7zQAC',
'0012H00001aDu7zQAC',
'0012H00001aDscqQAC',
'0012H00001aDo6ZQAS',
'0012H00001aDo6ZQAS',
'0012H00001aDmvfQAC',
'0012H00001aDmmYQAS',
'0012H00001aDm8TQAS',
'0012H00001aDm89QAC',
'0012H00001aDm89QAC',
'0012H00001aDa3bQAC',
'0012H00001aDa3bQAC',
'0012H00001aDZkFQAW',
'0012H00001aDZkFQAW',
'0012H00001aDZKcQAO',
'0012H00001aDXiuQAG',
'0012H00001aDSO2QAO',
'0012H00001aDSKUQA4',
'0012H00001aDRBbQAO',
'0012H00001aDPXWQA4',
'0012H00001aDOD3QAO',
'0012H00001aDOD3QAO',
'0012H00001aDOCoQAO',
'0012H00001aDO9QQAW',
'0012H00001aDImIQAW',
'0012H00001aDImIQAW',
'0012H00001aDIL7QAO',
'0012H00001aDFvfQAG',
'0012H00001aDD3bQAG',
'0012H00001aDCuFQAW',
'0012H00001aDCuFQAW',
'0012H00001aDCjRQAW',
'0012H00001aDCdiQAG',
'0012H00001aDCdiQAG',
'0012H00001aD7j0QAC',
'0012H00001aD5rMQAS',
'0012H00001aD5MxQAK',
'0012H00001aD2gaQAC',
'0012H00001aD0cqQAC',
'0012H00001aCwySQAS',
'0012H00001aCqAvQAK',
'0012H00001aCp2WQAS',
'0012H00001aCnReQAK',
'0012H00001aCmxAQAS',
'0012H00001aCmxAQAS',
'0012H00001aCmWiQAK',
'0012H00001aCmJtQAK',
'0012H00001aCmJtQAK',
'0012H00001aCiGkQAK',
'0012H00001aCgMPQA0',
'0012H00001aCfDXQA0',
'0012H00001aCfDXQA0',
'0012H00001aCezzQAC',
'0012H00001aCezzQAC',
'0012H00001aCe7EQAS',
'0012H00001aCZ73QAG',
'0012H00001aCZ73QAG',
'0012H00001aCYdSQAW',
'0012H00001aCXZyQAO',
'0012H00001aCXZyQAO',
'0012H00001aCWmDQAW',
'0012H00001aCUxJQAW',
'0012H00001aCQT8QAO',
'0012H00001aCQR2QAO',
'0012H00001aCQR2QAO',
'0012H00001aCOHEQA4',
'0012H00001aCOHEQA4',
'0012H00001aCOGLQA4',
'0012H00001aCOGLQA4',
'0012H00001aCMQqQAO',
'0012H00001aCKw7QAG',
'0012H00001aCJhpQAG',
'0012H00001aCJcpQAG',
'0012H00001aCI5ZQAW',
'0012H00001aCCWHQA4',
'0012H00001aCC7lQAG',
'0012H00001aCC7lQAG',
'0012H00001aCC35QAG',
'0012H00001aCBv6QAG',
'0012H00001aCBv6QAG',
'0012H00001aCBoeQAG',
'0012H00001aCBoeQAG',
'0012H00001aCBi7QAG',
'0012H00001aCBKjQAO',
'0012H00001aC6GvQAK',
'0012H00001aC01HQAS',
'0012H00001aC01HQAS',
'0012H00001aBt2dQAC',
'0012H00001aBsGEQA0',
'0012H00001aBsGEQA0',
'0012H00001aBrU5QAK',
'0012H00001aBqLRQA0',
'0012H00001aBqLRQA0',
'0012H00001aBq0cQAC',
'0012H00001aBpktQAC',
'0012H00001aBldeQAC',
'0012H00001aBkzZQAS',
'0012H00001aBkzZQAS',
'0012H00001aBjzEQAS',
'0012H00001aBjzEQAS',
'0012H00001aBjsrQAC',
'0012H00001aBjlCQAS',
'0012H00001aBdGDQA0',
'0012H00001aBc3PQAS',
'0012H00001aBbQJQA0',
'0012H00001aBX6EQAW',
'0012H00001aBX6EQAW',
'0012H00001aBVq0QAG',
'0012H00001aBVq0QAG',
'0012H00001aBVb0QAG',
'0012H00001aBUmRQAW',
'0012H00001aBUQuQAO',
'0012H00001ZqNS2QAN',
'0012H00001ZqNS2QAN',
'0012H00001ZqMX6QAN',
'0012H00001ZqFfKQAV',
'0012H00001ZqFfKQAV',
'0012H00001ZqDNrQAN',
'0012H00001ZqDJuQAN',
'0012H00001ZqCycQAF',
'0012H00001ZqCycQAF',
'0012H00001ZqBcVQAV',
'0012H00001ZqBOrQAN',
'0012H00001ZqBOrQAN',
'0012H00001Zq5HlQAJ',
'0012H00001Zq5AuQAJ',
'0012H00001Zq5AuQAJ',
'0012H00001ZpxXeQAJ',
'0012H00001ZpxXeQAJ',
'0012H00001Zpx14QAB',
'0012H00001Zpx14QAB',
'0012H00001ZpvYuQAJ',
'0012H00001ZpuBzQAJ',
'0012H00001ZpoyEQAR',
'0012H00001ZpoyEQAR',
'0012H00001ZpmRXQAZ',
'0012H00001ZpmRXQAZ',
'0012H00001ZpmJxQAJ',
'0012H00001ZpeIPQAZ',
'0012H00001ZpeIPQAZ',
'0012H00001ZpeA6QAJ',
'0012H00001ZpZ3hQAF',
'0012H00001ZpZ3hQAF',
'0012H00001ZpY3vQAF',
'0012H00001ZpY3vQAF',
'0012H00001ZpWBhQAN',
'0012H00001ZpFiXQAV',
'0012H00001Zp8U8QAJ',
'0012H00001Zp7zFQAR',
'0012H00001Zp7zFQAR',
'0012H00001Zp7aeQAB',
'0012H00001Zp6UBQAZ',
'0012H00001Zp6UBQAZ',
'0012H00001ZozxeQAB',
'0012H00001ZozLkQAJ',
'0012H00001ZozLkQAJ',
'0012H00001ZowVzQAJ',
'0012H00001ZowJoQAJ',
'0012H00001ZouPtQAJ',
'0012H00001Zonv9QAB',
'0012H00001Zonv9QAB',
'0012H00001ZonfpQAB',
'0012H00001ZonOAQAZ',
'0012H00001ZonOAQAZ',
'0012H00001ZoiSAQAZ',
'0012H00001ZoiSAQAZ',
'0012H00001ZohqBQAR',
'0012H00001ZohqBQAR',
'0012H00001ZoglrQAB',
'0012H00001ZogPgQAJ',
'0012H00001ZogEsQAJ',
'0012H00001ZoGSsQAN',
'0012H00001ZoG05QAF',
'0012H00001Zo8KyQAJ',
'0012H00001Zo8KyQAJ',
'0012H00001Zo1PSQAZ',
'0012H00001Zo12sQAB',
'0012H00001Znv4qQAB',
'0012H00001ZnsXUQAZ',
'0012H00001ZnsXUQAZ',
'0012H00001ZnmI5QAJ',
'0012H00001ZnmI5QAJ',
'0012H00001Znl82QAB',
'0012H00001ZnUkEQAV',
'0012H00001ZnUkEQAV',
'0012H00001ZnR9vQAF',
'0012H00001ZnQiZQAV',
'0012H00001ZnQf1QAF',
'0012H00001ZnQf1QAF',
'0012H00001ZnQEKQA3',
'0012H00001ZnOjPQAV',
'0012H00001ZnOjPQAV',
'0012H00001ZnOiRQAV',
'0012H00001ZnOiRQAV',
'0012H00001ZnO4ZQAV',
'0012H00001ZnO4ZQAV',
'0012H00001ZnGgrQAF',
'0012H00001ZnGDYQA3',
'0012H00001ZnGDYQA3',
'0012H00001ZnDOTQA3',
'0012H00001Zn8LDQAZ',
'0012H00001Zn8LDQAZ',
'0012H00001Zn4qLQAR',
'0012H00001Zn4qLQAR',
'0012H00001ZmuvAQAR',
'0012H00001Zmp6mQAB',
'0012H00001Zmm7xQAB',
'0012H00001Zml4XQAR',
'0012H00001Zml4XQAR',
'0012H00001Zmkd7QAB',
'0012H00001Zmkd7QAB',
'0012H00001ZmiUWQAZ',
'0012H00001ZmiUWQAZ',
'0012H00001Zmi0tQAB',
'0012H00001ZmccDQAR',
'0012H00001ZmccDQAR',
'0012H00001ZmcIDQAZ',
'0012H00001ZmaXfQAJ',
'0012H00001ZmOd0QAF',
'0012H00001ZmNOnQAN',
'0012H00001ZmMfiQAF',
'0012H00001ZmMfiQAF',
'0012H00001ZmL53QAF',
'0012H00001ZmL3RQAV',
'0012H00001ZmL3RQAV',
'0012H00001ZmItrQAF',
'0012H00001ZmItrQAF',
'0012H00001ZmGncQAF',
'0012H00001ZmG1sQAF',
'0012H00001ZmG1sQAF',
'0012H00001ZmG1sQAF',
'0012H00001ZmEeEQAV',
'0012H00001ZmEeEQAV',
'0012H00001ZdmxNQAR',
'0012H00001ZdgivQAB',
'0012H00001ZdgivQAB',
'0012H00001Zdez6QAB',
'0012H00001ZdeymQAB',
'0012H00001ZdaKOQAZ',
'0012H00001ZdTobQAF',
'0012H00001ZdTobQAF',
'0012H00001ZdToMQAV',
'0012H00001ZdToMQAV',
'0012H00001ZdS4rQAF',
'0012H00001ZdQSqQAN',
'0012H00001ZdQSqQAN',
'0012H00001ZdQRxQAN',
'0012H00001ZdLLnQAN',
'0012H00001ZdLL4QAN',
'0012H00001ZdLHlQAN',
'0012H00001ZdLHlQAN',
'0012H00001ZdKdbQAF',
'0012H00001ZdJMZQA3',
'0012H00001ZZY2SQAX',
'0012H00001ZZWCtQAP',
'0012H00001ZZW6CQAX',
'0012H00001ZZPthQAH',
'0012H00001ZZNIsQAP',
'0012H00001ZZNF0QAP',
'0012H00001ZZMtiQAH',
'0012H00001ZZGPVQA5',
'0012H00001ZZ7rRQAT',
'0012H00001ZZ7BUQA1',
'0012H00001ZZ7BUQA1',
'0012H00001ZZ0K4QAL',
'0012H00001ZYvxJQAT',
'0012H00001ZYvxJQAT',
'0012H00001ZYuZLQA1',
'0012H00001ZYsg5QAD',
'0012H00001ZYsg5QAD',
'0012H00001ZYqt0QAD',
'0012H00001ZYqHbQAL',
'0012H00001ZYooSQAT',
'0012H00001ZYooSQAT',
'0012H00001ZYhEzQAL',
'0012H00001ZYhEzQAL',
'0012H00001ZYY0IQAX',
'0012H00001ZYY0IQAX',
'0012H00001ZYRwgQAH',
'0012H00001ZYRMYQA5',
'0012H00001ZYRMYQA5',
'0012H00001ZYLUCQA5',
'0012H00001ZYKJQQA5',
'0012H00001ZYK0KQAX',
'0012H00001ZYJHoQAP',
'0012H00001ZYA4AQAX',
'0012H00001ZY9hVQAT',
'0012H00001ZY9hVQAT',
'0012H00001ZXyfIQAT',
'0012H00001ZXtlLQAT',
'0012H00001ZXtHaQAL',
'0012H00001ZXtHaQAL',
'0012H00001ZXtF5QAL',
'0012H00001ZXrMCQA1',
'0012H00001ZXrMCQA1',
'0012H00001ZXmB7QAL',
'0012H00001ZXmB7QAL',
'0012H00001ZXXmrQAH',
'0012H00001ZXXmrQAH',
'0012H00001ZXX0EQAX',
'0012H00001ZXWpQQAX',
'0012H00001ZXVsOQAX',
'0012H00001ZXQ55QAH',
'0012H00001ZXQ55QAH',
'0012H00001ZXPvAQAX',
'0012H00001ZXPjxQAH',
'0012H00001ZXPjxQAH',
'0012H00001ZXOnoQAH',
'0012H00001ZXMSHQA5',
'0012H00001ZXIGRQA5',
'0012H00001ZXGACQA5',
'0012H00001ZXFsDQAX',
'0012H00001ZXFsDQAX',
'0012H00001ZXFnIQAX',
'0012H00001ZXFnIQAX',
'0012H00001ZXFWqQAP',
'0012H00001ZXFUzQAP',
'0012H00001ZX4YBQA1',
'0012H00001ZX4YBQA1',
'0012H00001ZX3noQAD',
'0012H00001ZWzL7QAL',
'0012H00001ZWnvHQAT',
'0012H00001ZWgYnQAL',
'0012H00001ZWYWcQAP',
'0012H00001ZWRvLQAX',
'0012H00001ZWKvmQAH',
'0012H00001ZWKvmQAH',
'0012H00001ZWDjfQAH',
'0012H00001ZWDjfQAH',
'0012H00001ZWBWdQAP',
'0012H00001ZWBOFQA5',
'0012H00001ZWAnJQAX',
'0012H00001ZWADfQAP',
'0012H00001ZWADfQAP',
'0012H00001ZW5MNQA1',
'0012H00001ZW5MNQA1',
'0012H00001ZW4gbQAD',
'0012H00001ZW4gbQAD',
'0012H00001ZW0G9QAL',
'0012H00001ZVqMIQA1',
'0012H00001ZVqMIQA1',
'0012H00001ZVqM6QAL',
'0012H00001ZVoh6QAD',
'0012H00001ZVoh6QAD',
'0012H00001ZViGvQAL',
'0012H00001ZViGvQAL',
'0012H00001ZVghxQAD',
'0012H00001ZVdCcQAL',
'0012H00001ZVdCcQAL',
'0012H00001ZVd52QAD',
'0012H00001ZVd52QAD',
'0012H00001ZVcjzQAD',
'0012H00001ZVcX0QAL',
'0012H00001ZVcX0QAL',
'0012H00001ZVaWoQAL',
'0012H00001ZVTi8QAH',
'0012H00001ZVTi8QAH',
'0012H00001ZVRt7QAH',
'0012H00001ZVRt7QAH',
'0012H00001ZVPPiQAP',
'0012H00001ZVPPiQAP',
'0012H00001ZVOqdQAH',
'0012H00001ZVLl1QAH',
'0012H00001ZVLl1QAH',
'0012H00001ZVL5UQAX',
'0012H00001ZVL5UQAX',
'0012H00001ZVL21QAH',
'0012H00001ZVL21QAH',
'0012H00001ZVKO6QAP',
'0012H00001ZVKO6QAP',
'0012H00001ZVFbbQAH',
'0012H00001ZVFIAQA5',
'0012H00001ZVAYUQA5',
'0012H00001ZVAYUQA5',
'0012H00001ZVA9RQAX',
'0012H00001ZV9P4QAL',
'0012H00001ZV9P4QAL',
'0012H00001ZV9ImQAL',
'0012H00001ZV9ImQAL',
'0012H00001ZV8MsQAL',
'0012H00001ZV3YNQA1',
'0012H00001ZV0gJQAT',
'0012H00001ZV0gJQAT',
'0012H00001ZV0gJQAT',
'0012H00001ZV0faQAD',
'0012H00001ZV0JoQAL',
'0012H00001ZUzyRQAT',
'0012H00001ZUxqVQAT',
'0012H00001ZUv4FQAT',
'0012H00001ZUv0cQAD',
'0012H00001ZUv0cQAD',
'0012H00001ZUtxXQAT',
'0012H00001ZUts3QAD',
'0012H00001ZUts3QAD',
'0012H00001ZUbNvQAL',
'0012H00001ZUaqrQAD',
'0012H00001ZUXUdQAP',
'0012H00001ZUXUdQAP',
'0012H00001ZUVaPQAX',
'0012H00001ZUVaPQAX',
'0012H00001ZUGlfQAH',
'0012H00001ZUDayQAH',
'0012H00001ZUDayQAH',
'0012H00001ZUDYOQA5',
'0012H00001ZUDYOQA5',
'0012H00001ZU8NLQA1',
'0012H00001ZU8NLQA1',
'0012H00001ZU8BoQAL',
'0012H00001ZU7rKQAT',
'0012H00001ZU7rKQAT',
'0012H00001ZU75VQAT',
'0012H00001ZU75VQAT',
'0012H00001ZU6AoQAL',
'0012H00001ZU6AoQAL',
'0012H00001ZTzBHQA1',
'0012H00001ZTzBHQA1',
'0012H00001ZTyf1QAD',
'0012H00001ZTqiFQAT',
'0012H00001ZTn7AQAT',
'0012H00001ZTn7AQAT',
'0012H00001ZTmVpQAL',
'0012H00001ZTli3QAD',
'0012H00001ZTli3QAD',
'0012H00001ZTlXyQAL',
'0012H00001ZTlXyQAL',
'0012H00001ZTlH2QAL',
'0012H00001ZTlH2QAL',
'0012H00001ZTcxoQAD',
'0012H00001ZTcGpQAL',
'0012H00001ZTcGpQAL',
'0012H00001ZTc3qQAD',
'0012H00001ZTbv8QAD',
'0012H00001ZTbv8QAD',
'0012H00001ZTWSjQAP',
'0012H00001ZTWSjQAP',
'0012H00001ZTWOvQAP',
'0012H00001ZTQt9QAH',
'0012H00001ZTQt9QAH',
'0012H00001ZTQfFQAX',
'0012H00001ZTQfFQAX',
'0012H00001ZTQ0dQAH',
'0012H00001ZTQ0dQAH',
'0012H00001ZTKiBQAX',
'0012H00001ZTKiBQAX',
'0012H00001ZTK2PQAX',
'0012H00001ZTJNqQAP',
'0012H00001ZTJNqQAP',
'0012H00001ZTIMhQAP',
'0012H00001ZTIMhQAP',
'0012H00001ZTIMcQAP',
'0012H00001ZTB9RQAX',
'0012H00001ZTB9RQAX',
'0012H00001ZT7xjQAD',
'0012H00001ZT7xjQAD',
'0012H00001ZT1ZlQAL',
'0012H00001ZSudRQAT',
'0012H00001ZStmrQAD',
'0012H00001ZShY0QAL',
'0012H00001ZShY0QAL',
'0012H00001ZSgPlQAL',
'0012H00001ZSfNZQA1',
'0012H00001ZSbo0QAD',
'0012H00001ZSXpEQAX',
'0012H00001ZSWLIQA5',
'0012H00001ZSWLIQA5',
'0012H00001ZSW0tQAH',
'0012H00001ZSW0tQAH',
'0012H00001ZSMrTQAX',
'0012H00001ZSMrTQAX',
'0012H00001ZSMkDQAX',
'0012H00001ZSMQJQA5',
'0012H00001ZSMQJQA5',
'0012H00001ZSJLyQAP',
'0012H00001ZSHkwQAH',
'0012H00001ZSHkwQAH',
'0012H00001ZSGvAQAX',
'0012H00001ZSGRKQA5',
'0012H00001ZSGOBQA5',
'0012H00001ZSGOBQA5',
'0012H00001ZSFqdQAH',
'0012H00001ZSFqdQAH',
'0012H00001ZSFXWQA5',
'0012H00001ZSFXWQA5',
'0012H00001ZSCJgQAP',
'0012H00001ZSCJgQAP',
'0012H00001ZSBa1QAH',
'0012H00001ZSBa1QAH',
'0012H00001ZSBNRQA5',
'0012H00001ZSBNRQA5',
'0012H00001ZSAU2QAP',
'0012H00001ZS3p0QAD',
'0012H00001ZS3p0QAD',
'0012H00001ZS3lrQAD',
'0012H00001ZRzlEQAT',
'0012H00001ZRzlEQAT',
'0012H00001ZRz6VQAT',
'0012H00001ZRz6VQAT',
'0012H00001ZRyniQAD',
'0012H00001ZRyniQAD',
'0012H00001ZRx1sQAD',
'0012H00001ZRptLQAT',
'0012H00001ZRielQAD',
'0012H00001ZRhDkQAL',
'0012H00001ZRdSOQA1',
'0012H00001ZRdSOQA1',
'0012H00001ZRcYfQAL',
'0012H00001ZRcYfQAL',
'0012H00001ZRbq4QAD',
'0012H00001ZRboXQAT',
'0012H00001ZRVprQAH',
'0012H00001ZRVprQAH',
'0012H00001ZRMeqQAH',
'0012H00001ZRMIQQA5',
'0012H00001ZRMIQQA5',
'0012H00001ZRLtkQAH',
'0012H00001ZRLSjQAP',
'0012H00001ZN0zNQAT',
'0012H00001ZN0oEQAT',
'0012H00001ZN0oEQAT',
'0012H00001ZN0eQQAT',
'0012H00001ZMuPpQAL',
'0012H00001ZMtVwQAL',
'0012H00001ZMtVwQAL',
'0012H00001ZMsW0QAL',
'0012H00001ZMrmbQAD',
'0012H00001ZMlvgQAD',
'0012H00001ZMlvgQAD',
'0012H00001ZMl1OQAT',
'0012H00001ZMfjlQAD',
'0012H00001ZMfjlQAD',
'0012H00001ZMew4QAD',
'0012H00001ZMew4QAD',
'0012H00001ZMdszQAD',
'0012H00001ZMbBeQAL',
'0012H00001ZMbBeQAL',
'0012H00001ZMZVNQA5',
'0012H00001ZMZVNQA5',
'0012H00001ZMZVNQA5',
'0012H00001ZMYxpQAH',
'0012H00001ZMYxpQAH',
'0012H00001ZMXn3QAH',
'0012H00001ZMXn3QAH',
'0012H00001ZMS0tQAH',
'0012H00001ZMS0tQAH',
'0012H00001ZMPBTQA5',
'0012H00001ZMMwRQAX',
'0012H00001ZMMwRQAX',
'0012H00001ZMEWKQA5',
'0012H00001ZMDbJQAX',
'0012H00001ZM79UQAT',
'0012H00001ZLys0QAD',
'0012H00001ZLyIoQAL',
'0012H00001ZLy0BQAT',
'0012H00001ZLw3gQAD',
'0012H00001ZLw3gQAD',
'0012H00001ZLvs9QAD',
'0012H00001ZLrTFQA1',
'0012H00001ZLrTFQA1',
'0012H00001ZLrT5QAL',
'0012H00001ZLrT0QAL',
'0012H00001ZLqMDQA1',
'0012H00001ZLqMDQA1',
'0012H00001ZLheYQAT',
'0012H00001ZLheYQAT',
'0012H00001ZLhWZQA1',
'0012H00001ZLhWZQA1',
'0012H00001ZLh1HQAT',
'0012H00001ZLgB6QAL',
'0012H00001ZLZnJQAX',
'0012H00001ZLZVAQA5',
'0012H00001ZLZ5AQAX',
'0012H00001ZLYQmQAP',
'0012H00001ZLXVuQAP',
'0012H00001ZLXVuQAP',
'0012H00001ZLTPYQA5',
'0012H00001ZLT9fQAH',
'0012H00001ZLT9fQAH',
'0012H00001ZLT0TQAX',
'0012H00001ZLT0TQAX',
'0012H00001ZLLWrQAP',
'0012H00001ZLKESQA5',
'0012H00001ZLJOqQAP',
'0012H00001ZLJ5PQAX',
'0012H00001ZLGiJQAX',
'0012H00001ZLGiJQAX',
'0012H00001ZLF9DQAX',
'0012H00001ZLF9DQAX',
'0012H00001ZL7dwQAD',
'0012H00001ZL7dwQAD',
'0012H00001ZL5sfQAD',
'0012H00001ZL5sfQAD',
'0012H00001ZL4EdQAL',
'0012H00001ZL4EdQAL',
'0012H00001ZL3LrQAL',
'0012H00001ZL3LrQAL',
'0012H00001ZKytXQAT',
'0012H00001ZKyn0QAD',
'0012H00001ZKyn0QAD',
'0012H00001ZKxuZQAT',
'0012H00001ZKsanQAD',
'0012H00001ZKsanQAD',
'0012H00001ZKs6tQAD',
'0012H00001ZKs6tQAD',
'0012H00001ZKretQAD',
'0012H00001ZKretQAD',
'0012H00001ZKqZmQAL',
'0012H00001ZKqZmQAL',
'0012H00001ZKpz0QAD',
'0012H00001ZKm0dQAD',
'0012H00001ZKm0dQAD',
'0012H00001ZKepNQAT',
'0012H00001ZKeR1QAL',
'0012H00001ZKeR1QAL',
'0012H00001ZKeR1QAL',
'0012H00001ZKeMBQA1',
'0012H00001ZKeMBQA1',
'0012H00001ZKdgtQAD',
'0012H00001ZKdgtQAD',
'0012H00001ZKdQZQA1',
'0012H00001ZKdO4QAL',
'0012H00001ZKdO4QAL',
'0012H00001ZKdDGQA1',
'0012H00001ZKVUAQA5',
'0012H00001ZKQroQAH',
'0012H00001ZKQroQAH',
'0012H00001ZKISoQAP',
'0012H00001ZKISoQAP',
'0012H00001ZKISiQAP',
'0012H00001ZKISiQAP',
'0012H00001ZKHdaQAH',
'0012H00001ZKBriQAH',
'0012H00001ZKBriQAH',
'0012H00001ZKARZQA5',
'0012H00001ZK4kQQAT',
'0012H00001ZK4kQQAT',
'0012H00001ZK4ZcQAL',
'0012H00001ZK4ZcQAL',
'0012H00001ZK4XMQA1',
'0012H00001ZK4XMQA1',
'0012H00001ZK3PHQA1',
'0012H00001ZK3PHQA1',
'0012H00001ZK37XQAT',
'0012H00001ZK37XQAT',
'0012H00001ZJxxrQAD',
'0012H00001ZJnmlQAD',
'0012H00001ZJnmlQAD',
'0012H00001ZJnfzQAD',
'0012H00001ZJnfzQAD',
'0012H00001ZJnSvQAL',
'0012H00001ZJnSvQAL',
'0012H00001ZJmsJQAT',
'0012H00001ZJmsJQAT',
'0012H00001ZJiUzQAL',
'0012H00001ZJiUzQAL',
'0012H00001ZJhMeQAL',
'0012H00001ZJhMeQAL',
'0012H00001ZJhE4QAL',
'0012H00001ZJetdQAD',
'0012H00001ZJecrQAD',
'0012H00001ZJeYkQAL',
'0012H00001ZJYYuQAP',
'0012H00001ZJXpaQAH',
'0012H00001ZJXpaQAH',
'0012H00001ZJSmtQAH',
'0012H00001ZJKZxQAP',
'0012H00001ZJGa3QAH',
'0012H00001ZJGa3QAH',
'0012H00001ZJEuvQAH',
'0012H00001ZJEuvQAH',
'0012H00001ZJEjdQAH',
'0012H00001ZJEQRQA5',
'0012H00001ZJ5NOQA1',
'0012H00001ZJ2EgQAL',
'0012H00001ZIvl4QAD',
'0012H00001ZIvl4QAD',
'0012H00001ZIu3NQAT',
'0012H00001ZItJoQAL',
'0012H00001Z9GhOQAV',
'0012H00001Z9FEQQA3',
'0012H00001Z9FBvQAN',
'0012H00001Z9C07QAF',
'0012H00001Z9C07QAF',
'0012H00001Z94uuQAB',
'0012H00001Z94kBQAR',
'0012H00001Z94kBQAR',
'0012H00001Z93UgQAJ',
'0012H00001Z93UgQAJ',
'0012H00001Z91AgQAJ',
'0012H00001Z91AgQAJ',
'0012H00001Z913pQAB',
'0012H00001Z8ydgQAB',
'0012H00001Z8yM1QAJ',
'0012H00001Z8yHfQAJ',
'0012H00001Z8yHfQAJ',
'0012H00001Z8x8kQAB',
'0012H00001Z8x8kQAB',
'0012H00001Z8wqRQAR',
'0012H00001Z8wqRQAR',
'0012H00001Z8uOjQAJ',
'0012H00001Z8uOjQAJ',
'0012H00001Z8rhDQAR',
'0012H00001Z8rhDQAR',
'0012H00001Z8rcJQAR',
'0012H00001Z8rcJQAR',
'0012H00001Z8rP4QAJ',
'0012H00001Z8rP4QAJ',
'0012H00001Z8qYcQAJ',
'0012H00001Z8qYcQAJ',
'0012H00001Z8oKbQAJ',
'0012H00001Z8oKbQAJ',
'0012H00001Z8oFHQAZ',
'0012H00001Z8n14QAB',
'0012H00001Z8m3oQAB',
'0012H00001Z8lcsQAB',
'0012H00001Z8lcsQAB',
'0012H00001Z8lBmQAJ',
'0012H00001Z8lBmQAJ',
'0012H00001Z8l1IQAR',
'0012H00001Z8kPdQAJ',
'0012H00001Z8kPdQAJ',
'0012H00001Z8jlsQAB',
'0012H00001Z8cJdQAJ',
'0012H00001Z8cJdQAJ',
'0012H00001Z8c3QQAR',
'0012H00001Z8c3QQAR',
'0012H00001Z8aFZQAZ',
'0012H00001Z8a9qQAB',
'0012H00001Z8a9qQAB',
'0012H00001Z8a9qQAB',
'0012H00001Z8YMsQAN',
'0012H00001Z8PopQAF',
'0012H00001Z8PopQAF',
'0012H00001Z8NGMQA3',
'0012H00001Z8NGMQA3',
'0012H00001Z8NFYQA3',
'0012H00001Z8MLBQA3',
'0012H00001Z8KmtQAF',
'0012H00001Z8KcjQAF',
'0012H00001Z8KcjQAF',
'0012H00001Z8IwxQAF',
'0012H00001Z8GjFQAV',
'0012H00001Z8GjFQAV',
'0012H00001Z8EcjQAF',
'0012H00001Z8EcjQAF',
'0012H00001Z8AceQAF',
'0012H00001Z8AblQAF',
'0012H00001Z87mRQAR',
'0012H00001Z87mRQAR',
'0012H00001Z87A9QAJ',
'0012H00001Z87A9QAJ',
'0012H00001Z82OJQAZ',
'0012H00001Z82OJQAZ',
'0012H00001Z7zmaQAB',
'0012H00001Z7v8cQAB',
'0012H00001Z7v8cQAB',
'0012H00001Z7tClQAJ',
'0012H00001Z7tClQAJ',
'0012H00001Z7rG8QAJ',
'0012H00001Z7q6zQAB',
'0012H00001Z7pOwQAJ',
'0012H00001Z7pJhQAJ',
'0012H00001Z7pJhQAJ',
'0012H00001Z7oc9QAB',
'0012H00001Z7oc9QAB',
'0012H00001Z7lqGQAR',
'0012H00001Z7lqGQAR',
'0012H00001Z7lmOQAR',
'0012H00001Z7lmOQAR',
'0012H00001Z7lmOQAR',
'0012H00001Z7lWfQAJ',
'0012H00001Z7lWfQAJ',
'0012H00001Z7jPVQAZ',
'0012H00001Z7jPVQAZ',
'0012H00001Z7j7XQAR',
'0012H00001Z7j7XQAR',
'0012H00001Z7h7UQAR',
'0012H00001Z7h7UQAR',
'0012H00001Z7eY6QAJ',
'0012H00001Z7eY6QAJ',
'0012H00001Z7dqnQAB',
'0012H00001Z7d0wQAB',
'0012H00001Z7bHeQAJ',
'0012H00001Z7aQBQAZ',
'0012H00001Z7a1VQAR',
'0012H00001Z7a1VQAR',
'0012H00001Z7ZpUQAV',
'0012H00001Z7ZpUQAV',
'0012H00001Z7ZkUQAV',
'0012H00001Z7ZZMQA3',
'0012H00001Z7XCWQA3',
'0012H00001Z7X5uQAF',
'0012H00001Z7X5uQAF',
'0012H00001Z7WBDQA3',
'0012H00001Z7VhmQAF',
'0012H00001Z7QnGQAV',
'0012H00001Z7QZxQAN',
'0012H00001Z7QZxQAN',
'0012H00001Z7QCeQAN',
'0012H00001Z7QCeQAN',
'0012H00001Z7Q1bQAF',
'0012H00001Z7PrgQAF',
'0012H00001Z7PrgQAF',
'0012H00001Z7Nq7QAF',
'0012H00001Z7Nq7QAF',
'0012H00001Z7Nj6QAF',
'0012H00001Z7Nj6QAF',
'0012H00001Z7MucQAF',
'0012H00001Z7MucQAF',
'0012H00001Z7MXYQA3',
'0012H00001Z7MXYQA3',
'0012H00001Z7Fu0QAF',
'0012H00001Z7FYOQA3',
'0012H00001Z7FYOQA3',
'0012H00001Z7FYOQA3',
'0012H00001Z7DObQAN',
'0012H00001Z7DObQAN',
'0012H00001Z7DObQAN',
'0012H00001Z7DHVQA3',
'0012H00001Z7BkaQAF',
'0012H00001Z79ExQAJ',
'0012H00001Z79ExQAJ',
'0012H00001Z79EOQAZ',
'0012H00001Z79EOQAZ',
'0012H00001Z78euQAB',
'0012H00001Z788ZQAR',
'0012H00001Z788ZQAR',
'0012H00001Z75FkQAJ',
'0012H00001Z75FkQAJ',
'0012H00001Z72t1QAB',
'0012H00001Z72t1QAB',
'0012H00001Z6zqbQAB',
'0012H00001Z6zjBQAR',
'0012H00001Z6zjBQAR',
'0012H00001Z6ygWQAR',
'0012H00001Z6ygWQAR',
'0012H00001Z6yXdQAJ',
'0012H00001Z6yXdQAJ',
'0012H00001Z6vTLQAZ',
'0012H00001Z6teuQAB',
'0012H00001Z6oY6QAJ',
'0012H00001Z6oY6QAJ',
'0012H00001Z6nROQAZ',
'0012H00001Z6nROQAZ',
'0012H00001Z6nQpQAJ',
'0012H00001Z6mQQQAZ',
'0012H00001Z6loaQAB',
'0012H00001Z6loaQAB',
'0012H00001Z6lhKQAR',
'0012H00001Z6lhKQAR',
'0012H00001Z6lJ8QAJ',
'0012H00001Z6lJ8QAJ',
'0012H00001Z6kdbQAB',
'0012H00001Z6kMkQAJ',
'0012H00001Z6kDdQAJ',
'0012H00001Z6jnpQAB',
'0012H00001Z6jnpQAB',
'0012H00001Z6iX7QAJ',
'0012H00001Z6hdYQAR',
'0012H00001Z6hdYQAR',
'0012H00001Z6hdEQAR',
'0012H00001Z6ewnQAB',
'0012H00001Z6eeZQAR',
'0012H00001Z6eeZQAR',
'0012H00001Z6eeZQAR',
'0012H00001Z6agbQAB',
'0012H00001Z6agbQAB',
'0012H00001Z6agbQAB',
'0012H00001Z6ZoeQAF',
'0012H00001Z6YVyQAN',
'0012H00001Z6YVyQAN',
'0012H00001Z6XG9QAN',
'0012H00001Z6UhjQAF',
'0012H00001Z6UhjQAF',
'0012H00001Z6UJmQAN',
'0012H00001Z6UJmQAN',
'0012H00001Z6S0TQAV',
'0012H00001Z6S0TQAV',
'0012H00001Z6Rd0QAF',
'0012H00001Z6PYzQAN',
'0012H00001Z6PVvQAN',
'0012H00001Z6PVvQAN',
'0012H00001Z6JycQAF',
'0012H00001Z6FksQAF',
'0012H00001Z6FjuQAF',
'0012H00001Z6FjuQAF',
'0012H00001Z6FjuQAF',
'0012H00001YjWHVQA3',
'0012H00001YjWHVQA3',
'0012H00001YjVuMQAV',
'0012H00001YjSqqQAF',
'0012H00001YjQKPQA3',
'0012H00001YjPWoQAN',
'0012H00001YjPMKQA3',
'0012H00001YjNa9QAF',
'0012H00001YjNa9QAF',
'0012H00001YjMbKQAV',
'0012H00001YjMW0QAN',
'0012H00001YjMW0QAN',
'0012H00001YjLsoQAF',
'0012H00001YjL5rQAF',
'0012H00001YjIa6QAF',
'0012H00001YjIQaQAN',
'0012H00001YjIQaQAN',
'0012H00001YjBMXQA3',
'0012H00001YjBMXQA3',
'0012H00001YjAWRQA3',
'0012H00001Yj3tgQAB',
'0012H00001Yj2jRQAR',
'0012H00001Yj2jRQAR',
'0012H00001Yj2i9QAB',
'0012H00001Yj1okQAB',
'0012H00001Yj1okQAB',
'0012H00001Yj1DPQAZ',
'0012H00001Yj1DPQAZ',
'0012H00001YizwgQAB',
'0012H00001YixRVQAZ',
'0012H00001YixRVQAZ',
'0012H00001YixDxQAJ',
'0012H00001Yix4HQAR',
'0012H00001YiumVQAR',
'0012H00001YiumVQAR',
'0012H00001Yiu6OQAR',
'0012H00001YisS8QAJ',
'0012H00001YisS8QAJ',
'0012H00001YirLPQAZ',
'0012H00001YirLPQAZ',
'0012H00001YiqmiQAB',
'0012H00001Yh3gBQAR',
'0012H00001Yh3gBQAR',
'0012H00001Yh07oQAB',
'0012H00001Yh07oQAB',
'0012H00001YgucvQAB',
'0012H00001YgucvQAB',
'0012H00001YguGVQAZ',
'0012H00001YguGVQAZ',
'0012H00001YguB6QAJ',
'0012H00001YguB6QAJ',
'0012H00001YgtnJQAR',
'0012H00001YgelhQAB',
'0012H00001YgdtkQAB',
'0012H00001YgdjBQAR',
'0012H00001YgdheQAB',
'0012H00001YgdheQAB',
'0012H00001YgdcPQAR',
'0012H00001YgdcPQAR',
'0012H00001YgdSjQAJ',
'0012H00001Ygd4hQAB',
'0012H00001Ygd4hQAB',
'0012H00001YgcM1QAJ',
'0012H00001YgY17QAF',
'0012H00001YgY17QAF',
'0012H00001YgXwCQAV',
'0012H00001YgWb3QAF',
'0012H00001YgWb3QAF',
'0012H00001YgWOxQAN',
'0012H00001YgWOxQAN',
'0012H00001YgSSbQAN',
'0012H00001YgSSbQAN',
'0012H00001YgRbDQAV',
'0012H00001YgLD5QAN',
'0012H00001YgLD5QAN',
'0012H00001YgJnUQAV',
'0012H00001YgJnUQAV',
'0012H00001Yg3zkQAB',
'0012H00001Yg1NwQAJ',
'0012H00001Yg1L7QAJ',
'0012H00001YfwMAQAZ',
'0012H00001YfrjPQAR',
'0012H00001YfrjPQAR',
'0012H00001YfpjzQAB',
'0012H00001YfpjzQAB',
'0012H00001Yfo89QAB',
'0012H00001Yfo89QAB',
'0012H00001YfmjrQAB',
'0012H00001YfmKwQAJ',
'0012H00001YfmKwQAJ',
'0012H00001YfmEeQAJ',
'0012H00001Yfm0hQAB',
'0012H00001Yfm0hQAB',
'0012H00001YflEiQAJ',
'0012H00001YflEiQAJ',
'0012H00001YfkAfQAJ',
'0012H00001YfguwQAB',
'0012H00001YfguwQAB',
'0012H00001YffLHQAZ',
'0012H00001YffDmQAJ',
'0012H00001YffDXQAZ',
'0012H00001YffDXQAZ',
'0012H00001Yfex5QAB',
'0012H00001Yfex5QAB',
'0012H00001YfbGsQAJ',
'0012H00001YfbGsQAJ',
'0012H00001YfZVyQAN',
'0012H00001YfZVyQAN',
'0012H00001YfZ4xQAF',
'0012H00001YfWThQAN',
'0012H00001YfWThQAN',
'0012H00001YfU1AQAV',
'0012H00001YfU1AQAV',
'0012H00001YfSiHQAV',
'0012H00001YfSiHQAV',
'0012H00001YfQ8tQAF',
'0012H00001YfQ8tQAF',
'0012H00001YfQ06QAF',
'0012H00001YfPluQAF',
'0012H00001YfPdWQAV',
'0012H00001YfMYSQA3',
'0012H00001YfL2jQAF',
'0012H00001YfL2jQAF',
'0012H00001YfIBgQAN',
'0012H00001YfIBgQAN',
'0012H00001YfHDqQAN',
'0012H00001YfH0wQAF',
'0012H00001YfH0wQAF',
'0012H00001YfGatQAF',
'0012H00001Yf7KwQAJ',
'0012H00001Yf5ddQAB',
'0012H00001Yf5TiQAJ',
'0012H00001Yf55RQAR',
'0012H00001Yf55RQAR',
'0012H00001Yf4lvQAB',
'0012H00001Yf3zcQAB',
'0012H00001Yf3bLQAR',
'0012H00001Yf3bLQAR',
'0012H00001YezHkQAJ',
'0012H00001Yez1XQAR',
'0012H00001Yez1XQAR',
'0012H00001YewPyQAJ',
'0012H00001YewPyQAJ',
'0012H00001YeuhOQAR',
'0012H00001YetBYQAZ',
'0012H00001YetBYQAZ',
'0012H00001YesRtQAJ',
'0012H00001YerySQAR',
'0012H00001Yena3QAB',
'0012H00001Yena3QAB',
'0012H00001YelvHQAR',
'0012H00001YelMgQAJ',
'0012H00001Yel3jQAB',
'0012H00001YehlgQAB',
'0012H00001YebMpQAJ',
'0012H00001Yea8XQAR',
'0012H00001Yea8XQAR',
'0012H00001YeZqXQAV',
'0012H00001YeZqXQAV',
'0012H00001YeY8QQAV',
'0012H00001YeWmiQAF',
'0012H00001YeWmiQAF',
'0012H00001YeWaSQAV',
'0012H00001YeW9lQAF',
'0012H00001YeVeiQAF',
'0012H00001YeVeiQAF',
'0012H00001YeVeOQAV',
'0012H00001YeVeOQAV',
'0012H00001YeVVvQAN',
'0012H00001YeVVvQAN',
'0012H00001YeTZHQA3',
'0012H00001YeTDkQAN',
'0012H00001YeTDkQAN',
'0012H00001YeS8oQAF',
'0012H00001YeQFqQAN',
'0012H00001YePYmQAN',
'0012H00001YePXZQA3',
'0012H00001YePXZQA3',
'0012H00001YeMaiQAF',
'0012H00001YeMaiQAF',
'0012H00001YeLzmQAF',
'0012H00001YeLcdQAF',
'0012H00001YeL8sQAF',
'0012H00001YeL8sQAF',
'0012H00001YeFubQAF',
'0012H00001YeFubQAF',
'0012H00001YeFqAQAV',
'0012H00001YeFqAQAV',
'0012H00001YeFM0QAN',
'0012H00001YeFM0QAN',
'0012H00001YeFG7QAN',
'0012H00001Ye6qZQAR',
'0012H00001Ye5UXQAZ',
'0012H00001Ye5UXQAZ',
'0012H00001Ye30pQAB',
'0012H00001Ydzm4QAB',
'0012H00001YdzCuQAJ',
'0012H00001YdzCuQAJ',
'0012H00001YUTDAQA5',
'0012H00001YURzRQAX',
'0012H00001YURNDQA5',
'0012H00001YUQLeQAP',
'0012H00001YUQLeQAP',
'0012H00001YUPd8QAH',
'0012H00001YUNKxQAP',
'0012H00001YUNEpQAP',
'0012H00001YULmzQAH',
'0012H00001YULgDQAX',
'0012H00001YULgDQAX',
'0012H00001YULP7QAP',
'0012H00001YUJtpQAH',
'0012H00001YUJVxQAP',
'0012H00001YUJVxQAP',
'0012H00001YUJAuQAP',
'0012H00001YUJAuQAP',
'0012H00001YUIfrQAH',
'0012H00001YUIfrQAH',
'0012H00001YUIGIQA5',
'0012H00001YUHq0QAH',
'0012H00001YUHq0QAH',
'0012H00001YUBwQQAX',
'0012H00001YUBXyQAP',
'0012H00001YUBC2QAP',
'0012H00001YUAcnQAH',
'0012H00001YU9uCQAT',
'0012H00001X4KG1QAN',
'0012H00001X4Jg3QAF',
'0012H00001X4Jf5QAF',
'0012H00001X4IyFQAV',
'0012H00001X4IyFQAV',
'0012H00001X4IIXQA3',
'0012H00001X4IIXQA3',
'0012H00001X4GeEQAV',
'0012H00001X4GQcQAN',
'0012H00001X4FxfQAF',
'0012H00001X4FrXQAV',
'0012H00001X4FCKQA3',
'0012H00001X4C3kQAF',
'0012H00001X4BCMQA3',
'0012H00001X4BCMQA3',
'0012H00001X4BAaQAN',
'0012H00001X4BAaQAN',
'0012H00001X4720QAB',
'0012H00001X4720QAB',
'0012H00001X46kVQAR',
'0012H00001X46kVQAR',
'0012H00001X46kVQAR',
'0012H00001X464jQAB',
'0012H00001X44VOQAZ',
'0012H00001X4397QAB',
'0012H00001X4397QAB',
'0012H00001X41wIQAR',
'0012H00001X41p7QAB',
'0012H00001X41p7QAB',
'0012H00001X41ccQAB',
'0012H00001X40ycQAB'